"# dyn mode=frozen d=0 [0,0] route_mask=free lam_hot=0.60 ch=3 seed=2 eps=1500 ue=25"
episode,reward,success,fail,arrived,route_rate,cond_route_rate,top_share,load_std
1,-10.576,17,19,41,0.878,1.0,0.389,9.38
2,98.886,28,9,38,0.868,1.0,0.242,5.88
3,1.381,20,20,43,0.93,1.0,0.325,7.52
4,-86.261,15,32,48,0.792,0.923,0.289,12.06
5,-68.074,13,26,49,0.776,0.75,0.237,10.13
6,-35.15,15,22,41,0.805,1.0,0.303,9.25
7,-24.413,13,18,35,0.943,1.0,0.273,8.27
8,-25.562,14,19,38,0.842,1.0,0.281,7.84
9,35.761,23,16,42,0.762,0.571,0.312,8.72
10,-27.145,16,21,42,0.857,0.667,0.361,7.5
11,-42.173,22,30,55,0.927,0.882,0.275,9.64
12,-91.047,6,24,35,0.886,1.0,0.29,9.07
13,-70.258,14,28,44,0.909,0.929,0.35,10.02
14,50.967,19,9,36,0.889,0.5,0.312,8.8
15,-76.522,13,28,44,0.818,0.75,0.389,9.63
16,42.765,19,11,34,0.765,0.0,0.269,5.69
17,-51.078,15,25,46,0.913,0.75,0.31,8.75
18,-46.186,12,21,38,0.763,0.786,0.241,10.99
19,32.808,27,21,50,0.82,1.0,0.341,6.26
20,-14.603,19,22,47,0.872,0.625,0.244,12.55
21,-90.959,14,32,54,0.796,0.786,0.326,10.32
22,-19.175,15,19,36,0.833,0.5,0.433,10.04
23,27.441,21,16,41,0.854,1.0,0.486,7.09
24,-35.587,15,22,40,0.725,0.667,0.31,9.48
25,-3.021,20,21,46,0.913,0.857,0.262,8.27
26,-77.543,15,30,48,0.875,0.929,0.262,8.31
27,-44.978,20,29,53,0.849,0.8,0.289,10.83
28,-13.767,16,19,37,0.865,0.833,0.406,9.65
29,-86.668,15,32,49,0.796,0.895,0.462,10.51
30,-5.655,18,19,39,0.897,0.923,0.314,9.01
31,-65.652,12,25,40,0.825,0.75,0.333,9.82
32,-45.726,13,22,38,0.974,1.0,0.324,12.05
33,-45.274,12,21,38,0.816,0.8,0.355,14.14
34,-91.579,15,33,51,0.784,0.762,0.25,10.93
35,-46.154,19,28,50,0.84,0.933,0.31,8.3
36,-86.026,17,34,55,0.855,1.0,0.383,9.67
37,-24.126,17,22,42,0.81,1.0,0.265,8.47
38,53.054,21,11,34,0.765,1.0,0.269,4.97
39,21.452,22,18,42,0.786,1.0,0.333,8.85
40,49.495,24,15,44,0.864,0.667,0.316,9.51
41,2.191,15,15,31,0.742,0.5,0.435,6.35
42,-41.985,12,20,39,0.923,1.0,0.306,7.02
43,-34.403,18,25,43,0.907,0.917,0.308,12.16
44,-24.877,15,20,38,0.868,1.0,0.394,9.53
45,-14.254,15,18,36,0.861,0.0,0.258,8.67
46,42.081,24,16,42,0.952,0.875,0.375,7.16
47,-147.093,7,36,46,0.696,0.682,0.281,14.18
48,-50.217,10,20,33,0.788,0.5,0.346,12.2
49,40.456,17,9,30,0.833,1.0,0.28,8.02
50,-76.037,9,24,36,0.833,0.625,0.267,9.34
51,-39.227,12,20,38,0.842,1.0,0.281,8.47
52,-25.224,19,24,43,0.86,0.8,0.324,7.35
53,-101.313,14,34,50,0.86,0.875,0.279,9.17
54,-91.378,10,28,44,0.909,1.0,0.35,13.11
55,-40.066,18,26,46,0.783,0.833,0.306,9.6
56,-10.582,17,19,38,0.842,0.909,0.281,10.53
57,2.39,18,18,40,0.85,0.8,0.382,8.47
58,-87.421,7,24,34,0.765,0.556,0.346,10.82
59,-65.995,14,27,46,0.826,0.875,0.316,10.39
60,-81.859,10,26,38,0.895,1.0,0.353,10.87
61,13.228,21,19,43,0.907,0.8,0.256,7.36
62,-30.153,17,23,44,0.864,0.714,0.316,7.89
63,-78.742,12,28,42,0.905,0.667,0.289,10.74
64,-13.782,20,23,47,0.787,0.846,0.297,9.76
65,20.707,24,20,48,0.75,0.8,0.278,5.7
66,-44.465,13,22,39,0.897,0.875,0.257,8.65
67,-90.41,12,30,47,0.957,1.0,0.289,10.08
68,62.037,29,17,52,0.788,0.6,0.268,9.8
69,93.271,22,4,30,0.733,0.5,0.318,6.29
70,-76.808,17,32,52,0.865,0.938,0.267,17.21
71,-10.1,18,20,39,0.795,0.75,0.258,7.83
72,-87.659,11,28,43,0.884,0.75,0.316,13.6
73,-14.359,16,19,39,0.923,1.0,0.444,9.37
74,30.925,18,12,31,0.839,1.0,0.346,6.56
75,-14.433,18,21,40,0.85,1.0,0.353,8.21
76,-61.315,15,27,45,0.844,0.8,0.316,14.79
77,-13.299,17,20,41,0.829,0.667,0.265,6.43
78,-29.46,15,21,41,0.878,1.0,0.278,8.52
79,-75.452,11,26,43,0.814,0.9,0.286,14.33
80,32.835,18,12,33,0.667,0.2,0.409,6.3
81,-14.811,18,21,39,0.923,1.0,0.306,7.58
82,-67.839,20,33,57,0.86,0.917,0.286,6.98
83,-79.979,13,29,45,0.844,1.0,0.342,13.7
84,-49.473,15,25,42,0.857,1.0,0.389,10.26
85,-117.475,8,31,44,0.818,0.727,0.389,15.12
86,1.811,19,19,42,0.786,0.625,0.333,10.79
87,12.92,17,15,33,0.939,1.0,0.387,4.06
88,34.255,23,17,41,0.829,1.0,0.294,5.57
89,-55.505,12,23,40,0.85,1.0,0.294,8.67
90,-77.341,20,35,58,0.776,0.783,0.378,9.99
91,-4.316,16,17,37,0.838,0.5,0.419,5.06
92,-60.103,16,28,49,0.837,0.667,0.317,11.35
93,-3.629,15,16,36,0.722,1.0,0.346,8.76
94,13.915,21,18,41,0.829,0.6,0.324,7.49
95,-34.102,15,22,37,0.865,1.0,0.344,6.46
96,-71.14,17,31,53,0.811,0.765,0.302,13.46
97,0.145,20,20,44,0.795,1.0,0.486,11.08
98,-76.466,14,29,46,0.891,0.857,0.317,9.45
99,-87.216,14,31,48,0.917,0.889,0.318,8.66
100,-112.081,13,35,49,0.857,0.812,0.405,15.06
101,-39.23,15,23,41,0.951,1.0,0.333,8.84
102,-28.739,16,22,44,0.795,0.643,0.343,12.78
103,10.864,22,20,45,0.844,1.0,0.289,11.05
104,-68.86,18,31,54,0.796,0.81,0.372,13.64
105,40.635,21,13,38,0.763,0.4,0.414,9.34
106,10.573,18,16,36,0.806,1.0,0.276,8.79
107,-5.446,23,24,47,0.66,0.583,0.323,10.97
108,37.525,22,15,39,0.872,0.857,0.294,8.31
109,-9.171,21,23,45,0.844,0.75,0.368,7.77
110,-50.65,12,22,36,0.889,0.667,0.312,6.91
111,-14.672,20,23,48,0.854,1.0,0.317,7.74
112,-9.523,21,23,50,0.76,0.643,0.5,11.42
113,-29.987,17,23,43,0.791,1.0,0.265,9.89
114,45.119,23,14,40,0.825,1.0,0.333,7.54
115,-87.865,9,26,41,0.902,0.917,0.432,12.39
116,27.008,23,18,43,0.907,0.0,0.256,8.87
117,-70.759,16,30,51,0.902,1.0,0.261,12.23
118,16.365,17,14,33,0.909,1.0,0.333,5.37
119,-35.339,17,24,41,0.854,0.833,0.314,8.17
120,-64.717,16,29,49,0.796,0.818,0.308,10.72
121,-0.117,20,20,43,0.86,1.0,0.378,10.76
122,-36.056,18,25,49,0.837,0.714,0.317,6.7
123,-20.753,13,17,34,0.735,1.0,0.28,7.62
124,-18.429,17,21,40,0.9,1.0,0.25,8.81
125,56.598,24,13,39,0.821,0.9,0.25,4.5
126,-2.422,17,17,39,0.872,0.667,0.324,8.65
127,6.552,21,20,45,0.867,0.857,0.462,8.53
128,31.808,23,17,41,0.854,1.0,0.314,6.6
129,-19.32,19,23,47,0.787,0.889,0.27,9.66
130,-60.695,13,25,43,0.884,0.938,0.316,12.63
131,-19.992,22,26,51,0.843,0.75,0.442,10.39
132,9.906,22,20,43,0.86,0.9,0.243,5.08
133,-83.059,16,32,51,0.784,0.833,0.275,11.72
134,40.929,16,8,27,0.963,1.0,0.308,8.05
135,19.993,22,18,42,0.929,1.0,0.333,7.2
136,-60.992,17,29,49,0.878,0.938,0.302,13.99
137,-61.787,14,26,41,0.829,0.667,0.353,12.51
138,-12.628,17,20,37,0.757,1.0,0.321,8.31
139,-71.254,14,28,45,0.844,0.833,0.421,13.47
140,-122.899,12,36,51,0.843,0.905,0.349,12.4
141,-49.562,13,23,37,0.865,0.875,0.375,9.21
142,26.872,20,15,39,0.846,0.0,0.273,6.98
143,-82.483,9,25,43,0.837,1.0,0.306,13.8
144,-19.607,15,19,41,0.854,0.0,0.343,12.34
145,-60.887,14,26,41,0.756,0.75,0.452,9.31
146,-15.08,19,22,43,0.884,0.0,0.263,7.52
147,62.55,27,15,43,0.86,0.8,0.297,7.57
148,15.196,20,17,40,0.825,0.636,0.303,7.86
149,16.732,15,12,31,0.839,0.6,0.346,7.95
150,72.711,26,12,42,0.857,0.9,0.306,9.53
151,-13.59,19,22,44,0.841,0.833,0.324,12.16
152,7.529,13,12,27,0.815,0.0,0.409,7.7
153,-91.195,17,35,54,0.815,0.833,0.318,10.91
154,56.82,25,14,40,0.875,0.75,0.257,7.77
155,-4.828,18,19,41,0.951,1.0,0.308,9.43
156,-109.632,11,32,52,0.904,1.0,0.404,11.41
157,-3.719,20,21,43,0.884,1.0,0.263,8.28
158,14.444,27,24,59,0.814,0.692,0.25,6.66
159,14.231,16,13,35,0.829,0.8,0.345,8.94
160,11.265,21,19,44,0.932,0.75,0.317,7.35
161,41.346,23,15,41,0.902,1.0,0.297,5.87
162,15.294,18,15,37,0.838,0.6,0.29,10.98
163,-9.69,18,20,41,0.805,0.9,0.333,10.49
164,6.318,18,17,39,0.795,0.857,0.258,7.97
165,-64.001,17,30,49,0.878,1.0,0.256,10.71
166,-4.294,16,17,36,0.889,1.0,0.25,8.12
167,20.324,21,17,41,0.878,1.0,0.222,10.45
168,86.42,29,12,48,0.896,1.0,0.302,7.95
169,-8.656,20,22,44,0.841,0.909,0.27,11.91
170,-25.44,17,22,42,0.929,1.0,0.359,9.98
171,9.182,16,14,34,0.794,0.667,0.296,5.61
172,-4.684,19,20,46,0.848,0.8,0.308,9.9
173,-25.575,16,21,41,0.927,0.75,0.237,10.51
174,17.036,20,17,37,0.757,0.857,0.357,10.14
175,-63.733,16,29,47,0.894,1.0,0.262,9.61
176,37.3,20,13,35,0.857,1.0,0.333,6.82
177,64.0,23,11,36,0.833,0.667,0.333,8.58
178,5.727,17,16,34,0.824,1.0,0.25,8.67
179,-30.994,15,21,40,0.875,1.0,0.371,11.05
180,-85.959,8,25,36,0.917,0.833,0.364,10.84
181,-24.769,17,22,41,0.756,0.778,0.258,11.01
182,30.98,20,14,38,0.842,0.778,0.25,9.48
183,3.814,24,23,48,0.833,0.889,0.325,6.62
184,-56.623,15,26,42,0.881,0.833,0.405,12.29
185,12.065,16,14,32,0.844,1.0,0.37,5.53
186,11.359,22,20,42,0.786,1.0,0.364,7.5
187,0.644,16,16,34,0.853,0.0,0.241,8.05
188,2.972,20,20,40,0.825,1.0,0.333,9.28
189,-5.054,20,21,45,0.756,0.727,0.294,7.07
190,-17.891,17,21,42,0.762,0.75,0.344,8.37
191,16.518,19,16,37,0.865,0.889,0.25,6.68
192,-0.349,15,15,33,0.818,1.0,0.259,6.71
193,-98.061,17,36,57,0.825,0.778,0.234,15.93
194,-13.523,15,18,37,0.811,0.667,0.267,9.73
195,-28.134,10,16,30,0.833,0.5,0.32,9.79
196,48.687,21,12,35,0.8,1.0,0.286,7.9
197,48.077,22,13,37,0.865,0.0,0.312,6.14
198,-66.025,14,27,44,0.795,0.909,0.4,10.61
199,-118.313,10,33,49,0.918,1.0,0.267,9.38
200,17.836,22,19,44,0.818,0.786,0.306,12.63
201,-50.978,18,28,49,0.837,0.909,0.317,14.42
202,52.182,25,15,43,0.86,1.0,0.324,8.25
203,-66.286,6,19,30,0.933,1.0,0.393,8.7
204,-12.677,18,20,43,0.93,1.0,0.325,8.0
205,22.834,22,18,43,0.814,1.0,0.229,7.36
206,31.075,19,13,35,0.771,0.333,0.481,5.95
207,-23.334,15,20,37,0.892,0.875,0.394,11.3
208,-15.689,18,21,41,0.756,0.769,0.29,9.08
209,5.447,19,18,39,0.846,1.0,0.364,8.17
210,-28.043,19,25,48,0.708,0.625,0.294,11.52
211,-16.045,15,18,38,0.763,0.909,0.345,10.22
212,-67.362,18,31,52,0.962,0.889,0.34,8.13
213,-47.012,22,31,55,0.782,0.81,0.372,12.97
214,11.558,19,17,39,0.821,0.857,0.344,9.26
215,-4.069,18,19,40,0.775,1.0,0.323,8.27
216,70.988,25,11,39,0.846,1.0,0.303,7.37
217,-6.782,25,26,57,0.807,0.765,0.283,12.33
218,7.513,21,20,43,0.86,1.0,0.243,7.66
219,-62.241,17,29,51,0.863,0.933,0.295,11.93
220,-45.194,16,25,44,0.841,0.818,0.324,9.99
221,-25.037,16,21,38,0.895,1.0,0.265,13.21
222,-86.9,13,30,50,0.92,0.833,0.326,8.62
223,-24.112,18,23,44,0.932,1.0,0.341,10.34
224,-34.499,15,22,38,0.816,0.75,0.355,10.57
225,-58.228,15,26,45,0.8,0.8,0.278,10.33
226,-4.43,19,20,41,0.829,1.0,0.324,9.89
227,30.656,23,17,41,0.878,1.0,0.333,7.18
228,19.598,20,16,41,0.878,0.929,0.25,8.08
229,-1.267,17,17,37,0.811,0.571,0.3,9.07
230,-133.063,11,37,55,0.855,0.952,0.298,17.84
231,-3.972,21,22,50,0.82,0.667,0.268,11.52
232,4.113,18,17,39,0.897,1.0,0.429,5.82
233,-40.063,16,24,44,0.886,1.0,0.282,8.53
234,-42.542,13,21,42,0.881,0.889,0.405,12.95
235,-35.36,12,19,35,0.886,0.778,0.323,10.47
236,-19.415,24,28,55,0.727,0.667,0.325,7.88
237,-89.841,13,30,46,0.783,0.8,0.361,12.41
238,18.486,19,16,39,0.846,0.8,0.273,7.44
239,-16.17,16,19,35,0.829,0.667,0.31,7.61
240,-113.22,13,35,51,0.843,0.75,0.302,13.0
241,-9.782,14,16,36,0.722,0.556,0.538,13.09
242,12.817,20,18,39,0.821,1.0,0.312,7.05
243,-112.045,13,35,48,0.875,0.909,0.381,15.47
244,0.737,18,18,41,0.78,0.833,0.344,11.46
245,83.598,27,11,40,0.925,1.0,0.378,5.88
246,-23.047,19,24,43,0.791,0.769,0.294,10.68
247,21.808,22,18,43,0.86,0.8,0.297,9.71
248,-14.55,20,23,45,0.756,0.733,0.324,11.3
249,41.445,21,13,35,0.943,1.0,0.333,5.83
250,36.797,17,10,29,0.793,1.0,0.391,4.67
251,104.395,27,7,37,0.811,1.0,0.3,6.05
252,25.382,24,19,45,0.756,1.0,0.294,7.7
253,30.616,24,18,46,0.935,1.0,0.326,11.0
254,-19.09,19,23,46,0.739,0.75,0.265,11.38
255,-35.254,18,25,49,0.898,0.941,0.318,11.26
256,-9.075,25,27,54,0.778,0.737,0.286,9.35
257,-44.777,17,26,44,0.795,0.667,0.286,10.63
258,-5.538,24,25,54,0.852,1.0,0.261,8.76
259,21.275,23,19,47,0.872,0.6,0.317,8.03
260,6.412,17,16,42,0.81,0.8,0.412,8.19
261,-50.096,18,28,54,0.87,0.727,0.34,13.71
262,-9.402,17,19,39,0.769,0.727,0.233,7.26
263,16.862,16,13,36,0.861,0.667,0.355,9.74
264,22.051,21,17,40,0.85,0.846,0.294,9.97
265,-107.927,8,29,44,0.727,0.684,0.312,12.71
266,-14.312,22,25,50,0.82,1.0,0.415,10.19
267,-0.117,20,20,40,0.775,0.714,0.258,8.67
268,21.075,22,18,42,0.952,0.938,0.325,7.09
269,54.319,26,15,44,0.955,1.0,0.405,6.19
270,20.927,23,19,43,0.814,1.0,0.314,7.1
271,-61.839,14,26,42,0.81,0.875,0.382,13.51
272,-34.409,15,22,40,0.8,0.4,0.281,10.1
273,-0.596,15,15,34,0.765,0.75,0.308,9.37
274,-25.96,17,22,41,0.854,1.0,0.343,8.64
275,77.199,26,11,38,0.816,1.0,0.226,6.28
276,-41.279,14,22,39,0.795,1.0,0.484,8.09
277,-25.702,15,20,41,0.829,1.0,0.294,9.0
278,-25.533,17,22,42,0.833,0.875,0.343,10.11
279,1.0,16,16,34,0.824,0.0,0.357,7.22
280,14.551,25,22,53,0.849,0.75,0.356,8.75
281,-119.471,16,39,58,0.845,0.778,0.367,11.34
282,-41.666,17,25,45,0.867,1.0,0.308,9.64
283,-36.097,19,26,47,0.809,0.857,0.263,11.53
284,75.624,21,7,28,0.714,0.0,0.25,5.18
285,-35.155,16,23,42,0.881,0.5,0.324,8.83
286,66.81,25,12,40,0.875,1.0,0.286,7.44
287,4.86,20,19,44,0.886,1.0,0.256,7.62
288,-50.669,14,24,42,0.81,0.75,0.265,7.35
289,73.218,23,9,34,0.882,1.0,0.367,7.19
290,5.601,22,21,44,0.864,0.9,0.263,9.01
291,-19.128,14,18,36,0.778,1.0,0.321,9.36
292,-65.293,10,23,38,0.763,0.7,0.276,9.03
293,-41.62,17,25,43,0.744,0.8,0.344,9.73
294,-43.865,17,26,44,0.886,0.857,0.385,8.86
295,-117.34,10,33,46,0.804,0.9,0.378,12.25
296,9.242,23,21,49,0.816,0.833,0.325,10.09
297,67.402,25,12,38,0.868,0.9,0.333,6.45
298,5.27,19,18,38,0.868,1.0,0.424,10.35
299,-97.635,15,34,51,0.882,0.833,0.244,8.78
300,-112.464,8,30,42,0.881,1.0,0.243,8.6
301,25.721,24,19,46,0.783,0.778,0.278,7.54
302,-61.664,21,33,59,0.814,0.889,0.312,11.49
303,-2.776,22,23,49,0.776,0.75,0.316,8.33
304,-20.998,16,20,38,0.789,1.0,0.367,10.41
305,-132.02,13,39,53,0.83,0.857,0.364,16.2
306,-3.192,18,19,39,0.897,1.0,0.257,8.8
307,-9.961,20,22,43,0.93,1.0,0.5,11.37
308,-15.128,16,19,38,0.816,1.0,0.29,9.8
309,14.27,21,18,41,0.805,0.9,0.303,9.01
310,14.97,20,17,40,0.825,1.0,0.303,12.17
311,-82.016,14,30,48,0.854,0.75,0.366,13.03
312,-4.833,15,16,36,0.806,1.0,0.276,7.7
313,-82.166,16,32,53,0.811,0.783,0.349,17.09
314,7.938,18,17,36,0.833,0.667,0.3,5.08
315,-50.642,19,29,56,0.875,0.714,0.306,9.78
316,-17.528,19,23,45,0.756,0.833,0.324,11.78
317,-46.368,19,28,50,0.76,0.824,0.342,10.62
318,4.268,17,16,37,0.865,0.889,0.281,9.14
319,-49.973,14,24,39,0.769,0.545,0.267,10.18
320,30.973,20,14,35,0.771,1.0,0.259,5.33
321,-107.567,12,33,50,0.88,0.857,0.25,15.15
322,44.586,24,15,43,0.814,0.778,0.4,7.46
323,21.901,28,24,55,0.855,0.812,0.234,7.47
324,-82.559,13,29,43,0.93,0.778,0.375,12.96
325,34.181,23,16,40,0.9,0.75,0.306,6.18
326,-51.346,20,30,51,0.902,0.857,0.304,12.2
327,31.258,22,16,41,0.707,1.0,0.448,8.79
328,43.602,17,9,29,0.793,0.5,0.304,6.55
329,-67.74,16,29,47,0.83,0.87,0.256,12.04
330,-5.045,23,24,49,0.837,1.0,0.293,9.96
331,22.475,30,25,61,0.885,0.917,0.296,6.73
332,-5.9,21,22,45,0.8,1.0,0.278,10.6
333,27.239,20,15,35,0.714,1.0,0.36,6.32
334,6.443,17,16,40,0.825,0.667,0.333,6.6
335,-3.017,21,22,43,0.791,1.0,0.235,8.91
336,-33.726,19,26,51,0.765,0.667,0.333,7.68
337,42.415,21,13,35,0.686,0.5,0.292,7.87
338,-113.471,12,34,50,0.8,0.941,0.3,13.01
339,-3.239,14,15,32,0.844,1.0,0.296,4.87
340,-39.725,14,22,43,0.86,1.0,0.459,12.86
341,39.959,26,18,45,0.8,0.75,0.333,7.68
342,-93.147,16,34,52,0.788,0.842,0.293,12.67
343,-45.074,19,28,48,0.833,0.875,0.35,9.5
344,-27.505,17,22,43,0.791,1.0,0.235,7.78
345,-4.442,14,15,32,0.812,1.0,0.308,8.87
346,49.877,26,16,44,0.795,0.75,0.286,9.28
347,42.463,22,14,41,0.78,0.667,0.344,8.58
348,24.42,25,20,48,0.792,0.625,0.289,8.47
349,36.17,26,19,48,0.875,1.0,0.357,9.48
350,-4.737,21,22,46,0.848,0.714,0.256,7.74
351,38.326,22,15,38,0.737,0.889,0.321,8.96
352,45.186,30,21,56,0.75,0.944,0.333,8.61
353,-26.2,21,26,53,0.868,0.895,0.261,12.86
354,-60.731,10,22,35,0.771,0.6,0.333,7.71
355,-41.444,11,19,31,0.871,1.0,0.296,10.12
356,-84.273,17,33,54,0.889,0.857,0.333,9.58
357,-65.254,15,28,48,0.812,1.0,0.333,10.44
358,-31.939,17,23,41,0.829,1.0,0.235,10.75
359,62.062,27,15,46,0.87,1.0,0.425,7.7
360,63.465,22,10,35,0.857,0.0,0.367,6.58
361,-71.609,17,31,50,0.82,0.882,0.244,11.07
362,6.957,23,22,50,0.76,0.0,0.316,12.7
363,9.5,19,17,41,0.878,0.909,0.333,12.75
364,49.539,23,13,38,0.895,1.0,0.324,9.44
365,5.113,20,19,42,0.762,0.6,0.438,6.07
366,-29.69,14,20,38,0.895,0.867,0.294,9.95
367,1.804,22,22,45,0.867,0.75,0.333,13.03
368,-13.759,20,23,48,0.812,1.0,0.231,7.19
369,-19.308,12,16,32,0.781,0.4,0.28,7.8
370,-19.922,20,24,52,0.904,1.0,0.298,10.77
371,27.985,17,12,32,0.875,1.0,0.464,10.38
372,-9.493,19,21,42,0.81,1.0,0.294,11.13
373,-5.286,18,19,38,0.816,1.0,0.258,9.15
374,-33.98,21,28,53,0.849,0.833,0.267,10.97
375,39.377,25,17,43,0.791,0.909,0.324,9.63
376,-88.533,16,33,58,0.81,0.75,0.362,17.48
377,-46.207,16,25,47,0.851,0.923,0.375,13.65
378,15.863,21,18,46,0.87,1.0,0.3,8.29
379,19.977,22,18,42,0.738,1.0,0.258,7.79
380,-15.875,19,22,44,0.773,0.923,0.353,10.41
381,37.035,24,17,42,0.786,1.0,0.303,6.55
382,10.363,21,19,46,0.848,1.0,0.256,6.23
383,6.275,19,18,39,0.846,1.0,0.273,6.54
384,-19.31,23,27,50,0.78,0.727,0.308,8.66
385,-12.244,15,18,34,0.794,0.778,0.296,8.49
386,22.552,22,18,45,0.756,0.857,0.353,9.19
387,-9.518,20,22,42,0.881,1.0,0.378,12.46
388,-24.457,18,23,41,0.829,0.933,0.294,8.38
389,29.438,29,23,54,0.796,0.923,0.395,6.25
390,51.302,23,13,39,0.872,0.8,0.265,7.71
391,52.052,24,14,43,0.791,0.714,0.294,9.35
392,-35.583,22,29,54,0.759,1.0,0.341,11.22
393,-29.597,13,19,35,0.829,1.0,0.276,10.1
394,-57.22,14,25,43,0.767,0.75,0.455,11.24
395,-69.758,14,28,44,0.727,0.889,0.344,12.87
396,-56.988,13,24,45,0.822,0.833,0.405,8.94
397,12.82,19,17,37,0.784,0.8,0.379,7.62
398,65.142,24,11,40,0.8,1.0,0.312,6.38
399,14.744,21,18,40,0.825,0.846,0.273,8.89
400,26.189,21,16,39,0.821,1.0,0.312,7.61
401,-35.958,9,16,26,0.808,1.0,0.333,7.73
402,-7.47,15,17,34,0.824,0.75,0.321,8.56
403,-36.174,15,22,40,0.85,0.667,0.471,9.8
404,-90.926,13,31,45,0.778,0.867,0.286,10.08
405,-55.39,15,26,45,0.844,0.692,0.342,10.61
406,-66.628,13,26,43,0.767,0.769,0.303,10.63
407,-50.563,19,29,52,0.788,0.667,0.39,9.15
408,-24.607,16,21,43,0.814,0.714,0.314,11.02
409,17.439,21,18,40,0.825,1.0,0.273,9.85
410,-110.449,15,37,53,0.849,0.833,0.289,10.73
411,1.094,14,14,30,0.933,0.0,0.571,13.12
412,-21.14,18,22,42,0.786,0.786,0.273,9.74
413,7.928,20,19,43,0.767,1.0,0.303,6.91
414,56.853,18,7,26,0.731,0.5,0.263,6.96
415,12.076,22,20,44,0.909,1.0,0.375,10.67
416,-33.124,16,23,40,0.775,0.8,0.258,9.88
417,-10.536,19,21,43,0.628,0.692,0.37,9.91
418,31.765,22,16,47,0.745,0.5,0.314,7.03
419,-16.378,24,27,54,0.852,1.0,0.261,6.93
420,16.366,24,21,47,0.787,0.889,0.324,9.05
421,42.536,19,11,35,0.8,1.0,0.536,6.38
422,21.286,21,17,41,0.805,0.917,0.303,10.03
423,48.201,20,11,35,0.886,1.0,0.29,8.7
424,75.053,22,8,30,0.833,1.0,0.32,3.41
425,-29.03,16,22,38,0.763,0.75,0.276,6.03
426,-66.198,12,25,41,0.829,0.714,0.382,12.43
427,-5.175,17,18,39,0.744,0.667,0.276,8.81
428,-7.723,21,23,45,0.844,1.0,0.342,8.22
429,21.015,17,13,31,0.871,0.0,0.296,7.75
430,-40.921,11,19,30,0.8,1.0,0.292,8.82
431,-71.592,14,28,46,0.848,0.867,0.359,12.24
432,103.038,29,9,38,0.842,1.0,0.312,4.78
433,16.598,20,17,39,0.821,0.667,0.406,10.41
434,11.245,23,21,45,0.711,1.0,0.406,9.69
435,-46.169,16,25,42,0.857,0.875,0.25,9.15
436,-23.697,16,21,39,0.872,1.0,0.235,7.42
437,25.5,21,16,40,0.825,0.0,0.485,10.42
438,-19.573,18,22,45,0.911,0.938,0.39,11.41
439,-54.506,17,28,48,0.875,0.8,0.333,9.5
440,-74.692,18,33,53,0.811,0.9,0.349,11.3
441,-11.216,17,19,39,0.846,1.0,0.333,9.01
442,-35.319,9,16,27,0.963,1.0,0.269,10.15
443,-20.873,18,22,47,0.83,0.812,0.333,13.75
444,-72.04,15,29,46,0.826,0.786,0.237,10.5
445,-12.435,23,25,53,0.83,0.857,0.364,6.53
446,-6.11,23,24,49,0.918,1.0,0.289,10.0
447,-39.612,14,22,41,0.732,0.727,0.333,11.42
448,-71.377,13,27,44,0.841,0.857,0.351,12.91
449,-86.788,14,31,47,0.851,1.0,0.4,10.52
450,25.162,20,15,41,0.878,1.0,0.361,9.44
451,-61.991,13,25,38,0.763,0.889,0.345,10.28
452,6.051,22,21,46,0.848,1.0,0.282,6.97
453,78.188,25,10,35,0.829,1.0,0.345,5.65
454,13.842,21,18,45,0.844,0.667,0.316,7.71
455,-40.162,13,21,36,0.889,1.0,0.375,8.23
456,-21.707,23,27,56,0.839,0.917,0.298,11.14
457,-81.586,14,30,50,0.8,0.824,0.325,13.55
458,-97.67,15,34,52,0.846,0.846,0.318,11.02
459,10.929,15,13,32,0.75,1.0,0.292,7.35
460,-66.245,12,25,41,0.829,0.875,0.294,9.14
461,-14.61,20,23,46,0.848,1.0,0.256,10.38
462,-29.684,15,21,40,0.875,1.0,0.257,8.46
463,-41.554,12,20,37,0.838,1.0,0.29,9.23
464,26.115,21,16,37,0.811,0.875,0.267,5.7
465,-61.915,19,31,58,0.845,0.773,0.388,12.22
466,20.6,22,18,43,0.698,0.6,0.333,8.94
467,29.365,20,14,35,0.886,0.0,0.355,5.76
468,-87.304,10,27,41,0.902,0.9,0.459,12.23
469,-44.3,13,22,39,0.897,1.0,0.343,6.63
470,-49.812,15,25,44,0.886,1.0,0.308,10.02
471,-22.829,20,25,51,0.922,0.667,0.553,12.09
472,-50.906,15,25,45,0.822,0.875,0.216,11.54
473,-45.523,15,24,45,0.844,1.0,0.316,10.91
474,-43.56,18,27,48,0.896,1.0,0.326,11.99
475,-65.941,18,31,53,0.811,0.812,0.302,14.81
476,-44.748,17,26,45,0.778,1.0,0.286,11.33
477,41.138,19,11,33,0.818,1.0,0.37,8.43
478,-46.649,17,26,44,0.75,0.667,0.242,9.06
479,24.937,23,18,42,0.81,0.875,0.382,7.17
480,20.794,23,19,44,0.818,0.846,0.278,9.4
481,5.545,17,16,34,0.824,1.0,0.5,6.8
482,56.796,25,14,40,0.825,0.875,0.515,7.11
483,-169.681,9,42,55,0.745,0.778,0.268,16.29
484,66.262,26,13,43,0.791,1.0,0.294,6.45
485,22.245,26,22,50,0.78,1.0,0.333,11.18
486,38.33,21,14,37,0.865,1.0,0.344,8.52
487,22.591,20,16,38,0.895,1.0,0.324,7.63
488,-19.519,19,23,48,0.896,1.0,0.372,6.03
489,9.856,23,21,45,0.867,1.0,0.308,6.6
490,29.919,24,18,46,0.848,0.889,0.282,8.93
491,20.024,20,16,37,0.757,1.0,0.429,9.7
492,-34.496,18,25,48,0.812,0.824,0.308,11.31
493,-112.711,9,31,42,0.81,0.75,0.441,15.0
494,16.283,22,19,41,0.732,0.857,0.333,8.87
495,-78.258,19,34,58,0.845,1.0,0.286,13.35
496,-71.455,17,31,51,0.784,0.692,0.25,9.0
497,6.277,14,13,27,0.815,1.0,0.318,6.14
498,11.424,28,26,60,0.85,0.75,0.431,10.93
499,30.686,17,11,30,0.767,1.0,0.304,6.3
500,72.507,26,12,40,0.825,0.8,0.333,6.95
501,-95.618,10,29,46,0.826,1.0,0.289,10.93
502,4.85,24,23,48,0.854,0.857,0.268,10.43
503,58.238,25,14,41,0.805,0.9,0.333,8.67
504,55.92,26,15,43,0.907,0.0,0.513,7.67
505,-76.84,15,30,47,0.809,0.765,0.342,14.76
506,62.88,25,13,40,0.9,0.0,0.306,7.35
507,37.312,22,15,37,0.757,0.0,0.286,6.51
508,-81.836,13,29,43,0.744,0.8,0.344,9.87
509,21.148,24,20,53,0.925,1.0,0.306,12.19
510,22.073,20,16,40,0.825,1.0,0.333,8.81
511,15.953,23,20,45,0.867,0.833,0.282,10.46
512,37.915,22,15,39,0.821,1.0,0.281,8.11
513,28.155,26,21,50,0.94,1.0,0.277,10.07
514,60.856,21,9,35,0.943,0.0,0.333,5.78
515,11.762,22,20,42,0.81,0.923,0.324,10.83
516,44.422,24,15,39,0.846,1.0,0.303,7.38
517,0.156,21,21,48,0.875,0.818,0.286,10.02
518,12.536,20,18,38,0.816,0.667,0.419,7.76
519,16.917,24,21,48,0.812,0.75,0.308,8.23
520,-45.797,15,24,42,0.81,1.0,0.294,9.32
521,5.659,23,22,45,0.867,1.0,0.385,8.75
522,10.446,17,15,35,0.857,1.0,0.4,8.25
523,67.843,24,11,35,0.8,0.0,0.393,5.23
524,96.567,30,11,42,0.929,1.0,0.282,5.4
525,-15.202,21,24,52,0.827,0.765,0.279,8.58
526,42.599,23,15,38,0.842,1.0,0.312,9.18
527,30.552,18,12,35,0.886,1.0,0.387,7.89
528,6.931,16,15,33,0.848,1.0,0.321,7.47
529,34.744,22,15,40,0.75,1.0,0.3,5.77
530,-96.652,13,32,50,0.86,0.833,0.395,15.0
531,31.705,17,11,34,0.824,1.0,0.357,7.24
532,31.842,19,13,32,0.75,0.0,0.25,6.13
533,56.155,24,13,39,0.923,1.0,0.361,10.07
534,75.111,25,11,36,0.806,0.0,0.414,7.34
535,-30.403,19,25,48,0.812,0.875,0.282,9.46
536,-3.409,20,21,44,0.886,1.0,0.359,8.88
537,-27.294,17,22,43,0.814,1.0,0.314,7.03
538,20.179,27,23,50,0.76,0.933,0.316,9.96
539,51.973,23,13,37,0.838,1.0,0.29,6.28
540,-67.266,13,26,39,0.897,1.0,0.314,8.74
541,15.845,17,14,35,0.743,1.0,0.308,8.48
542,-39.402,19,27,46,0.826,0.923,0.342,9.25
543,22.469,20,16,37,0.892,1.0,0.212,6.03
544,17.946,27,23,54,0.852,0.889,0.283,13.07
545,-125.309,12,36,52,0.769,0.933,0.35,13.22
546,-40.303,19,27,49,0.918,1.0,0.378,9.65
547,81.324,27,11,41,0.732,0.25,0.233,6.67
548,24.283,20,15,35,0.829,1.0,0.345,6.22
549,6.909,21,20,42,0.738,1.0,0.355,7.49
550,-24.476,16,21,40,0.75,0.667,0.467,10.41
551,26.182,21,16,40,0.75,0.714,0.4,8.94
552,4.767,25,24,55,0.945,1.0,0.269,8.67
553,73.952,27,13,44,0.795,0.0,0.257,7.83
554,-4.644,17,18,37,0.811,1.0,0.3,10.2
555,41.109,21,13,38,0.868,1.0,0.364,8.18
556,71.624,27,13,41,0.805,0.824,0.303,8.12
557,-5.318,16,17,34,0.853,0.8,0.31,9.28
558,-5.455,18,19,46,0.826,1.0,0.289,7.99
559,-66.177,14,27,48,0.917,0.778,0.341,11.5
560,41.886,20,12,36,0.889,1.0,0.375,8.45
561,-26.213,14,19,36,0.806,1.0,0.345,8.29
562,55.783,19,8,32,0.906,1.0,0.621,7.93
563,22.325,24,20,46,0.87,0.857,0.225,9.68
564,16.319,22,19,44,0.773,0.778,0.382,9.68
565,-37.004,22,29,52,0.75,0.636,0.333,9.92
566,-81.979,15,31,48,0.854,0.824,0.317,13.05
567,-9.797,18,20,40,0.9,1.0,0.361,11.79
568,-41.16,16,24,45,0.778,0.875,0.286,7.95
569,25.772,19,14,39,0.795,0.846,0.29,9.67
570,20.735,16,12,29,0.828,1.0,0.292,7.84
571,2.417,13,13,28,0.857,1.0,0.417,7.74
572,82.373,27,11,39,0.897,1.0,0.371,6.01
573,34.839,18,11,31,0.903,0.0,0.286,7.43
574,49.261,25,15,45,0.867,0.0,0.282,5.27
575,-81.848,12,28,41,0.854,0.929,0.314,10.34
576,-36.155,12,19,33,0.818,1.0,0.407,9.65
577,-65.59,10,23,38,0.921,1.0,0.4,8.42
578,42.457,22,14,37,0.838,1.0,0.29,6.99
579,56.325,26,15,47,0.787,1.0,0.297,8.86
580,31.945,20,14,39,0.846,1.0,0.364,7.43
581,-55.835,16,27,46,0.783,0.857,0.333,10.13
582,-86.836,11,28,45,0.711,0.9,0.406,10.07
583,58.448,25,14,45,0.844,0.857,0.263,8.77
584,91.499,30,12,46,0.804,0.833,0.324,7.82
585,-67.671,8,21,34,0.794,1.0,0.37,10.21
586,-6.636,18,19,41,0.805,0.75,0.455,11.12
587,40.92,21,13,37,0.892,1.0,0.303,8.2
588,26.436,21,16,39,0.795,1.0,0.387,6.48
589,-6.384,24,25,51,0.824,0.923,0.31,10.43
590,12.934,22,19,43,0.907,0.8,0.41,8.85
591,38.29,22,15,40,0.85,0.8,0.324,7.84
592,0.675,19,19,40,0.925,1.0,0.351,6.79
593,-4.198,20,21,46,0.826,0.737,0.289,10.99
594,-18.038,22,26,52,0.808,0.833,0.31,12.78
595,-46.465,19,28,50,0.84,0.917,0.262,8.7
596,-21.007,17,21,46,0.935,0.944,0.256,12.06
597,16.512,20,17,41,0.902,1.0,0.351,10.91
598,3.48,26,25,54,0.852,0.929,0.391,9.5
599,5.721,17,16,35,0.886,1.0,0.29,8.91
600,-31.943,15,21,41,0.878,1.0,0.389,9.28
601,-56.54,20,31,57,0.807,0.913,0.261,15.29
602,-82.458,16,32,52,0.904,0.933,0.34,10.7
603,79.465,27,11,39,0.769,1.0,0.333,4.39
604,36.745,16,9,28,0.857,0.0,0.375,5.65
605,65.96,25,12,41,0.829,1.0,0.353,6.72
606,10.315,21,19,44,0.682,0.5,0.267,10.68
607,11.766,27,25,53,0.811,0.875,0.372,7.15
608,-5.249,21,22,44,0.818,0.786,0.25,11.59
609,22.894,21,17,39,0.821,1.0,0.312,9.1
610,-34.531,24,31,57,0.86,0.923,0.306,12.89
611,11.927,22,20,43,0.767,0.909,0.273,7.28
612,22.728,20,16,40,0.825,0.875,0.424,9.88
613,-50.89,17,27,44,0.864,1.0,0.342,12.43
614,-60.895,17,29,50,0.9,0.818,0.333,10.81
615,86.008,22,5,33,0.727,0.0,0.5,6.76
616,73.959,20,6,28,0.857,0.0,0.333,4.9
617,-82.387,16,32,49,0.837,0.818,0.317,15.15
618,47.745,22,13,38,0.868,1.0,0.333,8.37
619,71.924,26,12,42,0.929,1.0,0.385,5.83
620,-18.389,13,17,35,0.829,1.0,0.517,11.68
621,62.146,22,10,35,0.829,0.0,0.31,7.56
622,-26.471,16,21,42,0.881,1.0,0.351,8.54
623,-51.491,21,31,57,0.86,0.778,0.327,11.88
624,-5.899,19,20,41,0.902,0.889,0.297,9.36
625,-11.108,19,21,47,0.851,0.5,0.275,6.91
626,-49.858,17,27,50,0.9,0.833,0.422,9.74
627,-13.893,20,22,46,0.783,1.0,0.361,8.89
628,-5.962,18,19,40,0.825,0.667,0.303,8.38
629,53.752,21,10,36,0.917,0.5,0.273,6.81
630,21.393,24,20,49,0.857,0.857,0.429,7.85
631,-64.806,14,27,43,0.767,0.818,0.303,9.59
632,25.677,26,21,50,0.84,0.917,0.381,6.61
633,52.756,28,18,47,0.766,0.867,0.333,9.19
634,-89.119,14,31,53,0.811,0.706,0.256,12.45
635,-81.451,9,25,36,0.917,1.0,0.242,9.87
636,-24.423,22,27,53,0.83,0.667,0.227,10.61
637,-39.588,17,25,46,0.848,1.0,0.308,9.26
638,-67.716,15,28,46,0.848,0.933,0.308,10.49
639,-51.176,15,25,44,0.795,0.889,0.229,8.64
640,45.669,26,17,46,0.87,1.0,0.275,7.18
641,-83.284,9,25,41,0.878,0.9,0.306,11.15
642,-46.076,19,28,49,0.939,0.857,0.391,9.95
643,-108.488,13,34,56,0.857,0.882,0.292,13.11
644,-14.138,23,26,50,0.82,1.0,0.39,14.96
645,34.966,26,19,48,0.875,1.0,0.286,8.98
646,-14.608,17,20,39,0.923,1.0,0.25,10.96
647,-20.431,18,22,41,0.902,0.833,0.351,9.7
648,1.293,15,15,30,0.9,0.889,0.37,8.19
649,-26.603,19,24,45,0.8,1.0,0.306,8.77
650,-23.846,14,19,37,0.811,1.0,0.333,10.28
651,-55.408,17,28,46,0.87,0.857,0.3,8.74
652,46.181,22,13,39,0.846,1.0,0.485,9.15
653,-3.042,17,18,40,0.75,0.6,0.333,10.11
654,-77.46,16,31,51,0.843,1.0,0.256,9.45
655,44.688,22,14,36,0.833,1.0,0.467,6.28
656,55.998,27,16,48,0.854,1.0,0.317,9.16
657,-36.499,19,26,45,0.822,1.0,0.324,7.42
658,127.054,33,8,43,0.767,0.889,0.303,5.09
659,49.018,24,15,42,0.833,1.0,0.371,10.28
660,34.819,24,17,43,0.767,0.867,0.242,10.1
661,-81.91,17,33,52,0.827,0.75,0.419,15.29
662,-20.82,20,24,45,0.889,1.0,0.3,9.37
663,-38.311,20,28,49,0.857,0.909,0.238,12.34
664,-0.528,20,20,45,0.822,1.0,0.27,9.42
665,4.619,19,18,40,0.95,1.0,0.289,8.21
666,-97.184,14,33,50,0.8,0.818,0.25,11.63
667,-14.847,17,20,41,0.854,1.0,0.286,9.5
668,-7.31,20,21,46,0.804,0.786,0.378,10.82
669,28.131,18,13,32,0.875,1.0,0.286,8.93
670,-29.178,23,28,55,0.927,0.895,0.392,15.76
671,-31.165,17,23,45,0.756,0.667,0.294,9.12
672,-24.912,15,20,37,0.838,0.875,0.29,10.96
673,-43.782,10,19,34,0.824,1.0,0.429,11.15
674,31.622,23,17,45,0.822,0.667,0.243,7.53
675,29.387,26,20,49,0.816,1.0,0.35,7.22
676,42.59,20,12,39,0.872,0.0,0.353,5.84
677,-4.112,19,20,41,0.878,1.0,0.306,9.57
678,-19.02,16,20,37,0.838,1.0,0.323,8.87
679,-8.897,19,21,42,0.81,0.5,0.471,11.99
680,53.11,27,17,44,0.818,0.75,0.306,9.4
681,35.214,25,18,44,0.909,1.0,0.275,6.84
682,45.985,22,13,42,0.857,0.857,0.472,6.66
683,-75.996,13,28,42,0.786,1.0,0.364,10.9
684,-3.723,19,19,43,0.814,0.7,0.286,7.86
685,78.34,23,8,33,0.848,1.0,0.357,3.8
686,19.522,22,19,42,0.833,1.0,0.286,7.31
687,40.209,23,15,41,0.878,1.0,0.361,7.23
688,-8.34,25,27,54,0.907,0.941,0.327,11.89
689,-37.245,25,32,60,0.85,0.897,0.275,15.39
690,19.061,24,20,49,0.776,1.0,0.289,7.54
691,-32.344,17,23,41,0.854,0.929,0.257,9.35
692,35.446,23,16,40,0.8,1.0,0.344,6.6
693,-21.771,23,27,50,0.96,1.0,0.333,8.02
694,9.241,19,18,39,0.821,1.0,0.344,7.28
695,15.79,23,20,44,0.864,0.917,0.368,8.67
696,-20.325,15,19,40,0.9,0.923,0.306,12.44
697,-55.912,14,25,45,0.911,0.875,0.317,10.52
698,19.896,25,21,51,0.863,0.714,0.341,8.37
699,61.926,29,17,49,0.857,0.917,0.357,9.64
700,-14.658,19,22,46,0.761,0.857,0.4,13.4
701,14.778,18,15,38,0.711,0.6,0.407,9.62
702,61.441,26,14,44,0.909,1.0,0.275,7.46
703,74.547,26,11,41,0.805,1.0,0.303,6.94
704,-70.19,15,28,51,0.745,0.867,0.289,12.06
705,-30.872,14,20,41,0.878,1.0,0.361,13.44
706,-10.096,23,25,50,0.8,0.636,0.45,13.24
707,57.87,19,8,30,0.733,1.0,0.273,6.97
708,58.796,22,11,34,0.824,1.0,0.286,8.79
709,-5.085,21,22,45,0.822,0.889,0.297,12.19
710,34.775,19,13,33,0.788,0.75,0.308,8.04
711,7.235,23,22,48,0.833,1.0,0.5,8.86
712,-86.831,12,29,44,0.841,0.667,0.324,10.76
713,-3.702,19,20,41,0.805,1.0,0.273,7.97
714,53.743,18,8,29,0.759,0.0,0.455,5.93
715,-47.246,18,27,52,0.788,0.857,0.317,9.79
716,-24.384,21,26,48,0.833,0.917,0.275,10.37
717,15.776,18,15,34,0.941,1.0,0.375,9.42
718,16.702,19,16,39,0.769,0.6,0.3,7.93
719,16.987,19,16,38,0.868,0.818,0.424,7.86
720,1.132,22,22,47,0.851,0.714,0.35,8.93
721,4.389,17,16,41,0.951,1.0,0.282,8.79
722,86.266,25,8,35,0.743,1.0,0.346,6.42
723,-28.842,21,27,51,0.843,1.0,0.395,12.5
724,-87.233,17,34,52,0.808,0.762,0.357,15.17
725,42.702,23,15,42,0.833,0.833,0.314,7.22
726,-55.627,14,25,47,0.702,0.538,0.333,14.56
727,-5.25,20,21,44,0.886,0.875,0.333,6.83
728,0.312,20,20,40,0.825,0.6,0.333,8.45
729,-72.368,15,29,51,0.843,0.826,0.302,11.87
730,9.779,22,20,46,0.87,1.0,0.325,10.96
731,-39.272,18,26,46,0.717,0.538,0.333,13.84
732,5.957,16,15,36,0.917,0.8,0.364,9.85
733,-3.72,22,23,47,0.83,0.765,0.333,11.33
734,36.096,25,18,47,0.83,0.75,0.333,8.6
735,79.103,22,7,31,0.742,0.5,0.304,7.55
736,2.568,24,24,49,0.878,1.0,0.372,9.78
737,30.198,25,19,45,0.778,0.818,0.286,7.67
738,-9.04,17,19,37,0.757,0.636,0.321,9.99
739,0.351,18,18,39,0.846,1.0,0.333,9.1
740,-6.31,20,21,46,0.913,1.0,0.262,9.38
741,56.447,26,15,43,0.86,1.0,0.27,4.83
742,-44.892,18,27,47,0.83,0.857,0.41,11.96
743,-122.612,6,30,39,0.872,0.833,0.353,11.97
744,-21.963,17,21,42,0.833,0.875,0.286,8.72
745,-96.628,17,36,62,0.742,0.737,0.326,12.32
746,9.718,22,20,46,0.804,1.0,0.297,10.4
747,31.678,24,18,42,0.81,0.929,0.382,13.2
748,47.487,22,13,39,0.769,1.0,0.367,8.12
749,-16.248,21,24,46,0.761,0.857,0.314,7.81
750,10.078,22,20,45,0.8,0.875,0.333,10.92
751,-1.294,19,19,41,0.854,1.0,0.343,7.75
752,-0.572,21,21,46,0.804,1.0,0.27,9.62
753,-96.167,11,30,42,0.738,0.778,0.323,9.32
754,35.059,19,12,31,0.806,0.8,0.44,9.42
755,-70.696,15,29,48,0.729,0.727,0.314,14.25
756,79.185,19,4,24,0.708,0.0,0.353,3.35
757,95.933,29,10,39,0.872,0.75,0.353,3.15
758,-51.098,18,28,49,0.918,0.938,0.267,11.3
759,-12.417,21,24,47,0.915,1.0,0.233,9.53
760,25.868,23,18,45,0.822,0.0,0.297,7.12
761,-30.722,20,26,49,0.878,0.909,0.442,14.55
762,-15.578,21,24,48,0.771,1.0,0.27,7.79
763,48.449,20,11,32,0.781,1.0,0.48,7.53
764,-60.399,14,26,40,0.75,0.833,0.3,9.46
765,-27.007,12,17,36,0.806,1.0,0.276,8.74
766,-47.125,11,20,43,0.837,0.875,0.417,11.27
767,15.624,23,20,47,0.851,0.9,0.275,9.86
768,-54.405,17,28,46,0.848,1.0,0.333,12.14
769,40.092,22,14,36,0.778,1.0,0.357,7.36
770,-5.567,16,17,34,0.853,1.0,0.241,7.5
771,5.628,19,18,40,0.875,1.0,0.314,9.51
772,-77.51,17,32,52,0.827,0.9,0.326,17.44
773,70.245,27,14,43,0.767,1.0,0.303,5.85
774,25.0,17,12,31,0.677,0.6,0.381,7.96
775,-13.68,21,24,47,0.766,0.889,0.333,8.74
776,-31.034,15,21,43,0.907,0.833,0.359,11.39
777,-70.085,17,31,52,0.788,0.933,0.244,10.19
778,21.478,16,12,29,0.862,0.0,0.28,4.26
779,-16.019,16,19,36,0.778,1.0,0.393,9.16
780,45.716,21,12,35,0.829,1.0,0.345,8.29
781,9.441,13,12,28,0.857,1.0,0.458,9.61
782,34.963,20,13,39,0.897,1.0,0.229,8.86
783,-67.929,16,29,52,0.808,0.75,0.262,8.38
784,73.8,24,10,35,0.771,1.0,0.222,5.94
785,56.952,22,11,35,0.8,1.0,0.286,7.65
786,47.513,21,12,37,0.811,1.0,0.267,5.97
787,25.345,24,19,47,0.851,0.909,0.3,6.25
788,-25.602,12,17,36,0.667,0.714,0.333,10.93
789,24.113,25,20,48,0.812,0.923,0.308,10.77
790,-5.585,13,14,30,0.867,1.0,0.308,9.59
791,27.328,21,16,40,0.8,1.0,0.281,7.76
792,-61.126,16,28,48,0.854,0.857,0.366,10.68
793,19.635,23,19,50,0.84,1.0,0.357,8.86
794,-25.294,20,25,51,0.824,0.905,0.262,12.19
795,47.08,22,13,36,0.917,1.0,0.303,7.27
796,-50.809,11,21,36,0.778,0.75,0.321,8.4
797,11.565,17,15,34,0.912,1.0,0.29,9.07
798,-123.798,12,36,54,0.907,0.917,0.327,12.82
799,-56.043,12,23,39,0.846,0.75,0.364,14.36
800,-61.266,15,27,43,0.814,0.875,0.286,11.06
801,15.634,22,19,43,0.837,0.714,0.361,7.0
802,-51.258,18,28,46,0.891,0.938,0.244,7.69
803,-102.219,15,35,52,0.731,0.826,0.342,13.52
804,-19.233,15,19,36,0.833,0.714,0.333,11.37
805,43.749,27,18,51,0.824,0.857,0.333,8.6
806,14.947,17,14,32,0.812,0.833,0.269,7.89
807,53.471,23,13,37,0.757,1.0,0.393,9.63
808,-65.076,16,29,46,0.891,1.0,0.293,12.46
809,-2.51,20,21,42,0.833,0.833,0.371,7.14
810,-86.677,21,38,61,0.754,0.852,0.261,12.59
811,15.205,27,24,53,0.774,0.867,0.317,9.91
812,2.658,21,21,49,0.755,0.571,0.324,9.53
813,37.246,18,11,34,0.853,1.0,0.345,6.31
814,37.926,27,20,50,0.78,0.857,0.333,10.52
815,-15.751,23,26,52,0.827,0.941,0.279,13.78
816,-111.963,11,33,46,0.783,0.75,0.389,10.03
817,-62.801,13,25,42,0.929,0.933,0.282,8.96
818,30.549,19,13,38,0.842,1.0,0.281,6.97
819,51.988,23,13,40,0.725,0.667,0.31,6.46
820,5.08,19,18,42,0.786,0.909,0.333,9.18
821,15.983,19,16,38,0.868,0.75,0.303,11.48
822,-51.072,17,27,47,0.894,1.0,0.31,12.0
823,-19.224,16,20,38,0.921,1.0,0.314,9.08
824,-35.483,17,24,45,0.889,0.6,0.3,10.16
825,-62.785,15,27,46,0.848,0.778,0.333,14.24
826,57.36,29,18,51,0.882,1.0,0.289,7.24
827,37.028,21,14,37,0.838,1.0,0.355,7.36
828,-80.475,13,29,45,0.911,1.0,0.293,10.0
829,-54.97,16,27,45,0.911,1.0,0.293,8.35
830,-20.573,21,25,47,0.702,0.611,0.303,9.35
831,-41.905,17,25,47,0.83,0.8,0.282,9.78
832,36.136,20,13,36,0.75,0.6,0.259,6.22
833,-49.997,14,24,40,0.825,0.667,0.394,14.45
834,-15.225,18,21,43,0.884,0.917,0.289,9.02
835,69.336,22,9,31,0.903,1.0,0.393,4.77
836,-44.889,14,23,41,0.854,0.875,0.257,10.82
837,95.171,25,7,38,0.711,1.0,0.333,6.35
838,-51.129,17,27,48,0.833,0.636,0.35,13.01
839,66.106,26,13,41,0.854,1.0,0.257,6.32
840,51.235,25,15,43,0.744,0.833,0.281,8.05
841,44.68,26,17,49,0.816,1.0,0.35,7.44
842,68.732,23,10,34,0.882,0.875,0.467,6.95
843,45.503,21,12,36,0.833,0.0,0.3,6.91
844,-18.39,9,13,25,0.84,1.0,0.286,7.37
845,18.554,25,21,50,0.82,1.0,0.293,7.8
846,-19.848,17,21,40,0.675,0.5,0.296,11.58
847,-7.391,22,24,48,0.792,0.867,0.342,10.71
848,41.567,22,14,38,0.842,1.0,0.375,9.28
849,11.639,19,17,38,0.895,0.909,0.382,10.53
850,-4.273,18,19,40,0.9,1.0,0.278,9.72
851,-9.347,15,17,37,0.838,0.0,0.323,7.96
852,11.965,18,16,38,0.763,0.667,0.345,8.92
853,-35.599,15,22,38,0.842,1.0,0.406,12.53
854,-12.791,22,25,49,0.735,0.833,0.278,12.66
855,-31.75,15,21,38,0.684,0.917,0.308,10.29
856,-4.399,20,21,43,0.86,0.833,0.324,10.17
857,5.329,19,18,40,0.875,0.875,0.343,9.25
858,10.501,21,19,46,0.783,1.0,0.306,8.1
859,11.507,19,17,36,0.861,1.0,0.323,7.41
860,86.82,27,10,44,0.818,0.857,0.306,7.17
861,-5.154,17,18,36,0.861,1.0,0.419,9.19
862,2.019,18,18,41,0.854,0.9,0.314,10.8
863,-36.448,17,24,45,0.844,0.9,0.316,11.83
864,-56.843,14,25,41,0.927,1.0,0.263,8.88
865,-39.158,18,25,45,0.844,0.8,0.316,7.94
866,-29.234,17,23,43,0.814,0.875,0.314,11.23
867,55.332,27,16,48,0.833,1.0,0.3,6.01
868,-24.855,18,23,46,0.848,1.0,0.385,11.81
869,-87.643,13,30,46,0.826,0.846,0.289,12.21
870,26.368,22,17,40,0.8,1.0,0.438,9.27
871,-18.405,21,24,51,0.824,0.882,0.381,7.84
872,41.767,23,15,42,0.786,0.667,0.273,9.22
873,37.975,20,13,35,0.743,0.0,0.346,8.41
874,63.478,23,11,38,0.842,1.0,0.281,7.37
875,26.935,21,16,39,0.821,0.6,0.281,6.87
876,11.429,22,20,44,0.818,0.778,0.306,9.33
877,-69.551,20,33,56,0.857,0.8,0.25,9.14
878,60.203,30,19,50,0.8,0.714,0.3,9.14
879,-4.376,20,21,42,0.833,0.786,0.286,10.57
880,-59.452,22,34,57,0.807,0.913,0.348,11.55
881,32.964,23,17,40,0.775,0.846,0.323,8.08
882,35.769,22,15,42,0.81,0.692,0.265,9.29
883,42.497,22,14,37,0.784,0.667,0.31,10.16
884,42.169,19,11,33,0.758,0.667,0.4,9.3
885,-27.995,22,28,54,0.796,0.778,0.302,15.54
886,-14.604,13,16,31,0.71,0.333,0.273,8.83
887,-4.12,17,18,38,0.789,1.0,0.3,9.63
888,4.427,20,19,45,0.822,0.867,0.324,12.74
889,47.824,23,14,40,0.875,0.75,0.371,6.49
890,-92.351,12,30,44,0.864,1.0,0.263,10.34
891,51.723,23,13,38,0.842,1.0,0.312,6.45
892,-48.909,11,21,32,0.812,1.0,0.308,7.99
893,20.049,17,13,32,0.844,1.0,0.333,8.32
894,17.432,18,15,37,0.865,0.0,0.406,8.63
895,3.344,21,20,47,0.766,0.571,0.278,11.03
896,-40.892,20,28,50,0.8,1.0,0.25,8.03
897,-14.427,16,19,38,0.842,1.0,0.25,7.59
898,40.793,19,11,36,0.861,1.0,0.355,9.61
899,36.432,24,17,48,0.75,0.75,0.25,8.96
900,-23.964,16,21,40,0.875,1.0,0.314,13.23
901,-93.541,11,29,42,0.881,0.842,0.27,10.29
902,-9.027,23,25,52,0.846,1.0,0.318,11.16
903,-6.088,22,23,50,0.8,0.938,0.375,11.2
904,6.5,18,17,35,0.857,1.0,0.333,7.16
905,-31.149,17,23,42,0.952,1.0,0.25,8.16
906,6.094,18,17,38,0.868,1.0,0.455,8.52
907,-0.128,16,16,33,0.818,0.857,0.296,6.93
908,-26.291,14,19,41,0.78,0.714,0.312,12.6
909,-55.576,14,25,42,0.905,1.0,0.368,10.44
910,96.92,24,5,31,0.806,0.0,0.36,5.37
911,-0.396,29,29,62,0.758,1.0,0.34,10.33
912,31.699,21,15,45,0.8,0.857,0.306,9.08
913,-41.988,16,24,42,0.833,0.917,0.314,9.01
914,-15.345,19,22,47,0.83,0.833,0.359,10.73
915,-2.636,20,20,41,0.902,1.0,0.297,9.65
916,53.356,18,8,26,0.769,0.0,0.35,5.54
917,-88.011,15,32,53,0.792,0.889,0.333,12.08
918,-29.955,14,20,40,0.825,0.9,0.212,8.4
919,21.665,24,20,45,0.867,0.9,0.231,8.54
920,-123.032,12,36,53,0.83,0.789,0.295,12.19
921,0.706,24,24,49,0.816,0.833,0.325,10.93
922,55.284,28,17,49,0.776,0.75,0.447,6.55
923,36.62,24,17,45,0.867,1.0,0.256,8.55
924,-64.711,13,26,42,0.762,0.733,0.25,11.86
925,-5.563,21,22,50,0.74,0.667,0.297,9.86
926,68.364,26,13,39,0.692,0.5,0.259,6.31
927,14.876,23,20,51,0.843,0.667,0.302,7.91
928,11.946,23,21,46,0.717,0.667,0.273,10.36
929,20.783,18,14,34,0.647,1.0,0.273,7.22
930,-17.559,23,26,51,0.745,0.875,0.316,10.96
931,-40.536,18,26,45,0.867,0.909,0.231,10.29
932,57.632,24,13,37,0.892,1.0,0.303,7.29
933,38.899,21,14,35,0.686,1.0,0.375,8.47
934,72.77,30,16,48,0.729,0.7,0.257,7.37
935,-30.376,17,23,43,0.837,0.8,0.333,9.36
936,-56.797,21,32,53,0.868,0.8,0.391,9.47
937,-32.597,20,26,51,0.824,0.9,0.238,10.89
938,58.386,23,12,37,0.784,0.714,0.31,7.62
939,10.761,24,22,46,0.783,0.889,0.472,6.91
940,94.683,24,6,30,0.867,0.0,0.269,4.14
941,-92.635,14,32,50,0.88,0.857,0.25,10.74
942,-66.296,15,28,44,0.705,0.9,0.387,9.38
943,17.043,19,16,39,0.718,1.0,0.357,8.64
944,18.584,26,22,52,0.731,0.5,0.553,10.2
945,67.706,24,11,35,0.686,1.0,0.333,6.11
946,3.599,20,20,41,0.805,1.0,0.273,8.68
947,-41.465,17,25,45,0.889,1.0,0.3,7.1
948,-24.641,21,26,51,0.843,0.917,0.326,10.05
949,34.932,20,13,35,0.829,1.0,0.345,7.75
950,-16.372,21,24,49,0.816,0.875,0.325,11.54
951,-20.725,16,20,38,0.895,1.0,0.324,13.14
952,17.263,17,14,34,0.735,0.778,0.28,8.99
953,25.512,23,18,42,0.762,1.0,0.25,10.3
954,-39.871,17,25,45,0.822,0.812,0.27,13.42
955,-21.157,19,23,48,0.729,0.765,0.286,11.25
956,-5.684,15,16,34,0.765,0.5,0.385,8.62
957,-41.221,16,24,42,0.69,0.7,0.31,10.56
958,31.42,25,19,45,0.8,0.929,0.306,6.54
959,-51.509,19,29,51,0.824,0.833,0.286,12.37
960,61.295,29,17,49,0.857,0.889,0.31,5.37
961,5.685,21,20,46,0.696,0.75,0.281,11.1
962,16.617,18,15,34,0.882,1.0,0.3,8.58
963,-9.12,21,23,47,0.766,0.75,0.333,9.74
964,46.936,20,11,35,0.686,0.667,0.292,6.82
965,-32.751,20,27,49,0.837,0.909,0.244,9.63
966,105.08,30,10,42,0.762,0.818,0.312,7.15
967,-24.703,18,23,44,0.75,1.0,0.333,10.85
968,52.183,22,12,34,0.559,0.667,0.421,6.09
969,-4.922,26,27,54,0.833,0.778,0.244,10.1
970,3.534,20,19,44,0.795,1.0,0.4,9.98
971,-15.052,19,22,44,0.727,0.857,0.312,11.75
972,10.375,16,14,38,0.868,0.8,0.333,7.2
973,-91.959,15,33,50,0.8,0.833,0.35,12.32
974,-24.481,18,23,41,0.805,0.6,0.333,7.28
975,52.017,19,9,28,0.643,0.0,0.389,6.0
976,-27.034,17,22,47,0.83,1.0,0.41,11.67
977,9.115,24,22,47,0.83,0.833,0.385,6.77
978,-19.611,20,24,45,0.8,1.0,0.306,7.6
979,10.766,19,17,37,0.784,0.875,0.31,9.48
980,-23.172,17,21,46,0.783,0.933,0.25,11.36
981,28.678,21,16,38,0.763,1.0,0.276,8.45
982,11.896,13,11,26,0.769,0.5,0.3,7.81
983,66.471,25,12,38,0.789,1.0,0.333,6.8
984,-16.153,16,19,42,0.619,0.667,0.385,11.0
985,-25.36,15,20,35,0.943,1.0,0.273,10.21
986,-2.596,20,20,43,0.744,0.625,0.281,10.06
987,-18.78,19,23,43,0.744,1.0,0.344,9.78
988,-4.571,19,20,43,0.837,0.8,0.361,9.37
989,4.1,19,18,40,0.875,0.75,0.286,8.96
990,10.761,24,22,47,0.766,0.833,0.306,9.3
991,65.452,25,12,38,0.763,0.667,0.276,6.76
992,16.749,26,22,52,0.788,0.9,0.317,5.68
993,-29.741,15,21,39,0.744,1.0,0.345,8.74
994,104.529,26,6,32,0.594,0.5,0.316,4.85
995,37.963,23,16,43,0.767,1.0,0.333,10.67
996,37.925,16,9,29,0.724,0.0,0.476,5.78
997,61.533,25,13,43,0.884,1.0,0.289,8.14
998,-57.29,17,28,48,0.792,1.0,0.342,7.99
999,-60.258,19,31,51,0.922,0.889,0.277,11.7
1000,30.863,20,14,38,0.789,0.6,0.333,10.67
1001,-52.372,14,24,43,0.86,1.0,0.243,12.04
1002,-45.982,19,28,50,0.76,0.8,0.342,10.48
1003,20.496,19,15,38,0.763,0.5,0.241,8.1
1004,0.2,16,16,35,0.8,0.667,0.321,10.07
1005,53.298,20,10,30,0.867,1.0,0.308,5.83
1006,-51.674,18,28,47,0.872,0.812,0.268,11.72
1007,29.063,23,17,40,0.825,1.0,0.364,4.91
1008,-60.113,12,24,38,0.842,1.0,0.281,10.26
1009,-4.576,18,19,40,0.825,0.667,0.364,8.86
1010,-66.011,15,28,45,0.711,0.909,0.344,11.65
1011,47.482,24,15,39,0.769,0.333,0.333,9.32
1012,20.546,28,24,55,0.764,0.769,0.31,11.96
1013,-5.339,20,21,47,0.872,0.667,0.366,10.6
1014,-30.44,19,25,45,0.889,1.0,0.325,10.57
1015,58.111,25,14,42,0.762,1.0,0.375,7.73
1016,-83.211,13,29,45,0.844,0.8,0.263,10.31
1017,15.975,22,19,41,0.927,1.0,0.289,7.9
1018,63.751,23,11,38,0.842,1.0,0.344,6.85
1019,-40.143,14,22,40,0.9,0.0,0.306,11.51
1020,68.143,24,11,36,0.833,1.0,0.333,5.68
1021,-5.767,23,24,52,0.731,0.786,0.211,9.64
1022,44.556,22,13,37,0.865,0.8,0.281,9.88
1023,-86.685,15,32,49,0.776,0.846,0.342,11.82
1024,-59.789,15,27,46,0.87,0.875,0.375,8.61
1025,-75.033,17,32,54,0.759,0.833,0.39,12.09
1026,0.643,22,22,47,0.851,0.75,0.275,9.3
1027,-15.152,16,19,40,0.675,0.571,0.296,12.13
1028,-24.386,18,23,43,0.837,0.9,0.25,8.24
1029,-45.497,18,27,46,0.826,1.0,0.289,9.32
1030,48.296,20,11,34,0.735,0.0,0.4,8.33
1031,-56.514,15,26,49,0.796,0.9,0.282,11.7
1032,46.656,27,18,49,0.694,0.5,0.294,8.1
1033,18.535,26,22,53,0.736,0.75,0.282,11.76
1034,21.3,28,24,52,0.769,0.778,0.275,7.25
1035,-15.402,19,22,45,0.8,0.909,0.25,9.61
1036,18.151,22,18,45,0.889,1.0,0.325,10.41
1037,74.405,28,14,44,0.864,1.0,0.421,9.43
1038,1.507,22,22,48,0.729,0.625,0.286,7.84
1039,20.777,18,14,35,0.514,0.5,0.333,8.24
1040,-19.924,23,27,51,0.824,0.875,0.405,11.35
1041,36.182,24,17,44,0.773,0.778,0.324,9.03
1042,107.386,26,6,34,0.765,0.5,0.269,6.46
1043,-108.001,17,38,62,0.855,0.815,0.264,19.6
1044,-40.575,20,28,55,0.8,0.7,0.25,11.84
1045,71.693,26,12,41,0.805,1.0,0.273,7.09
1046,-57.592,16,27,46,0.739,0.8,0.265,9.27
1047,26.664,19,14,36,0.639,0.875,0.435,11.16
1048,2.798,25,25,50,0.78,0.923,0.282,9.56
1049,-15.633,17,20,40,0.8,0.875,0.312,11.01
1050,60.629,22,10,32,0.844,1.0,0.37,5.9
1051,-41.082,19,27,49,0.878,0.909,0.349,10.05
1052,20.281,22,18,45,0.844,1.0,0.289,9.51
1053,52.128,24,14,41,0.805,1.0,0.242,4.84
1054,4.761,25,24,53,0.792,0.7,0.333,9.6
1055,-19.964,15,19,38,0.737,0.0,0.321,9.29
1056,52.38,24,14,38,0.947,1.0,0.417,6.5
1057,-23.68,17,22,41,0.707,0.6,0.31,11.31
1058,32.416,20,14,34,0.706,0.0,0.292,5.8
1059,-29.848,20,26,49,0.857,0.833,0.286,12.12
1060,-41.545,18,26,49,0.816,0.833,0.25,9.46
1061,-8.456,21,23,51,0.843,0.818,0.256,12.01
1062,84.087,28,12,40,0.875,1.0,0.343,8.28
1063,-19.468,20,24,47,0.809,0.727,0.316,8.33
1064,24.017,23,18,41,0.683,0.429,0.357,6.0
1065,6.729,21,20,45,0.756,1.0,0.353,10.95
1066,43.497,23,15,38,0.658,1.0,0.32,6.35
1067,20.275,19,15,35,0.657,0.286,0.348,8.36
1068,81.385,25,9,38,0.816,1.0,0.387,10.36
1069,-0.143,22,22,47,0.787,0.846,0.297,12.81
1070,51.54,23,13,37,0.838,0.75,0.29,6.29
1071,-10.434,24,26,52,0.788,0.846,0.463,8.54
1072,25.4,23,18,43,0.814,0.818,0.257,10.49
1073,-31.811,14,20,38,0.789,1.0,0.433,12.29
1074,71.877,26,12,46,0.783,0.833,0.25,5.47
1075,25.554,22,17,42,0.881,1.0,0.324,9.98
1076,-52.24,15,25,47,0.809,0.714,0.316,12.09
1077,-66.825,14,27,44,0.727,0.727,0.312,11.65
1078,-56.783,9,20,40,0.825,0.667,0.303,11.37
1079,-30.663,18,24,45,0.733,1.0,0.333,7.57
1080,30.133,18,12,36,0.861,1.0,0.323,8.18
1081,91.1,25,7,37,0.622,1.0,0.304,7.9
1082,5.632,20,19,40,0.775,0.818,0.29,7.67
1083,-9.765,20,22,45,0.8,1.0,0.25,10.06
1084,-26.952,22,27,49,0.714,0.7,0.286,10.87
1085,26.871,23,18,44,0.818,1.0,0.444,13.81
1086,44.785,25,16,46,0.761,0.667,0.257,8.43
1087,14.492,16,13,33,0.788,1.0,0.346,8.14
1088,7.125,23,22,47,0.872,0.909,0.268,9.66
1089,47.397,22,13,38,0.868,1.0,0.273,6.7
1090,16.631,20,17,41,0.829,0.667,0.324,9.85
1091,-14.76,21,24,49,0.816,0.917,0.25,9.02
1092,-16.154,23,26,51,0.745,0.909,0.316,8.8
1093,41.633,22,14,38,0.789,0.75,0.4,7.5
1094,14.437,16,13,34,0.676,1.0,0.348,8.38
1095,21.286,21,17,39,0.846,1.0,0.273,7.28
1096,6.295,17,16,33,0.788,0.833,0.231,6.5
1097,65.378,27,14,43,0.86,1.0,0.324,5.79
1098,28.995,21,16,39,0.718,0.833,0.25,7.98
1099,22.24,18,14,32,0.844,0.0,0.333,7.89
1100,-8.875,15,17,37,0.865,0.875,0.344,10.2
1101,44.737,25,16,43,0.814,0.833,0.343,8.95
1102,46.212,27,17,48,0.833,0.923,0.35,8.88
1103,16.308,20,17,42,0.81,1.0,0.265,8.49
1104,21.444,26,22,50,0.84,1.0,0.262,7.79
1105,30.353,23,17,43,0.744,1.0,0.25,6.9
1106,-30.967,18,24,43,0.837,1.0,0.25,11.56
1107,97.9,33,14,47,0.809,0.875,0.289,6.46
1108,37.083,22,15,38,0.711,1.0,0.259,7.59
1109,6.228,21,20,42,0.833,1.0,0.229,7.11
1110,-40.392,12,20,39,0.821,0.857,0.312,8.86
1111,62.968,26,14,43,0.884,1.0,0.263,6.11
1112,-16.623,13,16,36,0.806,1.0,0.241,8.54
1113,-18.611,23,26,52,0.788,0.75,0.244,11.09
1114,64.975,26,13,42,0.786,1.0,0.303,7.88
1115,9.845,22,20,44,0.841,0.833,0.324,10.52
1116,11.251,11,9,22,0.773,0.5,0.353,6.88
1117,-122.473,17,41,61,0.885,0.9,0.278,16.92
1118,52.638,23,13,36,0.833,1.0,0.367,5.99
1119,41.256,23,15,42,0.738,1.0,0.258,8.92
1120,-15.128,21,24,46,0.739,0.8,0.412,7.26
1121,67.859,27,14,42,0.833,0.909,0.314,7.8
1122,-84.647,14,30,50,0.84,0.909,0.238,15.17
1123,81.364,30,14,45,0.8,0.667,0.306,7.06
1124,-45.903,14,23,41,0.805,1.0,0.242,8.96
1125,-68.02,16,29,50,0.84,0.81,0.262,7.44
1126,2.798,19,18,38,0.658,0.5,0.48,5.45
1127,-62.779,13,25,41,0.854,1.0,0.343,9.91
1128,11.308,21,19,42,0.881,0.923,0.324,7.67
1129,-31.953,21,27,49,0.857,0.818,0.286,8.32
1130,-46.04,16,25,47,0.787,0.889,0.27,9.74
1131,30.188,18,12,35,0.714,0.75,0.44,7.32
1132,-45.051,18,27,49,0.898,1.0,0.341,8.28
1133,-31.089,13,19,38,0.789,0.8,0.3,10.56
1134,56.306,23,12,35,0.829,1.0,0.276,5.43
1135,-83.508,16,32,50,0.84,0.955,0.333,13.39
1136,-73.608,14,28,47,0.787,0.727,0.27,9.0
1137,15.769,14,11,28,0.893,1.0,0.28,9.74
1138,-50.692,20,30,51,0.784,0.846,0.25,12.01
1139,49.441,23,14,37,0.892,1.0,0.303,8.04
1140,24.816,22,17,41,0.756,1.0,0.323,7.13
1141,76.642,29,14,44,0.727,0.889,0.25,7.34
1142,64.113,24,11,37,0.757,1.0,0.321,5.06
1143,16.117,17,14,32,0.844,1.0,0.296,7.73
1144,34.773,19,12,37,0.865,0.667,0.281,9.89
1145,28.174,20,15,37,0.892,1.0,0.303,8.41
1146,-9.023,18,20,38,0.842,0.917,0.281,9.34
1147,35.638,22,15,39,0.769,0.75,0.333,10.5
1148,52.248,21,11,32,0.719,1.0,0.304,5.43
1149,-15.343,19,22,44,0.795,0.8,0.286,11.27
1150,33.906,22,15,38,0.763,0.8,0.379,8.27
1151,-71.557,11,25,42,0.929,0.875,0.308,10.05
1152,-25.733,22,27,50,0.86,0.944,0.326,11.51
1153,17.382,21,18,39,0.769,0.8,0.433,7.28
1154,83.596,28,12,42,0.738,0.571,0.323,8.57
1155,14.418,19,16,40,0.725,0.571,0.241,9.56
1156,-4.417,23,24,51,0.784,0.929,0.25,10.53
1157,62.948,23,11,36,0.806,0.75,0.31,7.64
1158,-62.736,17,29,50,0.86,1.0,0.372,15.67
1159,26.118,27,22,50,0.82,1.0,0.268,8.74
1160,40.267,20,12,36,0.778,0.75,0.321,7.97
1161,28.781,19,13,37,0.73,0.0,0.296,6.98
1162,-50.525,16,26,44,0.773,0.8,0.235,9.89
1163,22.356,22,18,44,0.818,1.0,0.306,11.79
1164,59.818,23,11,35,0.657,0.667,0.435,6.55
1165,-68.217,13,26,42,0.69,0.778,0.414,10.55
1166,-68.392,16,29,48,0.792,0.895,0.316,13.04
1167,11.48,25,23,53,0.811,0.938,0.279,9.94
1168,15.816,16,13,36,0.75,1.0,0.37,9.94
1169,8.847,22,20,43,0.744,0.889,0.375,7.83
1170,37.787,22,15,39,0.846,0.889,0.424,7.7
1171,-27.04,19,24,48,0.792,1.0,0.316,11.72
1172,21.224,22,18,43,0.837,0.75,0.25,10.19
1173,31.913,20,14,40,0.75,1.0,0.267,7.64
1174,35.849,25,18,43,0.86,0.5,0.243,8.77
1175,103.082,26,6,34,0.647,0.0,0.364,5.64
1176,54.15,20,10,32,0.844,0.0,0.296,6.99
1177,0.371,21,21,48,0.792,0.9,0.237,10.78
1178,-15.89,23,26,51,0.863,1.0,0.205,8.31
1179,56.742,28,17,45,0.622,0.429,0.321,10.04
1180,10.745,18,16,34,0.647,0.667,0.227,7.85
1181,-104.188,14,34,50,0.92,1.0,0.326,13.41
1182,9.474,21,19,42,0.762,1.0,0.312,7.03
1183,-5.199,21,22,47,0.787,1.0,0.351,7.51
1184,-92.241,17,35,59,0.78,0.812,0.283,14.27
1185,-13.158,22,25,49,0.735,0.75,0.278,9.03
1186,-47.503,17,26,47,0.872,0.933,0.317,8.98
1187,5.929,19,18,38,0.921,1.0,0.229,9.98
1188,-57.932,17,28,48,0.875,0.9,0.357,13.16
1189,37.615,24,17,44,0.841,0.909,0.378,11.25
1190,40.308,23,15,40,0.8,1.0,0.344,9.61
1191,49.903,27,17,46,0.891,0.909,0.244,6.84
1192,-3.579,14,15,31,0.871,1.0,0.333,8.55
1193,14.295,22,19,42,0.762,1.0,0.281,9.37
1194,4.876,23,22,48,0.917,1.0,0.25,7.62
1195,76.835,29,14,44,0.682,0.9,0.3,6.91
1196,31.352,22,16,41,0.829,1.0,0.382,8.89
1197,82.688,23,7,30,0.7,0.0,0.429,5.63
1198,-36.124,16,23,41,0.805,1.0,0.364,7.98
1199,23.432,25,20,49,0.816,0.786,0.3,8.71
1200,36.615,23,16,44,0.841,0.625,0.351,10.37
1201,31.722,20,14,38,0.947,1.0,0.278,7.32
1202,-41.477,21,29,55,0.782,1.0,0.302,11.98
1203,-14.422,14,17,37,0.838,1.0,0.258,9.41
1204,20.721,22,18,45,0.733,0.571,0.394,6.6
1205,-38.021,20,27,56,0.821,0.917,0.283,11.58
1206,56.987,22,11,37,0.703,1.0,0.308,5.88
1207,3.142,21,20,47,0.83,0.917,0.282,7.74
1208,-81.542,15,31,47,0.83,0.917,0.436,11.76
1209,30.653,21,15,38,0.763,1.0,0.31,9.07
1210,44.662,23,15,40,0.725,0.875,0.414,6.89
1211,-75.022,15,30,47,0.851,1.0,0.3,9.1
1212,26.582,24,19,45,0.778,1.0,0.257,8.83
1213,6.65,21,20,44,0.75,0.818,0.333,12.56
1214,-18.983,17,21,38,0.763,1.0,0.31,7.64
1215,-2.769,16,17,37,0.865,1.0,0.438,7.96
1216,110.232,28,7,37,0.865,0.0,0.312,4.73
1217,86.708,33,16,54,0.833,1.0,0.289,5.25
1218,48.213,17,8,32,0.719,1.0,0.304,5.99
1219,17.144,17,14,31,0.806,1.0,0.28,7.39
1220,68.582,21,8,32,0.812,1.0,0.423,4.73
1221,73.732,24,10,37,0.811,0.667,0.333,6.67
1222,-16.153,20,23,47,0.851,1.0,0.35,8.29
1223,-46.639,17,26,48,0.875,0.7,0.286,10.1
1224,9.158,17,15,42,0.762,1.0,0.312,10.18
1225,56.794,23,12,35,0.714,1.0,0.24,5.71
1226,-3.696,20,21,42,0.833,1.0,0.429,7.91
1227,-25.867,17,22,41,0.902,0.875,0.297,8.57
1228,-28.392,23,29,55,0.855,0.895,0.277,11.25
1229,14.884,20,17,42,0.81,1.0,0.324,8.94
1230,16.758,20,17,48,0.792,0.875,0.342,8.04
1231,16.591,22,19,44,0.841,1.0,0.324,8.96
1232,-23.988,21,26,48,0.896,0.786,0.302,12.52
1233,24.594,24,19,48,0.854,0.8,0.366,7.37
1234,32.152,25,19,45,0.8,0.8,0.278,10.49
1235,-13.31,20,23,44,0.727,0.875,0.312,8.92
1236,73.947,27,13,41,0.854,1.0,0.4,6.54
1237,15.592,25,22,48,0.729,0.846,0.314,9.43
1238,-61.279,14,26,44,0.841,0.909,0.27,8.14
1239,-21.39,20,24,50,0.8,1.0,0.275,10.38
1240,49.326,25,15,41,0.829,1.0,0.382,6.08
1241,15.905,21,18,45,0.8,0.833,0.278,8.17
1242,-34.88,24,31,56,0.804,0.909,0.333,10.16
1243,20.856,16,12,30,0.833,0.8,0.28,8.38
1244,22.975,20,16,39,0.718,0.5,0.357,6.97
1245,5.978,20,19,42,0.786,0.5,0.364,10.87
1246,22.317,20,16,37,0.676,1.0,0.4,9.27
1247,42.253,22,14,38,0.763,0.833,0.31,8.11
1248,14.87,19,16,39,0.718,0.7,0.464,9.72
1249,13.396,24,21,50,0.74,0.667,0.297,8.31
1250,-14.902,20,23,43,0.767,1.0,0.273,6.37
1251,-4.397,23,24,49,0.816,0.714,0.35,6.89
1252,-45.171,16,25,43,0.814,1.0,0.343,10.15
1253,3.332,19,18,41,0.878,1.0,0.333,10.5
1254,32.175,20,14,36,0.639,1.0,0.217,7.47
1255,46.396,21,12,41,0.756,1.0,0.29,9.46
1256,-80.729,15,31,46,0.826,1.0,0.342,10.97
1257,-24.598,17,22,44,0.773,0.923,0.353,13.83
1258,0.846,21,21,46,0.783,0.9,0.278,8.87
1259,50.717,21,11,35,0.743,0.0,0.308,5.84
1260,-54.345,17,28,48,0.792,0.929,0.342,13.4
1261,116.985,32,9,45,0.822,0.0,0.351,6.03
1262,31.23,20,14,34,0.676,0.714,0.261,8.38
1263,30.549,24,18,50,0.8,0.889,0.275,12.01
1264,-14.229,17,20,40,0.85,0.8,0.353,8.74
1265,-22.735,23,27,52,0.731,0.824,0.342,8.92
1266,-42.631,22,30,52,0.769,0.769,0.375,7.61
1267,46.179,23,14,37,0.838,1.0,0.29,6.83
1268,-27.389,19,24,51,0.804,1.0,0.341,12.6
1269,-21.382,21,25,49,0.776,1.0,0.368,7.46
1270,99.435,27,8,37,0.703,0.0,0.346,5.82
1271,1.488,20,20,40,0.75,0.833,0.4,9.28
1272,15.486,20,17,38,0.684,0.778,0.269,7.24
1273,-14.814,25,28,54,0.741,0.842,0.3,10.62
1274,-14.905,14,17,36,0.833,1.0,0.267,8.74
1275,-9.756,16,18,35,0.686,0.75,0.292,8.92
1276,-77.534,11,26,42,0.786,1.0,0.242,10.24
1277,-42.12,19,27,50,0.76,0.778,0.263,10.02
1278,-32.768,20,26,47,0.787,1.0,0.405,7.98
1279,4.197,17,16,42,0.81,1.0,0.265,8.1
1280,-34.882,12,19,34,0.882,1.0,0.3,8.99
1281,36.348,26,19,47,0.766,1.0,0.306,7.02
1282,3.847,25,24,52,0.846,1.0,0.25,8.38
1283,-6.106,16,17,36,0.778,1.0,0.321,7.57
1284,-7.709,22,24,49,0.673,0.7,0.242,11.39
1285,-10.966,13,15,33,0.727,1.0,0.333,8.18
1286,-61.783,13,25,44,0.75,0.8,0.303,11.32
1287,-15.54,17,20,44,0.75,0.857,0.273,11.97
1288,-42.205,11,19,35,0.886,1.0,0.258,10.91
1289,26.976,22,17,40,0.95,1.0,0.368,8.6
1290,35.867,20,13,36,0.75,0.0,0.407,9.2
1291,-10.744,24,26,55,0.782,0.714,0.442,12.95
1292,-60.119,12,24,37,0.865,0.889,0.281,10.38
1293,8.204,18,16,40,0.7,1.0,0.286,6.43
1294,61.912,25,13,38,0.816,1.0,0.258,5.43
1295,84.466,24,8,34,0.735,1.0,0.28,6.34
1296,-22.034,25,29,57,0.789,0.87,0.267,11.17
1297,74.281,26,12,41,0.829,1.0,0.265,7.17
1298,47.776,30,20,52,0.769,0.692,0.325,7.75
1299,32.26,26,20,48,0.875,0.833,0.333,7.41
1300,76.431,25,10,35,0.657,1.0,0.261,5.38
1301,36.743,21,14,36,0.778,1.0,0.321,4.92
1302,-0.361,20,20,42,0.857,0.875,0.306,9.38
1303,41.932,25,17,45,0.778,1.0,0.4,7.36
1304,5.524,19,18,38,0.632,0.692,0.333,8.98
1305,-7.79,16,18,35,0.743,0.5,0.231,6.02
1306,26.539,23,18,41,0.78,0.727,0.312,9.18
1307,56.791,24,13,38,0.711,1.0,0.296,7.72
1308,92.697,29,11,40,0.85,1.0,0.265,5.11
1309,36.924,19,12,35,0.686,0.75,0.25,7.84
1310,5.183,23,22,48,0.708,0.857,0.294,11.73
1311,10.366,13,11,25,0.64,0.0,0.25,5.03
1312,18.142,16,13,32,0.812,1.0,0.385,10.22
1313,-45.815,14,23,42,0.762,0.636,0.281,10.49
1314,86.955,26,9,37,0.784,1.0,0.31,6.5
1315,-62.889,14,26,45,0.778,0.818,0.286,8.54
1316,-87.697,16,33,53,0.887,1.0,0.34,13.42
1317,55.149,26,15,50,0.74,0.867,0.324,9.17
1318,-36.715,15,22,39,0.795,0.667,0.355,8.51
1319,23.719,28,23,55,0.873,1.0,0.271,7.22
1320,51.454,24,14,40,0.8,1.0,0.281,8.31
1321,0.306,26,26,54,0.685,0.786,0.351,9.91
1322,67.403,25,12,38,0.711,0.0,0.333,5.7
1323,94.319,24,6,30,0.7,1.0,0.333,4.0
1324,62.006,25,13,39,0.718,0.833,0.286,8.17
1325,-3.682,22,23,47,0.787,0.778,0.243,13.38
1326,35.385,24,17,45,0.844,1.0,0.237,9.86
1327,82.818,25,9,34,0.824,0.8,0.357,6.69
1328,67.771,27,14,42,0.667,0.833,0.393,8.07
1329,-75.149,13,28,42,0.714,0.5,0.433,13.31
1330,-42.48,20,28,50,0.7,0.727,0.286,13.73
1331,82.795,27,11,39,0.59,0.5,0.348,5.0
1332,51.227,27,17,45,0.756,1.0,0.235,7.76
1333,-68.041,13,26,47,0.83,0.9,0.333,14.25
1334,-31.227,21,27,57,0.842,0.714,0.271,9.59
1335,-41.734,21,29,52,0.846,1.0,0.341,9.12
1336,26.259,17,12,34,0.706,0.5,0.333,5.74
1337,-64.792,25,37,67,0.851,0.929,0.316,11.44
1338,-38.493,19,27,47,0.83,1.0,0.308,9.03
1339,11.011,23,21,46,0.739,0.875,0.265,8.8
1340,62.477,23,11,37,0.784,1.0,0.379,8.34
1341,65.345,28,15,46,0.717,0.778,0.303,8.16
1342,-15.038,16,19,38,0.816,1.0,0.29,6.72
1343,45.16,27,18,48,0.875,1.0,0.333,7.39
1344,-14.985,16,19,38,0.868,1.0,0.333,12.07
1345,13.646,28,24,53,0.868,0.765,0.283,11.15
1346,-57.628,19,30,54,0.87,0.875,0.298,9.11
1347,84.265,25,9,35,0.771,1.0,0.259,5.58
1348,90.855,24,7,33,0.576,0.0,0.474,6.88
1349,32.162,21,15,38,0.789,0.6,0.267,7.95
1350,21.079,19,15,36,0.806,0.833,0.345,7.99
1351,-45.693,16,25,45,0.733,0.818,0.333,10.01
1352,25.554,19,14,35,0.8,1.0,0.321,7.64
1353,-45.571,15,24,41,0.756,0.733,0.29,10.54
1354,102.43,31,11,45,0.778,0.75,0.343,7.94
1355,36.215,21,14,35,0.8,1.0,0.321,8.25
1356,-11.531,20,22,44,0.75,0.5,0.303,9.09
1357,60.301,22,11,35,0.829,0.0,0.276,5.29
1358,78.396,25,10,36,0.833,0.0,0.333,5.48
1359,-0.244,21,21,42,0.833,1.0,0.371,8.64
1360,70.856,27,13,41,0.829,1.0,0.294,5.17
1361,-26.167,14,19,35,0.629,0.0,0.318,7.36
1362,21.629,22,18,42,0.881,1.0,0.243,10.79
1363,-29.878,15,21,37,0.811,0.75,0.367,10.82
1364,-71.992,13,27,44,0.841,0.818,0.324,14.24
1365,43.099,22,13,40,0.8,0.857,0.281,9.13
1366,-10.019,19,21,46,0.739,0.947,0.294,11.27
1367,66.858,24,11,35,0.771,1.0,0.259,6.84
1368,-76.424,15,30,48,0.708,0.733,0.294,14.38
1369,-39.594,21,29,51,0.843,0.875,0.302,8.17
1370,24.77,27,22,52,0.731,0.889,0.263,6.79
1371,-15.156,21,24,46,0.826,1.0,0.237,9.73
1372,-21.099,21,25,50,0.72,0.765,0.333,11.82
1373,42.369,26,18,45,0.733,1.0,0.303,9.44
1374,32.442,25,19,46,0.696,0.818,0.344,10.11
1375,-67.957,16,29,46,0.783,0.846,0.278,8.73
1376,20.434,19,15,37,0.757,0.8,0.393,5.97
1377,31.051,21,15,39,0.718,1.0,0.357,7.59
1378,30.486,18,12,38,0.763,1.0,0.414,6.87
1379,6.382,17,16,36,0.861,1.0,0.29,6.93
1380,21.689,24,19,45,0.778,1.0,0.371,9.86
1381,-24.971,20,25,48,0.792,0.7,0.316,9.61
1382,27.739,19,14,39,0.846,0.0,0.242,9.78
1383,82.044,31,15,48,0.646,0.75,0.323,8.27
1384,24.857,23,18,45,0.844,0.9,0.289,7.16
1385,31.494,23,17,41,0.878,1.0,0.25,7.66
1386,15.666,23,20,45,0.756,0.727,0.294,8.72
1387,6.047,18,17,40,0.675,0.833,0.407,11.86
1388,23.246,21,16,39,0.744,0.778,0.241,6.71
1389,-9.785,19,21,46,0.696,0.75,0.25,9.6
1390,14.014,18,15,33,0.758,0.0,0.4,6.19
1391,-30.751,14,20,36,0.806,0.75,0.276,8.9
1392,27.516,19,14,35,0.8,1.0,0.321,5.45
1393,35.93,23,16,45,0.667,1.0,0.333,7.03
1394,-11.885,20,23,45,0.8,0.75,0.278,10.75
1395,-10.889,26,28,56,0.804,0.875,0.289,11.05
1396,-30.084,18,24,45,0.711,0.643,0.25,8.51
1397,-31.432,21,27,52,0.885,1.0,0.304,13.19
1398,52.263,21,11,34,0.794,0.0,0.296,5.36
1399,-45.237,15,24,40,0.8,0.875,0.25,10.5
1400,-45.534,19,28,50,0.74,0.923,0.351,14.46
1401,26.082,20,15,37,0.703,0.875,0.346,8.52
1402,-34.315,16,23,42,0.69,0.75,0.276,12.73
1403,0.129,21,21,44,0.864,0.857,0.263,10.08
1404,0.171,18,18,38,0.868,1.0,0.303,7.72
1405,-70.539,15,29,44,0.864,0.714,0.316,13.69
1406,75.462,30,15,51,0.647,1.0,0.364,6.35
1407,39.433,30,23,58,0.793,0.75,0.478,10.08
1408,84.807,26,10,37,0.811,1.0,0.367,5.78
1409,63.842,26,14,41,0.78,0.5,0.25,9.13
1410,6.488,15,14,32,0.719,1.0,0.435,9.59
1411,10.844,19,17,38,0.789,0.75,0.233,9.46
1412,86.952,24,7,34,0.706,0.0,0.5,5.5
1413,41.648,25,17,45,0.778,1.0,0.286,7.79
1414,46.403,17,8,30,0.833,0.0,0.4,4.48
1415,47.746,24,15,40,0.725,0.8,0.31,9.76
1416,32.128,20,14,34,0.794,1.0,0.259,8.09
1417,11.853,19,17,37,0.838,1.0,0.323,9.63
1418,89.743,28,11,44,0.818,1.0,0.361,6.73
1419,-9.08,20,22,45,0.844,1.0,0.342,9.39
1420,0.171,25,25,54,0.815,0.867,0.273,10.94
1421,21.274,21,17,43,0.837,1.0,0.278,8.37
1422,0.274,19,19,39,0.821,0.667,0.344,10.73
1423,33.468,18,12,31,0.742,1.0,0.261,7.05
1424,-88.348,12,29,43,0.907,1.0,0.282,9.08
1425,-5.189,23,24,48,0.75,1.0,0.389,11.24
1426,-12.306,18,20,41,0.756,0.75,0.29,9.49
1427,31.159,21,15,41,0.78,0.833,0.344,8.7
1428,-51.487,13,23,44,0.864,1.0,0.316,12.34
1429,66.47,28,15,46,0.826,0.857,0.342,10.15
1430,19.716,24,20,48,0.771,0.875,0.324,8.57
1431,87.523,24,7,33,0.697,0.0,0.478,5.7
1432,83.171,25,9,35,0.657,1.0,0.304,4.86
1433,28.272,22,16,41,0.732,1.0,0.367,6.7
1434,8.453,19,17,42,0.714,0.909,0.333,9.6
1435,62.362,25,13,38,0.684,0.667,0.269,6.34
1436,-144.066,9,37,49,0.694,0.684,0.294,13.17
1437,-7.252,22,23,48,0.729,0.5,0.286,8.45
1438,-24.911,17,22,42,0.643,0.727,0.333,11.77
1439,41.382,21,13,35,0.857,0.0,0.333,6.79
1440,-36.362,21,28,51,0.765,0.9,0.308,7.63
1441,23.009,21,17,41,0.805,1.0,0.455,11.05
1442,29.962,23,17,44,0.841,1.0,0.378,5.35
1443,36.169,23,16,46,0.848,0.857,0.41,7.91
1444,32.865,22,15,41,0.78,0.778,0.438,7.35
1445,32.497,24,18,43,0.791,1.0,0.294,9.11
1446,-65.379,16,29,48,0.708,0.786,0.353,10.49
1447,68.653,21,8,30,0.633,1.0,0.368,5.29
1448,54.548,26,15,47,0.809,1.0,0.289,8.98
1449,9.822,17,15,33,0.606,0.6,0.35,8.39
1450,52.912,22,12,39,0.846,1.0,0.364,9.47
1451,8.353,22,21,46,0.848,0.818,0.282,9.59
1452,8.713,20,18,42,0.833,0.909,0.343,10.02
1453,-2.002,21,22,44,0.773,0.833,0.412,10.84
1454,-14.941,14,17,36,0.778,1.0,0.25,9.21
1455,-8.358,23,24,53,0.736,0.786,0.256,7.77
1456,40.564,22,14,42,0.786,1.0,0.333,8.73
1457,10.325,15,13,32,0.906,0.0,0.276,7.29
1458,21.089,25,21,46,0.761,0.786,0.314,7.94
1459,89.006,28,11,41,0.683,0.0,0.393,7.11
1460,49.915,26,16,48,0.75,0.769,0.25,9.79
1461,-39.062,18,26,47,0.894,1.0,0.31,8.08
1462,57.21,21,10,34,0.618,0.833,0.286,4.99
1463,96.137,28,9,39,0.718,1.0,0.357,5.51
1464,57.08,21,10,32,0.688,0.667,0.364,6.71
1465,103.646,31,11,43,0.814,1.0,0.457,5.86
1466,51.433,22,12,35,0.714,1.0,0.24,7.31
1467,77.218,26,11,38,0.868,1.0,0.394,9.81
1468,48.512,24,15,42,0.857,0.889,0.361,11.64
1469,-35.694,21,28,52,0.692,0.706,0.361,10.45
1470,37.078,23,16,39,0.795,0.5,0.355,10.05
1471,4.368,17,16,34,0.647,0.75,0.409,8.29
1472,-21.712,15,19,43,0.837,0.75,0.389,11.16
1473,36.466,21,14,36,0.778,0.9,0.286,9.54
1474,23.356,24,19,45,0.778,0.778,0.343,5.78
1475,20.597,24,20,47,0.83,0.933,0.282,12.42
1476,-148.675,13,42,58,0.879,1.0,0.275,10.52
1477,80.99,31,15,49,0.837,1.0,0.293,7.71
1478,71.668,25,11,38,0.737,0.667,0.321,8.74
1479,-2.415,16,17,35,0.886,1.0,0.484,6.37
1480,69.732,27,13,46,0.804,0.889,0.297,7.36
1481,50.86,25,15,45,0.844,1.0,0.395,8.03
1482,24.091,26,21,53,0.755,0.882,0.275,8.73
1483,41.916,25,17,43,0.814,1.0,0.286,6.79
1484,40.513,23,15,39,0.769,1.0,0.367,10.33
1485,-25.792,16,21,42,0.738,1.0,0.323,10.02
1486,-50.558,15,25,42,0.905,0.75,0.263,10.34
1487,51.008,25,15,42,0.762,0.8,0.344,5.85
1488,52.989,28,17,51,0.765,0.889,0.256,7.55
1489,104.532,32,12,46,0.739,1.0,0.294,6.62
1490,78.368,29,14,43,0.837,1.0,0.278,7.55
1491,14.039,23,20,45,0.867,0.857,0.282,9.78
1492,-133.415,10,36,48,0.792,0.9,0.342,10.27
1493,46.066,22,13,36,0.722,0.667,0.308,8.39
1494,98.507,30,11,44,0.614,0.444,0.333,9.59
1495,43.436,23,15,42,0.81,1.0,0.324,12.74
1496,12.56,20,18,40,0.75,1.0,0.4,6.48
1497,78.416,26,11,41,0.683,0.5,0.286,6.69
1498,-41.902,17,25,45,0.733,0.556,0.333,12.42
1499,71.671,20,6,28,0.679,0.0,0.316,4.96
1500,34.404,21,14,37,0.757,1.0,0.464,7.31
