"# dyn mode=none d=0 [0,0] route_mask=local lam_hot=0.60 ch=3 seed=2 eps=1500 ue=25"
episode,reward,success,fail,arrived,route_rate,cond_route_rate,top_share,load_std
1,-26.364,15,20,41,0.0,0.0,0.0,10.64
2,1.721,19,19,38,0.0,0.0,0.0,9.22
3,-64.476,14,27,43,0.0,0.0,0.0,13.29
4,-129.536,10,35,48,0.0,0.0,0.0,15.58
5,-93.542,10,28,49,0.0,0.0,0.0,12.69
6,-107.736,8,29,41,0.0,0.0,0.0,13.99
7,-26.945,12,17,35,0.0,0.0,0.0,7.49
8,-27.637,14,19,38,0.0,0.0,0.0,13.76
9,-25.763,16,21,42,0.0,0.0,0.0,11.06
10,-81.388,11,27,42,0.0,0.0,0.0,9.78
11,-73.544,18,32,55,0.0,0.0,0.0,15.19
12,-56.42,9,20,35,0.0,0.0,0.0,12.41
13,-46.435,16,25,44,0.0,0.0,0.0,13.89
14,45.528,20,11,36,0.0,0.0,0.0,9.56
15,-55.504,15,26,44,0.0,0.0,0.0,9.68
16,10.34,17,15,34,0.0,0.0,0.0,8.27
17,-55.896,16,27,46,0.0,0.0,0.0,14.15
18,-108.159,6,27,38,0.0,0.0,0.0,14.58
19,-84.887,15,32,50,0.0,0.0,0.0,12.56
20,-40.786,16,24,47,0.0,0.0,0.0,13.28
21,-103.681,13,33,54,0.0,0.0,0.0,15.72
22,-62.087,11,23,36,0.0,0.0,0.0,13.11
23,-21.078,16,20,41,0.0,0.0,0.0,12.01
24,-41.526,15,23,40,0.0,0.0,0.0,9.39
25,-61.383,15,27,46,0.0,0.0,0.0,13.66
26,-115.216,11,33,48,0.0,0.0,0.0,14.51
27,-118.605,13,36,53,0.0,0.0,0.0,18.0
28,5.712,18,17,37,0.0,0.0,0.0,10.09
29,-144.153,9,37,49,0.0,0.0,0.0,16.63
30,-71.984,11,25,39,0.0,0.0,0.0,15.58
31,-62.123,12,24,40,0.0,0.0,0.0,12.78
32,-16.258,16,19,38,0.0,0.0,0.0,10.63
33,-81.35,10,26,38,0.0,0.0,0.0,15.67
34,-117.653,12,35,51,0.0,0.0,0.0,14.06
35,-67.217,17,30,50,0.0,0.0,0.0,11.53
36,-128.784,13,38,55,0.0,0.0,0.0,17.83
37,-87.107,11,28,42,0.0,0.0,0.0,13.0
38,32.637,19,13,34,0.0,0.0,0.0,6.33
39,-72.744,12,26,42,0.0,0.0,0.0,14.9
40,5.71,20,19,44,0.0,0.0,0.0,10.76
41,-4.384,13,14,31,0.0,0.0,0.0,8.01
42,-15.763,15,18,39,0.0,0.0,0.0,11.69
43,-55.707,15,26,43,0.0,0.0,0.0,13.37
44,-57.227,13,24,38,0.0,0.0,0.0,8.13
45,2.641,17,17,36,0.0,0.0,0.0,6.87
46,-5.48,19,20,42,0.0,0.0,0.0,14.11
47,-160.313,6,37,46,0.0,0.0,0.0,19.17
48,-9.699,13,15,33,0.0,0.0,0.0,10.56
49,-25.638,11,16,30,0.0,0.0,0.0,8.53
50,-99.333,7,26,36,0.0,0.0,0.0,8.31
51,-4.953,16,17,38,0.0,0.0,0.0,12.62
52,-40.558,17,25,43,0.0,0.0,0.0,8.19
53,-81.044,16,32,50,0.0,0.0,0.0,12.33
54,-46.094,15,24,44,0.0,0.0,0.0,14.85
55,-81.99,14,30,46,0.0,0.0,0.0,14.93
56,-5.34,17,18,38,0.0,0.0,0.0,9.52
57,-51.123,13,23,40,0.0,0.0,0.0,10.43
58,-30.889,13,19,34,0.0,0.0,0.0,12.51
59,-77.251,13,28,46,0.0,0.0,0.0,12.74
60,-93.246,9,27,38,0.0,0.0,0.0,12.85
61,-101.588,9,29,43,0.0,0.0,0.0,13.22
62,-87.769,11,28,44,0.0,0.0,0.0,11.3
63,-54.865,15,26,42,0.0,0.0,0.0,11.4
64,-51.159,16,26,47,0.0,0.0,0.0,15.24
65,-57.444,15,26,48,0.0,0.0,0.0,9.17
66,-26.449,15,20,39,0.0,0.0,0.0,8.79
67,-133.002,8,34,47,0.0,0.0,0.0,14.23
68,-81.686,14,30,52,0.0,0.0,0.0,16.79
69,57.688,19,8,30,0.0,0.0,0.0,8.72
70,-145.901,10,38,52,0.0,0.0,0.0,17.64
71,-77.56,10,25,39,0.0,0.0,0.0,13.42
72,-104.087,10,30,43,0.0,0.0,0.0,12.17
73,-76.434,10,25,39,0.0,0.0,0.0,13.94
74,-21.564,12,16,31,0.0,0.0,0.0,9.41
75,-96.006,9,28,40,0.0,0.0,0.0,9.34
76,-35.376,18,25,45,0.0,0.0,0.0,13.96
77,-87.126,10,27,41,0.0,0.0,0.0,9.4
78,-66.492,12,25,41,0.0,0.0,0.0,15.25
79,-103.613,8,28,43,0.0,0.0,0.0,10.92
80,14.995,16,13,33,0.0,0.0,0.0,8.97
81,-5.019,19,20,39,0.0,0.0,0.0,8.43
82,-129.786,14,39,57,0.0,0.0,0.0,11.66
83,-78.319,13,28,45,0.0,0.0,0.0,16.43
84,-55.743,13,24,42,0.0,0.0,0.0,17.66
85,-124.261,8,32,44,0.0,0.0,0.0,12.89
86,-25.991,17,22,42,0.0,0.0,0.0,15.05
87,47.001,20,11,33,0.0,0.0,0.0,9.42
88,7.427,20,19,41,0.0,0.0,0.0,8.45
89,-76.077,10,25,40,0.0,0.0,0.0,15.43
90,-154.992,13,43,58,0.0,0.0,0.0,17.75
91,29.629,20,14,37,0.0,0.0,0.0,8.98
92,-103.679,11,31,49,0.0,0.0,0.0,19.73
93,-19.388,14,18,36,0.0,0.0,0.0,9.53
94,-51.564,14,24,41,0.0,0.0,0.0,14.68
95,-14.348,17,20,37,0.0,0.0,0.0,11.5
96,-112.565,13,35,53,0.0,0.0,0.0,19.23
97,-68.318,12,25,44,0.0,0.0,0.0,17.59
98,-91.886,13,31,46,0.0,0.0,0.0,18.26
99,-98.615,13,32,48,0.0,0.0,0.0,11.55
100,-92.262,15,33,49,0.0,0.0,0.0,14.98
101,-16.167,18,21,41,0.0,0.0,0.0,7.94
102,-49.094,14,24,44,0.0,0.0,0.0,15.38
103,-62.512,14,26,45,0.0,0.0,0.0,10.56
104,-51.831,20,30,54,0.0,0.0,0.0,10.72
105,-50.152,12,22,38,0.0,0.0,0.0,13.77
106,-20.73,14,18,36,0.0,0.0,0.0,10.82
107,-93.928,14,32,47,0.0,0.0,0.0,13.54
108,-5.544,17,18,39,0.0,0.0,0.0,11.34
109,-32.115,19,25,45,0.0,0.0,0.0,10.83
110,-87.924,8,25,36,0.0,0.0,0.0,13.13
111,-30.701,19,25,48,0.0,0.0,0.0,11.14
112,-119.367,10,33,50,0.0,0.0,0.0,20.3
113,-12.801,18,20,43,0.0,0.0,0.0,8.15
114,-22.075,15,19,40,0.0,0.0,0.0,9.75
115,-5.967,18,19,41,0.0,0.0,0.0,13.19
116,-24.228,18,23,43,0.0,0.0,0.0,8.87
117,-116.92,11,34,51,0.0,0.0,0.0,15.68
118,-26.87,12,17,33,0.0,0.0,0.0,10.27
119,-112.042,9,31,41,0.0,0.0,0.0,15.16
120,-66.326,17,30,49,0.0,0.0,0.0,13.36
121,-97.932,9,28,43,0.0,0.0,0.0,16.86
122,-54.145,17,27,49,0.0,0.0,0.0,7.91
123,-36.763,11,18,34,0.0,0.0,0.0,7.82
124,-11.37,16,18,40,0.0,0.0,0.0,12.81
125,-19.525,15,19,39,0.0,0.0,0.0,9.13
126,-31.316,14,20,39,0.0,0.0,0.0,12.17
127,-116.731,8,31,45,0.0,0.0,0.0,10.64
128,-24.727,17,22,41,0.0,0.0,0.0,13.01
129,-99.644,11,30,47,0.0,0.0,0.0,16.21
130,-61.975,13,25,43,0.0,0.0,0.0,15.73
131,-72.39,17,31,51,0.0,0.0,0.0,12.04
132,-35.122,17,24,43,0.0,0.0,0.0,10.48
133,-149.783,9,38,51,0.0,0.0,0.0,16.38
134,-16.82,11,14,27,0.0,0.0,0.0,8.16
135,-55.784,14,25,42,0.0,0.0,0.0,8.63
136,-143.475,9,37,49,0.0,0.0,0.0,18.72
137,-67.007,13,26,41,0.0,0.0,0.0,12.68
138,0.956,18,18,37,0.0,0.0,0.0,11.98
139,-144.518,7,35,45,0.0,0.0,0.0,15.81
140,-155.54,9,39,51,0.0,0.0,0.0,18.44
141,-56.214,13,24,37,0.0,0.0,0.0,12.14
142,11.633,19,17,39,0.0,0.0,0.0,10.39
143,-109.235,7,28,43,0.0,0.0,0.0,14.55
144,-67.437,11,24,41,0.0,0.0,0.0,11.79
145,-123.964,7,31,41,0.0,0.0,0.0,20.04
146,-77.821,13,28,43,0.0,0.0,0.0,12.74
147,-36.277,17,24,43,0.0,0.0,0.0,13.11
148,-52.397,12,22,40,0.0,0.0,0.0,14.37
149,30.123,17,11,31,0.0,0.0,0.0,7.8
150,20.755,21,17,42,0.0,0.0,0.0,14.68
151,-82.899,12,28,44,0.0,0.0,0.0,15.84
152,24.959,14,9,27,0.0,0.0,0.0,5.97
153,-113.541,16,38,54,0.0,0.0,0.0,16.6
154,-1.019,20,20,40,0.0,0.0,0.0,7.1
155,-36.39,14,21,41,0.0,0.0,0.0,12.47
156,-129.672,9,34,52,0.0,0.0,0.0,15.44
157,-56.571,14,25,43,0.0,0.0,0.0,12.81
158,-37.864,22,29,59,0.0,0.0,0.0,7.29
159,4.48,15,14,35,0.0,0.0,0.0,9.21
160,-77.076,13,28,44,0.0,0.0,0.0,13.78
161,40.005,22,14,41,0.0,0.0,0.0,7.42
162,-68.176,10,23,37,0.0,0.0,0.0,13.03
163,-68.072,12,25,41,0.0,0.0,0.0,13.43
164,-47.406,13,22,39,0.0,0.0,0.0,10.11
165,-117.891,12,35,49,0.0,0.0,0.0,17.47
166,-4.046,16,17,36,0.0,0.0,0.0,6.98
167,-4.099,18,19,41,0.0,0.0,0.0,8.07
168,-11.445,20,22,48,0.0,0.0,0.0,8.8
169,-60.235,15,27,44,0.0,0.0,0.0,17.22
170,-91.735,10,28,42,0.0,0.0,0.0,11.0
171,-36.757,11,18,34,0.0,0.0,0.0,9.76
172,-70.608,13,27,46,0.0,0.0,0.0,11.05
173,-15.67,18,21,41,0.0,0.0,0.0,10.27
174,10.463,19,17,37,0.0,0.0,0.0,11.04
175,-81.517,15,31,47,0.0,0.0,0.0,11.58
176,5.029,18,17,35,0.0,0.0,0.0,9.08
177,20.607,19,15,36,0.0,0.0,0.0,8.45
178,35.25,20,13,34,0.0,0.0,0.0,7.6
179,-72.62,11,25,40,0.0,0.0,0.0,14.25
180,-46.141,12,21,36,0.0,0.0,0.0,11.01
181,-66.52,13,26,41,0.0,0.0,0.0,13.77
182,-51.939,12,22,38,0.0,0.0,0.0,11.73
183,-48.74,19,28,48,0.0,0.0,0.0,10.18
184,-45.909,15,24,42,0.0,0.0,0.0,12.49
185,11.169,16,14,32,0.0,0.0,0.0,7.12
186,-37.543,17,24,42,0.0,0.0,0.0,10.6
187,-52.242,11,21,34,0.0,0.0,0.0,12.77
188,-72.621,12,26,40,0.0,0.0,0.0,12.35
189,-78.304,13,28,45,0.0,0.0,0.0,13.09
190,-16.192,17,20,42,0.0,0.0,0.0,11.1
191,-17.028,15,18,37,0.0,0.0,0.0,10.55
192,-5.271,15,16,33,0.0,0.0,0.0,7.63
193,-156.129,10,40,57,0.0,0.0,0.0,17.47
194,-26.903,16,21,37,0.0,0.0,0.0,8.69
195,47.545,19,10,30,0.0,0.0,0.0,7.07
196,27.363,19,14,35,0.0,0.0,0.0,8.97
197,7.519,18,17,37,0.0,0.0,0.0,10.0
198,-88.115,12,29,44,0.0,0.0,0.0,11.74
199,-98.928,12,31,49,0.0,0.0,0.0,17.82
200,-24.402,17,22,44,0.0,0.0,0.0,12.89
201,-51.216,18,28,49,0.0,0.0,0.0,10.64
202,-54.984,15,26,43,0.0,0.0,0.0,11.69
203,-50.814,9,19,30,0.0,0.0,0.0,10.85
204,-1.629,19,19,43,0.0,0.0,0.0,8.29
205,-14.996,19,22,43,0.0,0.0,0.0,9.38
206,25.104,18,13,35,0.0,0.0,0.0,7.82
207,1.275,18,18,37,0.0,0.0,0.0,10.79
208,-49.875,15,25,41,0.0,0.0,0.0,14.26
209,9.864,19,17,39,0.0,0.0,0.0,7.03
210,-12.293,21,23,48,0.0,0.0,0.0,11.59
211,-57.868,11,22,38,0.0,0.0,0.0,13.18
212,-57.312,19,30,52,0.0,0.0,0.0,11.07
213,-108.028,16,37,55,0.0,0.0,0.0,17.23
214,-72.363,12,26,39,0.0,0.0,0.0,11.99
215,-56.23,13,24,40,0.0,0.0,0.0,12.33
216,-0.289,18,18,39,0.0,0.0,0.0,7.9
217,-91.484,17,34,57,0.0,0.0,0.0,14.6
218,-15.912,18,21,43,0.0,0.0,0.0,12.14
219,-67.357,16,29,51,0.0,0.0,0.0,12.07
220,-94.032,11,29,44,0.0,0.0,0.0,9.11
221,-60.821,12,24,38,0.0,0.0,0.0,14.94
222,-58.071,16,27,50,0.0,0.0,0.0,16.58
223,-42.163,17,25,44,0.0,0.0,0.0,10.33
224,-50.184,12,22,38,0.0,0.0,0.0,9.65
225,-68.172,14,27,45,0.0,0.0,0.0,12.67
226,-67.276,13,26,41,0.0,0.0,0.0,15.79
227,-41.382,15,23,41,0.0,0.0,0.0,7.9
228,-21.326,15,19,41,0.0,0.0,0.0,10.57
229,-3.708,16,17,37,0.0,0.0,0.0,11.37
230,-124.243,12,36,55,0.0,0.0,0.0,15.12
231,-12.005,20,22,50,0.0,0.0,0.0,11.52
232,-50.338,13,23,39,0.0,0.0,0.0,10.78
233,-102.371,10,30,44,0.0,0.0,0.0,13.19
234,-97.391,8,27,42,0.0,0.0,0.0,13.22
235,-29.067,13,19,35,0.0,0.0,0.0,11.45
236,-72.498,19,33,55,0.0,0.0,0.0,13.58
237,-36.911,19,26,46,0.0,0.0,0.0,14.43
238,-18.307,15,19,39,0.0,0.0,0.0,13.41
239,-15.737,16,19,35,0.0,0.0,0.0,8.29
240,-124.258,11,35,51,0.0,0.0,0.0,12.17
241,-20.941,14,18,36,0.0,0.0,0.0,15.07
242,-20.671,16,20,39,0.0,0.0,0.0,9.78
243,-149.02,9,38,48,0.0,0.0,0.0,14.97
244,-25.235,15,20,41,0.0,0.0,0.0,13.05
245,-39.421,14,22,40,0.0,0.0,0.0,12.32
246,-51.359,15,25,43,0.0,0.0,0.0,17.62
247,1.728,20,20,43,0.0,0.0,0.0,13.3
248,-106.481,11,32,45,0.0,0.0,0.0,14.92
249,-5.155,16,17,35,0.0,0.0,0.0,6.31
250,16.095,14,11,29,0.0,0.0,0.0,7.04
251,-25.056,12,17,37,0.0,0.0,0.0,12.9
252,-5.446,20,21,45,0.0,0.0,0.0,10.79
253,-89.602,11,28,46,0.0,0.0,0.0,13.52
254,-56.908,16,27,46,0.0,0.0,0.0,13.17
255,-10.758,21,23,49,0.0,0.0,0.0,10.63
256,-51.098,21,31,54,0.0,0.0,0.0,14.5
257,-51.984,15,25,44,0.0,0.0,0.0,14.38
258,-31.795,21,27,54,0.0,0.0,0.0,15.74
259,-26.795,17,22,47,0.0,0.0,0.0,13.12
260,-24.674,14,19,42,0.0,0.0,0.0,14.68
261,-94.231,15,33,54,0.0,0.0,0.0,16.19
262,-40.383,13,21,39,0.0,0.0,0.0,9.92
263,-5.866,13,14,36,0.0,0.0,0.0,12.01
264,-0.76,18,18,40,0.0,0.0,0.0,15.04
265,-133.771,6,32,44,0.0,0.0,0.0,13.76
266,-21.476,21,25,50,0.0,0.0,0.0,12.57
267,-52.586,15,25,40,0.0,0.0,0.0,9.98
268,-40.368,16,24,42,0.0,0.0,0.0,8.14
269,-43.629,17,25,44,0.0,0.0,0.0,9.26
270,-67.124,14,27,43,0.0,0.0,0.0,11.65
271,-76.31,13,28,42,0.0,0.0,0.0,15.17
272,-46.273,14,23,40,0.0,0.0,0.0,9.47
273,-30.159,12,18,34,0.0,0.0,0.0,11.46
274,-62.45,14,26,41,0.0,0.0,0.0,12.84
275,24.524,21,16,38,0.0,0.0,0.0,6.46
276,-9.694,17,19,39,0.0,0.0,0.0,10.36
277,-31.159,15,21,41,0.0,0.0,0.0,12.82
278,-41.605,16,24,42,0.0,0.0,0.0,12.89
279,-19.568,13,17,34,0.0,0.0,0.0,12.25
280,-32.915,20,26,53,0.0,0.0,0.0,15.55
281,-119.903,15,38,58,0.0,0.0,0.0,15.61
282,-92.285,11,29,45,0.0,0.0,0.0,14.44
283,-71.714,15,29,47,0.0,0.0,0.0,14.06
284,58.86,18,7,28,0.0,0.0,0.0,5.86
285,-5.157,18,19,42,0.0,0.0,0.0,9.62
286,-1.231,18,18,40,0.0,0.0,0.0,8.83
287,29.305,24,18,44,0.0,0.0,0.0,8.22
288,-63.078,13,25,42,0.0,0.0,0.0,13.8
289,-5.613,15,16,34,0.0,0.0,0.0,10.33
290,-31.796,18,24,44,0.0,0.0,0.0,10.18
291,6.37,17,16,36,0.0,0.0,0.0,9.68
292,-4.964,16,17,38,0.0,0.0,0.0,10.98
293,-81.74,12,28,43,0.0,0.0,0.0,11.89
294,-92.386,12,30,44,0.0,0.0,0.0,12.1
295,-144.36,8,36,46,0.0,0.0,0.0,17.21
296,-37.614,18,25,49,0.0,0.0,0.0,12.81
297,-8.838,17,19,38,0.0,0.0,0.0,12.0
298,-26.649,16,21,38,0.0,0.0,0.0,9.48
299,-92.281,15,33,51,0.0,0.0,0.0,11.43
300,-62.36,13,25,42,0.0,0.0,0.0,14.29
301,-71.739,14,28,46,0.0,0.0,0.0,13.78
302,-184.903,9,45,59,0.0,0.0,0.0,26.05
303,-89.629,13,30,49,0.0,0.0,0.0,10.73
304,-82.301,10,26,38,0.0,0.0,0.0,17.18
305,-144.108,11,39,53,0.0,0.0,0.0,20.0
306,-62.18,12,24,39,0.0,0.0,0.0,12.7
307,-78.531,14,29,43,0.0,0.0,0.0,10.8
308,30.235,21,15,38,0.0,0.0,0.0,9.25
309,-1.397,19,19,41,0.0,0.0,0.0,12.71
310,-62.62,13,25,40,0.0,0.0,0.0,12.26
311,-59.827,16,27,48,0.0,0.0,0.0,10.41
312,-51.322,10,20,36,0.0,0.0,0.0,11.03
313,-108.247,13,34,53,0.0,0.0,0.0,14.98
314,47.459,22,13,36,0.0,0.0,0.0,7.56
315,-68.918,18,31,56,0.0,0.0,0.0,17.53
316,-1.048,20,20,45,0.0,0.0,0.0,13.11
317,-52.397,17,27,50,0.0,0.0,0.0,13.38
318,-30.92,13,19,37,0.0,0.0,0.0,9.62
319,-76.526,11,26,39,0.0,0.0,0.0,12.09
320,-1.405,17,17,35,0.0,0.0,0.0,5.0
321,-103.706,12,32,50,0.0,0.0,0.0,18.98
322,30.029,22,16,43,0.0,0.0,0.0,7.88
323,-14.419,24,26,55,0.0,0.0,0.0,11.18
324,-138.595,7,34,43,0.0,0.0,0.0,16.03
325,-7.023,19,20,40,0.0,0.0,0.0,10.48
326,-118.632,14,37,51,0.0,0.0,0.0,20.01
327,-71.067,12,26,41,0.0,0.0,0.0,15.62
328,-4.423,12,13,29,0.0,0.0,0.0,9.73
329,-98.622,13,32,47,0.0,0.0,0.0,15.11
330,-67.78,15,28,49,0.0,0.0,0.0,14.89
331,-68.694,20,33,61,0.0,0.0,0.0,12.31
332,-38.177,18,25,45,0.0,0.0,0.0,12.49
333,-61.113,11,23,35,0.0,0.0,0.0,10.53
334,-75.797,9,24,40,0.0,0.0,0.0,12.04
335,-34.123,18,25,43,0.0,0.0,0.0,14.42
336,-26.606,21,26,51,0.0,0.0,0.0,12.35
337,-109.278,5,26,35,0.0,0.0,0.0,16.25
338,-170.658,6,39,50,0.0,0.0,0.0,19.2
339,9.93,16,14,32,0.0,0.0,0.0,6.72
340,-97.506,8,27,43,0.0,0.0,0.0,15.04
341,-53.459,15,25,45,0.0,0.0,0.0,8.33
342,-154.334,9,39,52,0.0,0.0,0.0,18.43
343,-127.719,11,36,48,0.0,0.0,0.0,15.98
344,-28.056,16,21,43,0.0,0.0,0.0,9.18
345,-14.03,13,16,32,0.0,0.0,0.0,10.07
346,-70.848,14,28,44,0.0,0.0,0.0,14.43
347,-30.357,14,20,41,0.0,0.0,0.0,10.62
348,-71.761,15,29,48,0.0,0.0,0.0,12.0
349,-66.823,15,28,48,0.0,0.0,0.0,13.61
350,-37.371,17,24,46,0.0,0.0,0.0,13.02
351,-44.926,13,22,38,0.0,0.0,0.0,14.15
352,-84.689,17,33,56,0.0,0.0,0.0,16.46
353,-52.082,18,28,53,0.0,0.0,0.0,15.24
354,-77.069,8,23,35,0.0,0.0,0.0,14.55
355,-25.711,13,18,31,0.0,0.0,0.0,6.85
356,-154.99,10,40,54,0.0,0.0,0.0,14.8
357,-76.286,13,28,48,0.0,0.0,0.0,13.42
358,-20.955,18,22,41,0.0,0.0,0.0,12.71
359,-34.458,18,25,46,0.0,0.0,0.0,12.6
360,30.279,19,13,35,0.0,0.0,0.0,8.81
361,-67.126,18,31,50,0.0,0.0,0.0,13.99
362,-51.673,17,27,50,0.0,0.0,0.0,12.54
363,-16.776,17,20,41,0.0,0.0,0.0,11.62
364,-4.049,17,18,38,0.0,0.0,0.0,12.01
365,18.776,21,17,42,0.0,0.0,0.0,9.05
366,-36.142,14,21,38,0.0,0.0,0.0,13.71
367,-20.671,20,24,45,0.0,0.0,0.0,9.6
368,-47.881,16,25,48,0.0,0.0,0.0,11.72
369,51.217,19,9,32,0.0,0.0,0.0,5.79
370,-26.768,19,24,52,0.0,0.0,0.0,14.46
371,-14.244,13,16,32,0.0,0.0,0.0,11.54
372,-91.869,10,28,42,0.0,0.0,0.0,15.77
373,-20.681,16,20,38,0.0,0.0,0.0,9.44
374,-92.618,14,32,53,0.0,0.0,0.0,17.71
375,-53.011,16,26,43,0.0,0.0,0.0,11.4
376,-165.218,8,40,58,0.0,0.0,0.0,22.51
377,15.767,22,19,47,0.0,0.0,0.0,12.51
378,-70.812,12,26,46,0.0,0.0,0.0,12.99
379,-5.333,20,21,42,0.0,0.0,0.0,12.27
380,-21.464,17,21,44,0.0,0.0,0.0,12.04
381,5.141,20,19,42,0.0,0.0,0.0,7.61
382,-19.402,18,22,46,0.0,0.0,0.0,8.51
383,-24.972,16,21,39,0.0,0.0,0.0,10.82
384,-55.548,19,30,50,0.0,0.0,0.0,14.13
385,-40.554,11,19,34,0.0,0.0,0.0,9.54
386,-40.684,15,23,45,0.0,0.0,0.0,15.34
387,-30.494,18,24,42,0.0,0.0,0.0,10.79
388,-55.778,15,26,41,0.0,0.0,0.0,11.11
389,-19.461,24,28,54,0.0,0.0,0.0,8.75
390,-0.651,18,18,39,0.0,0.0,0.0,8.38
391,0.033,19,19,43,0.0,0.0,0.0,9.83
392,-129.766,11,36,54,0.0,0.0,0.0,15.0
393,-45.822,10,19,35,0.0,0.0,0.0,12.07
394,-57.174,14,25,43,0.0,0.0,0.0,13.65
395,-31.405,17,23,44,0.0,0.0,0.0,11.4
396,-1.572,18,18,45,0.0,0.0,0.0,11.39
397,-25.212,15,20,37,0.0,0.0,0.0,10.02
398,-36.935,14,21,40,0.0,0.0,0.0,12.85
399,-10.743,17,19,40,0.0,0.0,0.0,9.22
400,44.895,23,14,39,0.0,0.0,0.0,9.15
401,-31.409,9,15,26,0.0,0.0,0.0,8.13
402,-9.374,15,17,34,0.0,0.0,0.0,8.83
403,-62.921,12,24,40,0.0,0.0,0.0,9.55
404,-105.483,11,32,45,0.0,0.0,0.0,18.15
405,-55.54,16,27,45,0.0,0.0,0.0,17.42
406,-67.524,13,26,43,0.0,0.0,0.0,12.13
407,-60.776,19,31,52,0.0,0.0,0.0,15.78
408,-40.375,15,23,43,0.0,0.0,0.0,12.17
409,-73.031,12,26,40,0.0,0.0,0.0,13.41
410,-112.336,15,37,53,0.0,0.0,0.0,15.36
411,-3.49,14,15,30,0.0,0.0,0.0,10.36
412,-68.129,12,25,42,0.0,0.0,0.0,13.76
413,-50.184,14,24,43,0.0,0.0,0.0,12.58
414,47.875,17,8,26,0.0,0.0,0.0,7.55
415,-51.626,15,25,44,0.0,0.0,0.0,11.52
416,-35.568,16,23,40,0.0,0.0,0.0,17.02
417,-52.308,14,24,43,0.0,0.0,0.0,10.59
418,-82.143,11,27,47,0.0,0.0,0.0,14.83
419,-59.477,19,30,54,0.0,0.0,0.0,12.54
420,-12.093,22,24,47,0.0,0.0,0.0,10.91
421,31.394,18,12,35,0.0,0.0,0.0,7.61
422,-10.736,18,20,41,0.0,0.0,0.0,11.87
423,-51.505,11,21,35,0.0,0.0,0.0,11.98
424,37.86,18,11,30,0.0,0.0,0.0,4.54
425,-62.727,13,25,38,0.0,0.0,0.0,10.34
426,-73.635,11,25,41,0.0,0.0,0.0,13.84
427,-25.163,15,20,39,0.0,0.0,0.0,9.51
428,-40.366,18,26,45,0.0,0.0,0.0,8.96
429,-51.829,9,19,31,0.0,0.0,0.0,10.97
430,21.313,16,12,30,0.0,0.0,0.0,10.56
431,-64.464,14,26,46,0.0,0.0,0.0,11.51
432,60.606,24,12,38,0.0,0.0,0.0,6.39
433,-36.331,14,21,39,0.0,0.0,0.0,9.94
434,-26.653,20,25,45,0.0,0.0,0.0,8.86
435,-71.338,13,27,42,0.0,0.0,0.0,15.35
436,-57.191,13,24,39,0.0,0.0,0.0,11.8
437,-9.262,17,19,40,0.0,0.0,0.0,13.49
438,-67.197,14,27,45,0.0,0.0,0.0,19.91
439,-107.822,12,33,48,0.0,0.0,0.0,13.76
440,-106.305,15,36,53,0.0,0.0,0.0,20.7
441,13.501,19,16,39,0.0,0.0,0.0,9.57
442,4.455,14,13,27,0.0,0.0,0.0,6.61
443,-62.502,14,26,47,0.0,0.0,0.0,14.37
444,-128.533,9,34,46,0.0,0.0,0.0,14.05
445,-134.421,11,37,53,0.0,0.0,0.0,13.5
446,-78.676,14,29,49,0.0,0.0,0.0,19.31
447,-103.776,8,28,41,0.0,0.0,0.0,17.32
448,-133.465,6,32,44,0.0,0.0,0.0,16.21
449,-51.962,17,27,47,0.0,0.0,0.0,16.99
450,-15.085,16,19,41,0.0,0.0,0.0,11.4
451,-66.619,12,25,38,0.0,0.0,0.0,12.85
452,-67.296,15,28,46,0.0,0.0,0.0,10.12
453,-0.986,16,16,35,0.0,0.0,0.0,10.67
454,-51.813,14,24,45,0.0,0.0,0.0,11.6
455,-22.517,14,18,36,0.0,0.0,0.0,10.99
456,-84.746,17,33,56,0.0,0.0,0.0,11.39
457,-83.117,13,29,50,0.0,0.0,0.0,17.28
458,-123.57,11,35,52,0.0,0.0,0.0,17.09
459,9.717,16,14,32,0.0,0.0,0.0,9.51
460,-56.383,13,24,41,0.0,0.0,0.0,10.57
461,-24.931,18,23,46,0.0,0.0,0.0,12.74
462,4.319,19,18,40,0.0,0.0,0.0,9.88
463,-42.48,12,20,37,0.0,0.0,0.0,12.5
464,-6.041,17,18,37,0.0,0.0,0.0,10.5
465,-120.179,13,36,58,0.0,0.0,0.0,17.18
466,-81.722,13,29,43,0.0,0.0,0.0,15.72
467,-57.346,11,22,35,0.0,0.0,0.0,11.01
468,-135.607,5,31,41,0.0,0.0,0.0,13.01
469,-71.554,11,25,39,0.0,0.0,0.0,12.63
470,-62.636,14,26,44,0.0,0.0,0.0,11.73
471,-67.65,17,30,51,0.0,0.0,0.0,15.33
472,-57.55,14,25,45,0.0,0.0,0.0,16.48
473,-52.867,14,24,45,0.0,0.0,0.0,14.7
474,-72.237,16,30,48,0.0,0.0,0.0,14.16
475,-140.698,11,38,53,0.0,0.0,0.0,22.02
476,-41.198,17,25,45,0.0,0.0,0.0,12.02
477,24.473,18,13,33,0.0,0.0,0.0,8.78
478,-67.691,15,28,44,0.0,0.0,0.0,12.88
479,-64.051,15,27,42,0.0,0.0,0.0,11.07
480,-23.104,17,21,44,0.0,0.0,0.0,13.52
481,-15.767,15,18,34,0.0,0.0,0.0,9.33
482,-0.849,17,17,40,0.0,0.0,0.0,14.31
483,-140.939,12,39,55,0.0,0.0,0.0,17.94
484,5.653,19,18,43,0.0,0.0,0.0,9.15
485,-78.032,16,31,50,0.0,0.0,0.0,14.09
486,56.835,23,12,37,0.0,0.0,0.0,10.17
487,-36.284,15,22,38,0.0,0.0,0.0,11.07
488,-78.079,13,28,48,0.0,0.0,0.0,14.07
489,-88.188,13,30,45,0.0,0.0,0.0,12.32
490,7.867,22,20,46,0.0,0.0,0.0,7.52
491,11.155,18,16,37,0.0,0.0,0.0,12.16
492,-61.54,16,28,48,0.0,0.0,0.0,18.0
493,-91.965,12,30,42,0.0,0.0,0.0,18.21
494,-67.604,13,26,41,0.0,0.0,0.0,13.36
495,-67.429,19,32,58,0.0,0.0,0.0,19.5
496,-117.331,12,35,51,0.0,0.0,0.0,13.68
497,10.353,14,12,27,0.0,0.0,0.0,7.09
498,-18.947,24,27,60,0.0,0.0,0.0,15.27
499,77.759,22,7,30,0.0,0.0,0.0,4.76
500,-49.38,14,23,40,0.0,0.0,0.0,9.16
501,-118.103,9,32,46,0.0,0.0,0.0,14.33
502,-53.924,17,27,48,0.0,0.0,0.0,14.16
503,45.692,24,15,41,0.0,0.0,0.0,9.43
504,-65.932,14,27,43,0.0,0.0,0.0,12.79
505,-123.499,10,34,47,0.0,0.0,0.0,16.09
506,20.713,20,16,40,0.0,0.0,0.0,11.81
507,-35.588,14,21,37,0.0,0.0,0.0,10.17
508,-57.822,16,27,43,0.0,0.0,0.0,13.48
509,-78.782,16,31,53,0.0,0.0,0.0,15.96
510,-31.424,15,21,40,0.0,0.0,0.0,10.87
511,-97.136,12,31,45,0.0,0.0,0.0,14.0
512,5.029,19,18,39,0.0,0.0,0.0,8.95
513,-21.107,20,24,50,0.0,0.0,0.0,15.19
514,29.183,17,11,35,0.0,0.0,0.0,9.11
515,-9.301,19,21,42,0.0,0.0,0.0,12.81
516,-10.224,18,20,39,0.0,0.0,0.0,10.36
517,-68.64,15,28,48,0.0,0.0,0.0,16.5
518,-103.041,8,28,38,0.0,0.0,0.0,15.82
519,-72.835,13,27,48,0.0,0.0,0.0,14.19
520,-68.187,13,26,42,0.0,0.0,0.0,12.55
521,-58.096,16,27,45,0.0,0.0,0.0,12.22
522,-30.858,13,19,35,0.0,0.0,0.0,8.73
523,-30.949,14,20,35,0.0,0.0,0.0,13.0
524,-16.397,19,22,42,0.0,0.0,0.0,8.93
525,-75.06,16,30,52,0.0,0.0,0.0,11.92
526,-20.929,17,21,38,0.0,0.0,0.0,7.25
527,-16.117,13,16,35,0.0,0.0,0.0,11.83
528,9.57,16,14,33,0.0,0.0,0.0,8.97
529,-67.491,13,26,40,0.0,0.0,0.0,10.84
530,-70.56,16,30,50,0.0,0.0,0.0,15.27
531,31.816,17,11,34,0.0,0.0,0.0,8.28
532,-31.911,13,19,32,0.0,0.0,0.0,9.68
533,-34.742,14,21,39,0.0,0.0,0.0,11.33
534,11.607,19,17,36,0.0,0.0,0.0,14.06
535,-20.911,20,24,48,0.0,0.0,0.0,13.92
536,-81.562,13,29,44,0.0,0.0,0.0,15.72
537,-27.554,17,22,43,0.0,0.0,0.0,10.82
538,-66.848,17,30,50,0.0,0.0,0.0,12.21
539,9.174,19,17,37,0.0,0.0,0.0,9.58
540,-57.807,14,25,39,0.0,0.0,0.0,8.94
541,-26.906,13,18,35,0.0,0.0,0.0,11.16
542,-68.209,15,28,46,0.0,0.0,0.0,12.24
543,-30.04,15,21,37,0.0,0.0,0.0,11.36
544,-119.537,13,36,54,0.0,0.0,0.0,18.06
545,-180.358,7,42,52,0.0,0.0,0.0,16.4
546,-98.52,14,33,49,0.0,0.0,0.0,14.06
547,34.691,22,15,41,0.0,0.0,0.0,8.57
548,-11.125,16,18,35,0.0,0.0,0.0,10.97
549,-34.945,17,24,42,0.0,0.0,0.0,9.06
550,-55.944,12,23,40,0.0,0.0,0.0,12.48
551,-41.457,14,22,40,0.0,0.0,0.0,12.46
552,-33.084,21,27,55,0.0,0.0,0.0,15.09
553,10.557,21,19,44,0.0,0.0,0.0,9.31
554,-68.28,11,24,37,0.0,0.0,0.0,12.46
555,-5.696,16,17,38,0.0,0.0,0.0,12.81
556,-47.085,15,24,41,0.0,0.0,0.0,12.84
557,-20.987,14,18,34,0.0,0.0,0.0,9.98
558,-42.395,16,24,46,0.0,0.0,0.0,13.98
559,-109.402,10,31,48,0.0,0.0,0.0,12.74
560,-45.367,11,20,36,0.0,0.0,0.0,11.65
561,-62.39,11,23,36,0.0,0.0,0.0,14.15
562,51.798,19,9,32,0.0,0.0,0.0,9.76
563,-55.336,16,27,46,0.0,0.0,0.0,18.47
564,5.505,20,19,44,0.0,0.0,0.0,10.16
565,-135.588,12,38,52,0.0,0.0,0.0,16.58
566,-93.767,13,31,48,0.0,0.0,0.0,17.42
567,-81.994,11,27,40,0.0,0.0,0.0,13.9
568,-49.292,15,25,45,0.0,0.0,0.0,11.6
569,-83.138,8,24,39,0.0,0.0,0.0,14.88
570,6.858,15,14,29,0.0,0.0,0.0,5.64
571,10.895,14,12,28,0.0,0.0,0.0,10.43
572,8.538,20,18,39,0.0,0.0,0.0,6.19
573,-95.773,5,24,31,0.0,0.0,0.0,13.07
574,-4.204,19,20,45,0.0,0.0,0.0,9.07
575,-71.643,13,27,41,0.0,0.0,0.0,12.02
576,-25.344,13,18,33,0.0,0.0,0.0,9.52
577,-45.286,12,21,38,0.0,0.0,0.0,12.79
578,24.76,20,15,37,0.0,0.0,0.0,10.95
579,-12.737,19,21,47,0.0,0.0,0.0,13.66
580,32.041,20,14,39,0.0,0.0,0.0,12.06
581,-11.519,20,22,46,0.0,0.0,0.0,8.69
582,-46.43,15,24,45,0.0,0.0,0.0,10.02
583,40.123,24,16,45,0.0,0.0,0.0,8.06
584,-4.344,21,22,46,0.0,0.0,0.0,12.18
585,-36.524,11,18,34,0.0,0.0,0.0,10.61
586,-26.137,15,20,41,0.0,0.0,0.0,13.07
587,-9.232,16,18,37,0.0,0.0,0.0,13.1
588,-24.3,16,21,39,0.0,0.0,0.0,12.69
589,-37.912,20,27,51,0.0,0.0,0.0,9.17
590,-73.748,13,27,43,0.0,0.0,0.0,12.99
591,-61.451,12,24,40,0.0,0.0,0.0,13.81
592,-6.154,19,20,40,0.0,0.0,0.0,10.5
593,-56.314,15,26,46,0.0,0.0,0.0,15.39
594,-101.186,14,34,52,0.0,0.0,0.0,15.14
595,-99.991,14,33,50,0.0,0.0,0.0,12.2
596,-47.163,15,24,46,0.0,0.0,0.0,11.44
597,-41.346,16,24,41,0.0,0.0,0.0,12.4
598,-34.594,22,28,54,0.0,0.0,0.0,14.88
599,-17.084,14,17,35,0.0,0.0,0.0,10.2
600,-50.614,13,23,41,0.0,0.0,0.0,10.16
601,-128.771,13,38,57,0.0,0.0,0.0,17.62
602,-114.315,13,35,52,0.0,0.0,0.0,12.34
603,-31.341,16,22,39,0.0,0.0,0.0,10.42
604,46.65,16,7,28,0.0,0.0,0.0,7.11
605,-15.684,17,20,41,0.0,0.0,0.0,8.03
606,-65.869,13,26,44,0.0,0.0,0.0,14.79
607,-26.142,23,28,53,0.0,0.0,0.0,11.48
608,-72.041,15,29,44,0.0,0.0,0.0,9.45
609,-77.439,11,26,39,0.0,0.0,0.0,16.92
610,-133.478,14,40,57,0.0,0.0,0.0,17.56
611,-45.407,17,26,43,0.0,0.0,0.0,11.92
612,-5.513,17,18,40,0.0,0.0,0.0,8.53
613,-57.145,16,27,44,0.0,0.0,0.0,15.32
614,-77.475,15,30,50,0.0,0.0,0.0,15.24
615,20.608,14,10,33,0.0,0.0,0.0,9.53
616,11.207,13,11,28,0.0,0.0,0.0,9.67
617,-103.627,14,34,49,0.0,0.0,0.0,12.13
618,30.875,20,14,38,0.0,0.0,0.0,10.29
619,-9.052,18,20,42,0.0,0.0,0.0,10.82
620,-16.118,14,17,35,0.0,0.0,0.0,11.58
621,65.354,23,10,35,0.0,0.0,0.0,6.8
622,11.67,20,18,42,0.0,0.0,0.0,13.37
623,-78.896,17,32,57,0.0,0.0,0.0,16.74
624,-89.826,10,27,41,0.0,0.0,0.0,13.9
625,-47.706,16,25,47,0.0,0.0,0.0,13.21
626,-76.183,14,29,50,0.0,0.0,0.0,15.93
627,-25.383,18,23,46,0.0,0.0,0.0,14.8
628,-62.374,13,25,40,0.0,0.0,0.0,14.57
629,43.82,19,10,36,0.0,0.0,0.0,7.84
630,-41.856,18,26,49,0.0,0.0,0.0,12.57
631,-75.516,12,27,43,0.0,0.0,0.0,15.96
632,-72.508,16,30,50,0.0,0.0,0.0,15.24
633,5.964,23,22,47,0.0,0.0,0.0,14.48
634,-99.154,13,32,53,0.0,0.0,0.0,17.49
635,-92.672,8,26,36,0.0,0.0,0.0,13.86
636,-85.26,17,33,53,0.0,0.0,0.0,13.11
637,-93.192,12,30,46,0.0,0.0,0.0,17.31
638,-103.581,11,31,46,0.0,0.0,0.0,11.97
639,-82.942,12,28,44,0.0,0.0,0.0,13.29
640,61.219,28,16,46,0.0,0.0,0.0,9.21
641,-68.112,12,25,41,0.0,0.0,0.0,14.45
642,-73.994,17,31,49,0.0,0.0,0.0,12.76
643,-124.118,12,36,56,0.0,0.0,0.0,16.64
644,-77.85,17,32,50,0.0,0.0,0.0,13.82
645,-0.46,22,22,48,0.0,0.0,0.0,14.8
646,-96.822,9,28,39,0.0,0.0,0.0,15.41
647,-40.102,15,23,41,0.0,0.0,0.0,14.17
648,3.652,15,14,30,0.0,0.0,0.0,9.1
649,-46.599,16,25,45,0.0,0.0,0.0,12.64
650,3.604,16,15,37,0.0,0.0,0.0,10.48
651,-60.462,16,28,46,0.0,0.0,0.0,9.59
652,-5.375,17,18,39,0.0,0.0,0.0,11.64
653,-11.044,17,19,40,0.0,0.0,0.0,13.47
654,-77.522,17,32,51,0.0,0.0,0.0,13.56
655,-60.49,11,23,36,0.0,0.0,0.0,9.55
656,-57.309,15,26,48,0.0,0.0,0.0,14.56
657,-40.475,18,26,45,0.0,0.0,0.0,11.79
658,29.905,23,17,43,0.0,0.0,0.0,7.84
659,-45.981,15,24,42,0.0,0.0,0.0,15.91
660,-8.165,20,22,43,0.0,0.0,0.0,13.64
661,-83.152,17,33,52,0.0,0.0,0.0,13.91
662,-62.253,15,27,45,0.0,0.0,0.0,15.22
663,-127.864,11,36,49,0.0,0.0,0.0,14.34
664,-56.686,14,25,45,0.0,0.0,0.0,15.11
665,-21.976,17,21,40,0.0,0.0,0.0,11.34
666,-104.292,13,33,50,0.0,0.0,0.0,13.73
667,-41.908,14,22,41,0.0,0.0,0.0,16.84
668,-41.161,17,25,46,0.0,0.0,0.0,13.47
669,-25.357,13,18,32,0.0,0.0,0.0,8.88
670,-55.121,19,29,55,0.0,0.0,0.0,13.06
671,-6.482,18,19,45,0.0,0.0,0.0,13.87
672,-67.198,10,23,37,0.0,0.0,0.0,12.94
673,-49.972,10,20,34,0.0,0.0,0.0,11.35
674,23.925,22,17,45,0.0,0.0,0.0,11.17
675,-37.276,19,26,49,0.0,0.0,0.0,10.89
676,-20.45,14,18,39,0.0,0.0,0.0,9.95
677,0.018,19,19,41,0.0,0.0,0.0,11.07
678,-29.516,15,21,37,0.0,0.0,0.0,10.11
679,-50.662,15,25,42,0.0,0.0,0.0,11.21
680,-46.128,16,25,44,0.0,0.0,0.0,15.24
681,12.072,22,19,44,0.0,0.0,0.0,7.39
682,-43.729,12,20,42,0.0,0.0,0.0,11.59
683,-51.136,15,25,42,0.0,0.0,0.0,10.27
684,-63.779,14,26,43,0.0,0.0,0.0,9.19
685,76.314,23,8,33,0.0,0.0,0.0,8.61
686,-45.86,14,23,42,0.0,0.0,0.0,11.31
687,66.514,26,13,41,0.0,0.0,0.0,8.29
688,-122.452,14,38,54,0.0,0.0,0.0,18.75
689,-81.226,20,36,60,0.0,0.0,0.0,24.44
690,-31.354,19,24,49,0.0,0.0,0.0,10.8
691,4.083,20,19,41,0.0,0.0,0.0,13.48
692,-11.454,17,19,40,0.0,0.0,0.0,7.56
693,-41.086,20,28,50,0.0,0.0,0.0,16.44
694,-14.392,16,19,39,0.0,0.0,0.0,10.64
695,-31.827,19,25,44,0.0,0.0,0.0,12.93
696,-56.489,11,22,40,0.0,0.0,0.0,15.02
697,-63.389,12,24,45,0.0,0.0,0.0,12.37
698,-47.7,19,28,51,0.0,0.0,0.0,10.6
699,-76.16,15,30,49,0.0,0.0,0.0,9.37
700,-44.296,16,25,46,0.0,0.0,0.0,15.38
701,-20.574,15,19,38,0.0,0.0,0.0,11.5
702,-12.545,19,21,44,0.0,0.0,0.0,10.55
703,19.106,20,16,41,0.0,0.0,0.0,10.46
704,-73.909,15,29,51,0.0,0.0,0.0,14.11
705,-66.605,12,25,41,0.0,0.0,0.0,15.21
706,-66.71,17,30,50,0.0,0.0,0.0,14.28
707,25.389,15,10,30,0.0,0.0,0.0,6.09
708,-30.787,13,19,34,0.0,0.0,0.0,10.72
709,-24.585,19,24,45,0.0,0.0,0.0,10.42
710,-24.121,13,18,33,0.0,0.0,0.0,12.11
711,-21.346,20,24,48,0.0,0.0,0.0,13.5
712,-123.589,8,32,44,0.0,0.0,0.0,18.71
713,-66.195,13,26,41,0.0,0.0,0.0,9.65
714,-14.555,11,14,29,0.0,0.0,0.0,9.61
715,-128.622,10,35,52,0.0,0.0,0.0,18.74
716,-90.426,14,32,48,0.0,0.0,0.0,16.35
717,-4.543,16,17,34,0.0,0.0,0.0,13.41
718,-5.214,17,18,39,0.0,0.0,0.0,9.74
719,-39.857,14,22,38,0.0,0.0,0.0,14.91
720,5.968,23,22,47,0.0,0.0,0.0,13.31
721,10.55,18,16,41,0.0,0.0,0.0,10.39
722,2.274,16,15,35,0.0,0.0,0.0,6.95
723,-134.134,11,37,51,0.0,0.0,0.0,14.42
724,-119.04,14,37,52,0.0,0.0,0.0,19.2
725,5.158,19,18,42,0.0,0.0,0.0,11.63
726,-37.821,16,23,47,0.0,0.0,0.0,19.26
727,-45.922,16,25,44,0.0,0.0,0.0,14.58
728,-62.431,13,25,40,0.0,0.0,0.0,12.11
729,-134.019,9,35,51,0.0,0.0,0.0,13.65
730,-83.27,13,29,46,0.0,0.0,0.0,13.5
731,-82.095,14,30,46,0.0,0.0,0.0,14.04
732,23.67,18,13,36,0.0,0.0,0.0,9.71
733,-25.939,20,25,47,0.0,0.0,0.0,20.5
734,-62.67,16,28,47,0.0,0.0,0.0,13.91
735,0.697,15,15,31,0.0,0.0,0.0,12.34
736,-98.775,14,33,49,0.0,0.0,0.0,10.19
737,-11.969,18,20,45,0.0,0.0,0.0,12.64
738,14.449,19,16,37,0.0,0.0,0.0,8.76
739,-86.668,9,26,39,0.0,0.0,0.0,14.93
740,-52.657,15,25,46,0.0,0.0,0.0,12.84
741,-38.12,17,24,43,0.0,0.0,0.0,10.8
742,-71.113,15,29,47,0.0,0.0,0.0,18.26
743,-61.984,13,25,39,0.0,0.0,0.0,10.22
744,-15.363,17,20,42,0.0,0.0,0.0,14.15
745,-139.821,13,40,62,0.0,0.0,0.0,23.19
746,-21.471,18,22,46,0.0,0.0,0.0,10.95
747,-45.507,15,24,42,0.0,0.0,0.0,15.85
748,-61.538,11,23,39,0.0,0.0,0.0,15.62
749,-73.736,15,29,46,0.0,0.0,0.0,12.65
750,-61.376,16,28,45,0.0,0.0,0.0,17.6
751,14.623,20,17,41,0.0,0.0,0.0,14.19
752,4.128,22,21,46,0.0,0.0,0.0,13.69
753,-71.088,13,27,42,0.0,0.0,0.0,14.78
754,-0.817,15,15,31,0.0,0.0,0.0,9.45
755,-71.836,14,28,48,0.0,0.0,0.0,20.04
756,64.18,18,6,24,0.0,0.0,0.0,5.11
757,-16.322,18,21,39,0.0,0.0,0.0,9.21
758,-108.745,13,34,49,0.0,0.0,0.0,19.75
759,-123.294,11,35,47,0.0,0.0,0.0,20.27
760,-22.501,19,23,45,0.0,0.0,0.0,11.1
761,-61.407,17,29,49,0.0,0.0,0.0,15.21
762,-58.758,16,27,48,0.0,0.0,0.0,11.74
763,36.218,17,10,32,0.0,0.0,0.0,11.43
764,-97.303,10,29,40,0.0,0.0,0.0,16.33
765,-26.832,13,18,36,0.0,0.0,0.0,11.48
766,-90.189,7,24,43,0.0,0.0,0.0,14.77
767,-2.181,22,22,47,0.0,0.0,0.0,9.62
768,-91.127,12,30,46,0.0,0.0,0.0,11.73
769,25.921,20,15,36,0.0,0.0,0.0,9.31
770,-32.824,12,18,34,0.0,0.0,0.0,12.62
771,-50.93,13,23,40,0.0,0.0,0.0,12.73
772,-93.375,15,33,52,0.0,0.0,0.0,15.49
773,10.274,21,19,43,0.0,0.0,0.0,9.85
774,-11.943,13,15,31,0.0,0.0,0.0,11.4
775,-6.276,22,23,47,0.0,0.0,0.0,8.48
776,9.036,20,18,43,0.0,0.0,0.0,8.57
777,-143.142,10,38,52,0.0,0.0,0.0,20.3
778,36.851,17,10,29,0.0,0.0,0.0,7.65
779,-40.821,13,21,36,0.0,0.0,0.0,11.25
780,16.041,18,15,35,0.0,0.0,0.0,7.89
781,37.802,16,9,28,0.0,0.0,0.0,10.0
782,29.894,20,14,39,0.0,0.0,0.0,11.12
783,-115.498,11,33,52,0.0,0.0,0.0,15.49
784,46.326,21,12,35,0.0,0.0,0.0,5.71
785,40.513,20,12,35,0.0,0.0,0.0,11.43
786,-15.492,15,18,37,0.0,0.0,0.0,10.14
787,-32.49,19,25,47,0.0,0.0,0.0,10.96
788,-31.158,12,18,36,0.0,0.0,0.0,11.39
789,-89.588,13,30,48,0.0,0.0,0.0,14.22
790,20.002,16,12,30,0.0,0.0,0.0,9.55
791,-46.44,14,23,40,0.0,0.0,0.0,12.35
792,-67.117,16,29,48,0.0,0.0,0.0,14.36
793,2.902,21,20,50,0.0,0.0,0.0,15.7
794,-73.308,16,30,51,0.0,0.0,0.0,15.04
795,-9.608,16,18,36,0.0,0.0,0.0,13.03
796,-15.064,15,18,36,0.0,0.0,0.0,8.63
797,-0.286,16,16,34,0.0,0.0,0.0,8.96
798,-135.339,11,37,54,0.0,0.0,0.0,17.93
799,-82.519,10,26,39,0.0,0.0,0.0,15.52
800,-93.043,11,29,43,0.0,0.0,0.0,15.46
801,35.815,23,16,43,0.0,0.0,0.0,13.34
802,-93.281,14,32,46,0.0,0.0,0.0,12.92
803,-90.413,16,33,52,0.0,0.0,0.0,17.62
804,-26.562,14,19,36,0.0,0.0,0.0,13.21
805,-32.112,18,24,51,0.0,0.0,0.0,10.68
806,-20.432,14,18,32,0.0,0.0,0.0,10.54
807,24.425,19,14,37,0.0,0.0,0.0,12.89
808,-47.685,18,27,46,0.0,0.0,0.0,13.76
809,-51.687,15,25,42,0.0,0.0,0.0,13.26
810,-157.808,13,43,61,0.0,0.0,0.0,21.86
811,-52.565,20,30,53,0.0,0.0,0.0,12.19
812,-83.164,13,29,49,0.0,0.0,0.0,17.28
813,46.715,19,10,34,0.0,0.0,0.0,8.22
814,-1.07,22,22,50,0.0,0.0,0.0,9.36
815,-78.819,15,30,52,0.0,0.0,0.0,16.45
816,-133.121,9,35,46,0.0,0.0,0.0,15.1
817,-6.347,20,21,42,0.0,0.0,0.0,7.13
818,-2.813,17,17,38,0.0,0.0,0.0,9.49
819,-25.252,16,21,40,0.0,0.0,0.0,8.46
820,7.068,19,17,42,0.0,0.0,0.0,10.1
821,-16.008,17,20,38,0.0,0.0,0.0,11.26
822,-72.942,14,28,47,0.0,0.0,0.0,21.71
823,-34.463,14,21,38,0.0,0.0,0.0,9.92
824,-37.683,18,25,45,0.0,0.0,0.0,10.7
825,-77.896,13,28,46,0.0,0.0,0.0,13.12
826,-21.284,22,26,51,0.0,0.0,0.0,10.73
827,24.439,20,15,37,0.0,0.0,0.0,7.8
828,-102.841,11,31,45,0.0,0.0,0.0,13.98
829,-101.712,12,32,45,0.0,0.0,0.0,13.98
830,19.337,24,20,47,0.0,0.0,0.0,10.33
831,-58.04,15,26,47,0.0,0.0,0.0,12.1
832,20.753,19,15,36,0.0,0.0,0.0,8.77
833,-31.757,15,21,40,0.0,0.0,0.0,13.77
834,-40.891,16,24,43,0.0,0.0,0.0,11.39
835,15.145,17,14,31,0.0,0.0,0.0,6.63
836,-97.099,9,28,41,0.0,0.0,0.0,15.97
837,30.507,18,12,38,0.0,0.0,0.0,13.02
838,-83.175,14,30,48,0.0,0.0,0.0,15.57
839,16.442,21,18,41,0.0,0.0,0.0,11.54
840,-31.57,16,22,43,0.0,0.0,0.0,12.22
841,-10.369,20,22,49,0.0,0.0,0.0,10.66
842,-7.085,16,17,34,0.0,0.0,0.0,11.83
843,45.803,21,12,36,0.0,0.0,0.0,6.51
844,26.668,14,9,25,0.0,0.0,0.0,7.97
845,-118.065,12,35,50,0.0,0.0,0.0,14.0
846,-20.003,17,21,40,0.0,0.0,0.0,9.7
847,-107.225,12,33,48,0.0,0.0,0.0,17.44
848,-55.77,13,24,38,0.0,0.0,0.0,12.61
849,0.727,17,17,38,0.0,0.0,0.0,10.8
850,-57.206,13,24,40,0.0,0.0,0.0,10.15
851,-32.065,13,19,37,0.0,0.0,0.0,10.59
852,-21.046,14,18,38,0.0,0.0,0.0,14.28
853,-39.374,15,23,38,0.0,0.0,0.0,10.78
854,-106.465,13,34,49,0.0,0.0,0.0,22.07
855,-42.824,14,22,38,0.0,0.0,0.0,12.47
856,-11.099,19,21,43,0.0,0.0,0.0,16.23
857,-10.81,17,19,40,0.0,0.0,0.0,10.38
858,24.662,23,18,46,0.0,0.0,0.0,13.31
859,36.438,20,13,36,0.0,0.0,0.0,9.52
860,38.022,23,15,44,0.0,0.0,0.0,11.52
861,-52.018,11,21,36,0.0,0.0,0.0,15.84
862,-9.343,17,19,41,0.0,0.0,0.0,11.65
863,-16.091,19,22,45,0.0,0.0,0.0,11.38
864,-86.303,10,27,41,0.0,0.0,0.0,13.01
865,-35.603,17,24,45,0.0,0.0,0.0,16.16
866,-55.585,15,26,43,0.0,0.0,0.0,14.87
867,34.656,24,17,48,0.0,0.0,0.0,12.23
868,-51.646,16,26,46,0.0,0.0,0.0,11.43
869,-55.447,17,28,46,0.0,0.0,0.0,12.65
870,-10.215,19,21,40,0.0,0.0,0.0,10.21
871,-48.735,18,27,51,0.0,0.0,0.0,13.53
872,36.457,23,16,42,0.0,0.0,0.0,8.8
873,-0.226,16,16,35,0.0,0.0,0.0,9.64
874,0.039,18,18,38,0.0,0.0,0.0,11.82
875,-11.105,17,19,39,0.0,0.0,0.0,10.52
876,-2.185,20,20,44,0.0,0.0,0.0,9.21
877,-71.117,19,32,56,0.0,0.0,0.0,15.33
878,-27.941,22,27,50,0.0,0.0,0.0,12.21
879,19.234,22,18,42,0.0,0.0,0.0,14.04
880,-107.459,16,37,57,0.0,0.0,0.0,18.09
881,-71.052,13,27,40,0.0,0.0,0.0,13.58
882,37.442,23,15,42,0.0,0.0,0.0,13.03
883,-70.259,10,24,37,0.0,0.0,0.0,13.33
884,18.52,17,13,33,0.0,0.0,0.0,7.02
885,-117.73,13,36,54,0.0,0.0,0.0,22.23
886,-14.476,14,17,31,0.0,0.0,0.0,8.77
887,-72.088,11,25,38,0.0,0.0,0.0,11.35
888,-52.136,15,25,45,0.0,0.0,0.0,16.7
889,-50.589,13,23,40,0.0,0.0,0.0,15.24
890,-31.763,18,24,44,0.0,0.0,0.0,9.28
891,13.265,20,17,38,0.0,0.0,0.0,9.04
892,-80.705,7,23,32,0.0,0.0,0.0,9.57
893,-25.227,13,18,32,0.0,0.0,0.0,14.75
894,24.453,20,15,37,0.0,0.0,0.0,7.57
895,-102.554,10,30,47,0.0,0.0,0.0,14.68
896,-87.58,15,32,50,0.0,0.0,0.0,15.23
897,-72.295,10,24,38,0.0,0.0,0.0,8.9
898,14.377,16,13,36,0.0,0.0,0.0,13.27
899,-50.47,15,25,48,0.0,0.0,0.0,15.38
900,-20.392,15,19,40,0.0,0.0,0.0,16.45
901,-81.784,12,28,42,0.0,0.0,0.0,14.52
902,-98.172,13,32,52,0.0,0.0,0.0,22.78
903,-119.144,11,34,50,0.0,0.0,0.0,16.24
904,-56.297,12,23,35,0.0,0.0,0.0,10.9
905,-87.347,11,28,42,0.0,0.0,0.0,11.65
906,-24.976,15,20,38,0.0,0.0,0.0,13.61
907,-20.11,14,18,33,0.0,0.0,0.0,15.13
908,-44.236,12,20,41,0.0,0.0,0.0,12.88
909,-61.269,13,25,42,0.0,0.0,0.0,15.82
910,56.212,20,9,31,0.0,0.0,0.0,5.75
911,-48.827,25,34,62,0.0,0.0,0.0,14.89
912,5.462,19,18,45,0.0,0.0,0.0,11.24
913,-64.146,13,25,42,0.0,0.0,0.0,15.28
914,-42.195,17,25,47,0.0,0.0,0.0,12.82
915,34.671,24,17,41,0.0,0.0,0.0,8.71
916,-13.657,11,14,26,0.0,0.0,0.0,12.74
917,-119.717,12,35,53,0.0,0.0,0.0,15.25
918,-10.766,16,18,40,0.0,0.0,0.0,10.84
919,-30.845,19,25,45,0.0,0.0,0.0,12.22
920,-59.92,18,29,53,0.0,0.0,0.0,17.14
921,-82.544,16,32,49,0.0,0.0,0.0,16.65
922,-52.796,17,27,49,0.0,0.0,0.0,10.78
923,-98.511,10,29,45,0.0,0.0,0.0,15.35
924,-62.368,13,25,42,0.0,0.0,0.0,13.57
925,-84.325,14,30,50,0.0,0.0,0.0,12.41
926,-14.345,17,20,39,0.0,0.0,0.0,11.58
927,-88.42,12,29,51,0.0,0.0,0.0,18.82
928,-67.38,16,29,46,0.0,0.0,0.0,14.88
929,9.733,17,15,34,0.0,0.0,0.0,7.65
930,-92.745,16,34,51,0.0,0.0,0.0,17.33
931,-67.307,16,29,45,0.0,0.0,0.0,12.93
932,7.032,19,18,37,0.0,0.0,0.0,8.39
933,-20.263,15,19,35,0.0,0.0,0.0,11.42
934,-16.608,20,23,48,0.0,0.0,0.0,12.22
935,-77.846,12,27,43,0.0,0.0,0.0,15.88
936,-112.529,15,37,53,0.0,0.0,0.0,16.29
937,-73.48,16,30,51,0.0,0.0,0.0,12.41
938,42.136,21,13,37,0.0,0.0,0.0,10.04
939,-32.472,19,25,46,0.0,0.0,0.0,12.96
940,21.697,17,13,30,0.0,0.0,0.0,7.27
941,-133.816,10,36,50,0.0,0.0,0.0,17.48
942,-87.338,13,30,44,0.0,0.0,0.0,13.5
943,-5.292,16,17,39,0.0,0.0,0.0,11.65
944,-91.369,14,32,52,0.0,0.0,0.0,14.32
945,46.724,22,13,35,0.0,0.0,0.0,6.94
946,67.561,26,13,41,0.0,0.0,0.0,7.77
947,-35.395,17,24,45,0.0,0.0,0.0,15.29
948,-45.279,18,27,51,0.0,0.0,0.0,14.09
949,0.368,16,16,35,0.0,0.0,0.0,8.04
950,-109.4,12,33,49,0.0,0.0,0.0,14.65
951,-20.269,16,20,38,0.0,0.0,0.0,10.54
952,-34.554,12,19,34,0.0,0.0,0.0,11.47
953,0.106,20,20,42,0.0,0.0,0.0,12.23
954,-87.494,12,29,45,0.0,0.0,0.0,14.29
955,-41.019,17,25,48,0.0,0.0,0.0,11.57
956,-30.802,12,18,34,0.0,0.0,0.0,11.28
957,-76.216,11,26,42,0.0,0.0,0.0,15.09
958,-1.214,21,21,45,0.0,0.0,0.0,9.24
959,-36.034,20,27,51,0.0,0.0,0.0,13.86
960,-17.809,21,24,49,0.0,0.0,0.0,11.67
961,-61.866,13,25,46,0.0,0.0,0.0,11.65
962,-35.805,12,19,34,0.0,0.0,0.0,10.96
963,-86.437,14,31,47,0.0,0.0,0.0,15.13
964,27.251,19,14,35,0.0,0.0,0.0,7.56
965,-113.548,12,34,49,0.0,0.0,0.0,17.7
966,19.442,21,17,42,0.0,0.0,0.0,14.81
967,-77.315,13,28,44,0.0,0.0,0.0,8.79
968,0.18,16,16,34,0.0,0.0,0.0,9.73
969,-62.55,19,31,54,0.0,0.0,0.0,14.75
970,-62.468,14,26,44,0.0,0.0,0.0,17.18
971,-55.317,14,25,44,0.0,0.0,0.0,14.38
972,25.083,17,12,38,0.0,0.0,0.0,13.34
973,-59.989,19,31,50,0.0,0.0,0.0,12.94
974,-7.571,20,21,41,0.0,0.0,0.0,11.12
975,61.823,20,8,28,0.0,0.0,0.0,6.23
976,-79.103,13,28,47,0.0,0.0,0.0,13.7
977,-75.928,16,31,47,0.0,0.0,0.0,12.78
978,-54.673,17,28,45,0.0,0.0,0.0,14.19
979,-15.408,16,19,37,0.0,0.0,0.0,9.76
980,-104.231,10,30,46,0.0,0.0,0.0,13.94
981,33.54,20,13,38,0.0,0.0,0.0,10.92
982,4.239,12,11,26,0.0,0.0,0.0,8.43
983,-4.222,18,19,38,0.0,0.0,0.0,14.6
984,-32.091,15,21,42,0.0,0.0,0.0,12.02
985,20.506,19,15,35,0.0,0.0,0.0,9.5
986,-109.674,9,30,43,0.0,0.0,0.0,13.75
987,-66.144,14,27,43,0.0,0.0,0.0,14.58
988,-107.981,9,30,43,0.0,0.0,0.0,13.7
989,-20.237,16,20,40,0.0,0.0,0.0,8.31
990,-55.521,17,28,47,0.0,0.0,0.0,12.36
991,73.234,25,11,38,0.0,0.0,0.0,8.06
992,-75.3,16,30,52,0.0,0.0,0.0,13.0
993,-26.876,15,20,39,0.0,0.0,0.0,11.95
994,93.365,25,7,32,0.0,0.0,0.0,7.25
995,-62.241,14,26,43,0.0,0.0,0.0,11.94
996,-7.061,12,14,29,0.0,0.0,0.0,9.4
997,30.384,23,17,43,0.0,0.0,0.0,10.8
998,-91.975,14,32,48,0.0,0.0,0.0,15.91
999,-163.216,9,41,51,0.0,0.0,0.0,18.56
1000,18.029,19,15,38,0.0,0.0,0.0,10.77
1001,-93.516,11,29,43,0.0,0.0,0.0,13.46
1002,-20.875,22,26,50,0.0,0.0,0.0,11.96
1003,0.193,17,17,38,0.0,0.0,0.0,9.14
1004,-0.099,16,16,35,0.0,0.0,0.0,6.34
1005,37.064,18,11,30,0.0,0.0,0.0,9.1
1006,-7.961,21,22,47,0.0,0.0,0.0,15.01
1007,-21.653,18,22,40,0.0,0.0,0.0,6.95
1008,-62.181,13,25,38,0.0,0.0,0.0,13.5
1009,-50.855,13,23,40,0.0,0.0,0.0,12.19
1010,-96.399,12,31,45,0.0,0.0,0.0,16.24
1011,-14.337,18,21,39,0.0,0.0,0.0,12.53
1012,-42.099,22,30,55,0.0,0.0,0.0,15.89
1013,-11.606,19,21,47,0.0,0.0,0.0,19.39
1014,-30.032,17,23,45,0.0,0.0,0.0,13.93
1015,46.695,24,15,42,0.0,0.0,0.0,7.92
1016,-98.938,12,31,45,0.0,0.0,0.0,16.4
1017,-32.767,17,24,41,0.0,0.0,0.0,15.83
1018,57.471,23,12,38,0.0,0.0,0.0,6.82
1019,-57.688,14,25,40,0.0,0.0,0.0,11.75
1020,35.869,21,14,36,0.0,0.0,0.0,7.39
1021,-62.45,17,29,52,0.0,0.0,0.0,12.54
1022,-41.782,14,22,37,0.0,0.0,0.0,10.92
1023,-87.864,14,31,49,0.0,0.0,0.0,15.4
1024,-39.825,17,25,46,0.0,0.0,0.0,15.04
1025,-81.083,16,32,54,0.0,0.0,0.0,16.4
1026,-25.428,19,24,47,0.0,0.0,0.0,14.63
1027,-49.74,13,23,40,0.0,0.0,0.0,14.71
1028,31.893,24,18,43,0.0,0.0,0.0,10.07
1029,-72.955,15,29,46,0.0,0.0,0.0,14.74
1030,31.509,18,12,34,0.0,0.0,0.0,9.21
1031,-88.607,13,30,49,0.0,0.0,0.0,16.34
1032,-14.754,20,23,49,0.0,0.0,0.0,11.2
1033,-27.361,22,27,53,0.0,0.0,0.0,13.95
1034,-52.339,20,30,52,0.0,0.0,0.0,13.33
1035,-72.83,13,27,45,0.0,0.0,0.0,12.85
1036,13.373,22,19,45,0.0,0.0,0.0,10.34
1037,-44.92,16,25,44,0.0,0.0,0.0,19.32
1038,-56.736,17,28,48,0.0,0.0,0.0,8.74
1039,-4.093,16,17,35,0.0,0.0,0.0,12.64
1040,-55.474,20,31,51,0.0,0.0,0.0,13.97
1041,-29.874,18,24,44,0.0,0.0,0.0,14.94
1042,-4.305,15,16,34,0.0,0.0,0.0,9.75
1043,-124.32,16,40,62,0.0,0.0,0.0,14.45
1044,-92.94,15,33,55,0.0,0.0,0.0,13.23
1045,29.438,21,15,41,0.0,0.0,0.0,12.97
1046,-104.694,11,31,46,0.0,0.0,0.0,13.18
1047,22.436,19,15,36,0.0,0.0,0.0,8.99
1048,-20.191,21,25,50,0.0,0.0,0.0,11.98
1049,-21.187,17,21,40,0.0,0.0,0.0,10.31
1050,5.377,16,15,32,0.0,0.0,0.0,7.11
1051,-87.476,14,31,49,0.0,0.0,0.0,13.17
1052,-20.957,17,21,45,0.0,0.0,0.0,11.68
1053,32.143,21,15,41,0.0,0.0,0.0,7.38
1054,-25.575,22,27,53,0.0,0.0,0.0,13.31
1055,-67.391,10,23,38,0.0,0.0,0.0,11.88
1056,28.202,21,15,38,0.0,0.0,0.0,14.89
1057,-6.263,19,20,41,0.0,0.0,0.0,9.54
1058,-13.205,15,18,34,0.0,0.0,0.0,11.41
1059,-47.608,18,27,49,0.0,0.0,0.0,15.09
1060,-82.869,14,30,49,0.0,0.0,0.0,13.08
1061,-92.864,13,31,51,0.0,0.0,0.0,18.39
1062,-5.657,19,20,40,0.0,0.0,0.0,12.23
1063,-30.087,20,26,47,0.0,0.0,0.0,13.6
1064,-37.024,16,23,41,0.0,0.0,0.0,10.41
1065,-10.431,20,22,45,0.0,0.0,0.0,17.72
1066,11.315,20,18,38,0.0,0.0,0.0,9.0
1067,35.906,21,14,35,0.0,0.0,0.0,9.82
1068,-22.088,15,19,38,0.0,0.0,0.0,13.67
1069,-102.011,12,32,47,0.0,0.0,0.0,18.97
1070,-26.087,15,20,37,0.0,0.0,0.0,16.53
1071,-78.422,17,32,52,0.0,0.0,0.0,13.88
1072,-7.432,20,21,43,0.0,0.0,0.0,9.55
1073,-41.859,13,21,38,0.0,0.0,0.0,11.5
1074,25.617,22,17,46,0.0,0.0,0.0,9.33
1075,-41.265,15,23,42,0.0,0.0,0.0,13.51
1076,-101.881,10,30,47,0.0,0.0,0.0,14.81
1077,-73.595,13,27,44,0.0,0.0,0.0,14.43
1078,-17.206,14,17,40,0.0,0.0,0.0,12.51
1079,-68.04,14,27,45,0.0,0.0,0.0,9.22
1080,-11.506,14,16,36,0.0,0.0,0.0,8.44
1081,61.114,23,11,37,0.0,0.0,0.0,8.76
1082,19.729,22,18,40,0.0,0.0,0.0,10.59
1083,-61.972,14,26,45,0.0,0.0,0.0,15.45
1084,-79.08,17,32,49,0.0,0.0,0.0,12.1
1085,19.726,22,18,44,0.0,0.0,0.0,14.1
1086,19.193,22,18,46,0.0,0.0,0.0,12.02
1087,-29.823,11,17,33,0.0,0.0,0.0,9.87
1088,-45.447,18,27,47,0.0,0.0,0.0,17.37
1089,-26.601,15,20,38,0.0,0.0,0.0,9.86
1090,-35.808,14,21,41,0.0,0.0,0.0,12.92
1091,0.349,23,23,49,0.0,0.0,0.0,12.64
1092,-62.103,18,30,51,0.0,0.0,0.0,19.11
1093,56.674,24,13,38,0.0,0.0,0.0,10.74
1094,13.136,16,13,34,0.0,0.0,0.0,8.78
1095,-5.475,18,19,39,0.0,0.0,0.0,12.23
1096,15.326,18,15,33,0.0,0.0,0.0,8.18
1097,0.217,20,20,43,0.0,0.0,0.0,12.45
1098,72.431,25,11,39,0.0,0.0,0.0,7.78
1099,5.29,16,15,32,0.0,0.0,0.0,9.68
1100,22.949,19,14,37,0.0,0.0,0.0,11.53
1101,-48.383,16,25,43,0.0,0.0,0.0,10.83
1102,-33.241,19,25,48,0.0,0.0,0.0,16.84
1103,-0.542,19,19,42,0.0,0.0,0.0,9.02
1104,-71.224,16,30,50,0.0,0.0,0.0,13.1
1105,-15.989,19,22,43,0.0,0.0,0.0,10.67
1106,-106.966,10,31,43,0.0,0.0,0.0,16.04
1107,-31.282,19,25,47,0.0,0.0,0.0,14.57
1108,0.1,19,19,38,0.0,0.0,0.0,10.39
1109,-60.496,14,26,42,0.0,0.0,0.0,13.47
1110,5.888,17,16,39,0.0,0.0,0.0,8.66
1111,46.09,25,16,43,0.0,0.0,0.0,10.4
1112,24.391,17,12,36,0.0,0.0,0.0,9.64
1113,-27.593,22,27,52,0.0,0.0,0.0,11.93
1114,33.927,23,16,42,0.0,0.0,0.0,9.0
1115,-42.037,16,24,44,0.0,0.0,0.0,16.46
1116,-9.12,10,12,22,0.0,0.0,0.0,9.36
1117,-178.894,12,47,61,0.0,0.0,0.0,18.88
1118,10.177,18,16,36,0.0,0.0,0.0,9.62
1119,38.559,22,14,42,0.0,0.0,0.0,11.91
1120,-68.542,15,28,46,0.0,0.0,0.0,12.72
1121,25.133,23,18,42,0.0,0.0,0.0,14.87
1122,-129.605,11,36,50,0.0,0.0,0.0,20.93
1123,-2.681,20,20,45,0.0,0.0,0.0,13.41
1124,-61.309,13,25,41,0.0,0.0,0.0,12.18
1125,-57.953,16,27,50,0.0,0.0,0.0,10.29
1126,7.651,18,16,38,0.0,0.0,0.0,9.57
1127,-99.018,9,28,41,0.0,0.0,0.0,16.91
1128,-31.176,15,21,42,0.0,0.0,0.0,14.49
1129,-92.495,14,32,49,0.0,0.0,0.0,15.29
1130,-129.455,8,33,47,0.0,0.0,0.0,15.59
1131,58.04,21,10,35,0.0,0.0,0.0,7.87
1132,-118.559,12,35,49,0.0,0.0,0.0,14.34
1133,-6.951,16,17,38,0.0,0.0,0.0,11.71
1134,25.945,20,15,35,0.0,0.0,0.0,7.91
1135,-103.368,14,34,50,0.0,0.0,0.0,17.79
1136,-78.884,12,27,47,0.0,0.0,0.0,14.22
1137,9.374,14,12,28,0.0,0.0,0.0,9.16
1138,-106.812,14,35,51,0.0,0.0,0.0,15.21
1139,-13.948,16,19,37,0.0,0.0,0.0,10.17
1140,-7.122,18,19,41,0.0,0.0,0.0,13.26
1141,-12.486,20,22,44,0.0,0.0,0.0,10.01
1142,3.708,18,17,37,0.0,0.0,0.0,8.44
1143,-14.483,13,16,32,0.0,0.0,0.0,7.78
1144,7.582,17,15,37,0.0,0.0,0.0,10.51
1145,20.066,20,16,37,0.0,0.0,0.0,8.63
1146,-92.293,10,28,38,0.0,0.0,0.0,11.83
1147,-36.811,14,21,39,0.0,0.0,0.0,14.57
1148,67.627,22,9,32,0.0,0.0,0.0,5.35
1149,-77.167,12,27,44,0.0,0.0,0.0,12.37
1150,-37.799,15,22,38,0.0,0.0,0.0,10.12
1151,-72.668,11,25,42,0.0,0.0,0.0,16.93
1152,-91.533,15,33,50,0.0,0.0,0.0,14.22
1153,-46.612,15,24,39,0.0,0.0,0.0,12.75
1154,25.003,21,16,42,0.0,0.0,0.0,12.41
1155,-13.104,17,19,40,0.0,0.0,0.0,11.42
1156,-32.107,20,26,51,0.0,0.0,0.0,12.76
1157,-45.781,12,21,36,0.0,0.0,0.0,13.54
1158,-54.477,17,27,50,0.0,0.0,0.0,10.93
1159,-38.2,20,27,50,0.0,0.0,0.0,9.93
1160,13.004,18,15,36,0.0,0.0,0.0,8.11
1161,8.838,17,15,37,0.0,0.0,0.0,8.78
1162,-86.653,12,29,44,0.0,0.0,0.0,12.87
1163,-6.645,21,22,44,0.0,0.0,0.0,12.44
1164,-13.056,16,18,35,0.0,0.0,0.0,12.98
1165,-77.715,12,27,42,0.0,0.0,0.0,13.03
1166,-169.81,6,39,48,0.0,0.0,0.0,19.09
1167,-36.452,20,27,53,0.0,0.0,0.0,13.38
1168,9.439,16,14,36,0.0,0.0,0.0,10.55
1169,-78.852,13,28,43,0.0,0.0,0.0,11.54
1170,-27.201,15,20,39,0.0,0.0,0.0,12.3
1171,-103.605,11,31,48,0.0,0.0,0.0,16.96
1172,-49.893,14,24,43,0.0,0.0,0.0,13.88
1173,-1.0,17,17,40,0.0,0.0,0.0,9.92
1174,-38.78,16,23,43,0.0,0.0,0.0,11.73
1175,26.133,18,13,34,0.0,0.0,0.0,7.96
1176,-86.226,6,23,32,0.0,0.0,0.0,13.14
1177,-73.9,13,27,48,0.0,0.0,0.0,17.02
1178,-100.299,14,33,51,0.0,0.0,0.0,14.32
1179,-44.353,17,26,45,0.0,0.0,0.0,14.21
1180,12.668,18,16,34,0.0,0.0,0.0,12.7
1181,-94.204,14,32,50,0.0,0.0,0.0,13.99
1182,-60.725,14,26,42,0.0,0.0,0.0,10.21
1183,-108.408,10,31,47,0.0,0.0,0.0,16.37
1184,-123.852,14,38,59,0.0,0.0,0.0,18.32
1185,-30.493,21,27,49,0.0,0.0,0.0,13.47
1186,-73.818,14,28,47,0.0,0.0,0.0,9.35
1187,-0.515,18,18,38,0.0,0.0,0.0,10.25
1188,-89.984,14,31,48,0.0,0.0,0.0,12.6
1189,-71.649,13,27,44,0.0,0.0,0.0,13.65
1190,-36.682,15,22,40,0.0,0.0,0.0,11.55
1191,-26.592,18,23,46,0.0,0.0,0.0,11.79
1192,26.167,17,12,31,0.0,0.0,0.0,11.84
1193,-17.562,18,21,42,0.0,0.0,0.0,10.81
1194,-84.031,14,30,48,0.0,0.0,0.0,15.37
1195,70.317,28,14,44,0.0,0.0,0.0,6.77
1196,9.798,19,17,41,0.0,0.0,0.0,9.58
1197,40.607,19,11,30,0.0,0.0,0.0,7.2
1198,-76.321,12,27,41,0.0,0.0,0.0,10.55
1199,-57.98,18,29,49,0.0,0.0,0.0,13.93
1200,15.388,21,18,44,0.0,0.0,0.0,16.06
1201,-16.32,15,18,38,0.0,0.0,0.0,10.31
1202,-124.254,13,37,55,0.0,0.0,0.0,17.67
1203,-14.021,15,18,37,0.0,0.0,0.0,10.17
1204,-58.526,13,24,45,0.0,0.0,0.0,14.24
1205,-76.852,16,30,56,0.0,0.0,0.0,12.87
1206,25.52,19,14,37,0.0,0.0,0.0,8.89
1207,-32.245,17,23,47,0.0,0.0,0.0,11.39
1208,-62.861,16,28,47,0.0,0.0,0.0,13.43
1209,54.867,23,12,38,0.0,0.0,0.0,10.14
1210,14.888,20,17,40,0.0,0.0,0.0,9.8
1211,-67.982,16,29,47,0.0,0.0,0.0,15.1
1212,-14.505,20,23,45,0.0,0.0,0.0,12.45
1213,-57.573,15,26,44,0.0,0.0,0.0,16.45
1214,-24.92,16,21,38,0.0,0.0,0.0,9.21
1215,31.293,19,13,37,0.0,0.0,0.0,8.96
1216,55.928,23,12,37,0.0,0.0,0.0,6.87
1217,-0.857,25,25,54,0.0,0.0,0.0,10.74
1218,27.118,15,10,32,0.0,0.0,0.0,10.05
1219,17.781,17,14,31,0.0,0.0,0.0,11.13
1220,35.562,18,11,32,0.0,0.0,0.0,8.41
1221,41.51,21,13,37,0.0,0.0,0.0,7.4
1222,-50.614,17,27,47,0.0,0.0,0.0,11.22
1223,-58.31,15,26,48,0.0,0.0,0.0,12.25
1224,15.459,17,14,42,0.0,0.0,0.0,11.34
1225,57.235,23,12,35,0.0,0.0,0.0,7.52
1226,-15.982,19,22,42,0.0,0.0,0.0,8.97
1227,-92.326,10,28,41,0.0,0.0,0.0,11.85
1228,-77.352,18,33,55,0.0,0.0,0.0,13.2
1229,-56.776,13,24,42,0.0,0.0,0.0,13.94
1230,-97.52,9,28,48,0.0,0.0,0.0,16.36
1231,-67.362,14,27,44,0.0,0.0,0.0,15.81
1232,-92.189,14,32,48,0.0,0.0,0.0,15.03
1233,-54.693,17,27,48,0.0,0.0,0.0,13.67
1234,-97.287,12,31,45,0.0,0.0,0.0,17.01
1235,32.27,24,18,44,0.0,0.0,0.0,8.1
1236,-55.663,14,25,41,0.0,0.0,0.0,12.29
1237,-62.5,18,30,48,0.0,0.0,0.0,8.05
1238,-63.012,14,26,44,0.0,0.0,0.0,12.23
1239,-32.866,19,25,50,0.0,0.0,0.0,16.02
1240,-31.769,17,23,41,0.0,0.0,0.0,11.02
1241,-31.117,16,22,45,0.0,0.0,0.0,10.28
1242,-20.285,25,29,56,0.0,0.0,0.0,13.21
1243,-35.792,10,17,30,0.0,0.0,0.0,10.08
1244,-2.856,18,19,39,0.0,0.0,0.0,9.56
1245,-20.34,18,22,42,0.0,0.0,0.0,11.16
1246,-70.772,11,25,37,0.0,0.0,0.0,12.1
1247,-24.966,15,20,38,0.0,0.0,0.0,8.73
1248,-48.654,12,21,39,0.0,0.0,0.0,11.47
1249,-51.905,17,27,50,0.0,0.0,0.0,15.36
1250,-5.718,21,22,43,0.0,0.0,0.0,6.59
1251,-71.46,16,30,49,0.0,0.0,0.0,16.19
1252,-64.227,14,26,43,0.0,0.0,0.0,13.5
1253,-63.483,12,24,41,0.0,0.0,0.0,11.38
1254,19.352,18,14,36,0.0,0.0,0.0,7.93
1255,-32.451,13,19,41,0.0,0.0,0.0,7.96
1256,-127.691,10,35,46,0.0,0.0,0.0,13.64
1257,-94.245,10,28,44,0.0,0.0,0.0,17.97
1258,-47.087,16,25,46,0.0,0.0,0.0,15.05
1259,-67.17,10,23,35,0.0,0.0,0.0,12.1
1260,-101.049,12,32,48,0.0,0.0,0.0,16.51
1261,60.697,28,16,45,0.0,0.0,0.0,7.3
1262,-38.925,13,21,34,0.0,0.0,0.0,10.79
1263,-16.052,20,23,50,0.0,0.0,0.0,14.1
1264,-36.173,14,21,40,0.0,0.0,0.0,13.38
1265,-70.14,18,31,52,0.0,0.0,0.0,13.98
1266,-57.844,20,31,52,0.0,0.0,0.0,10.61
1267,26.575,20,15,37,0.0,0.0,0.0,9.05
1268,-63.575,16,28,51,0.0,0.0,0.0,14.05
1269,-94.082,14,32,49,0.0,0.0,0.0,15.48
1270,41.183,21,13,37,0.0,0.0,0.0,12.17
1271,-55.982,14,25,40,0.0,0.0,0.0,11.81
1272,-42.934,13,21,38,0.0,0.0,0.0,12.2
1273,-81.984,18,34,54,0.0,0.0,0.0,14.66
1274,-24.732,14,19,36,0.0,0.0,0.0,9.63
1275,-33.171,14,20,35,0.0,0.0,0.0,10.2
1276,-93.612,9,27,42,0.0,0.0,0.0,12.74
1277,-67.532,16,29,50,0.0,0.0,0.0,14.83
1278,-77.793,16,31,47,0.0,0.0,0.0,8.39
1279,-22.539,15,19,42,0.0,0.0,0.0,13.28
1280,-30.911,13,19,34,0.0,0.0,0.0,15.55
1281,-47.409,17,26,47,0.0,0.0,0.0,12.58
1282,14.674,25,22,52,0.0,0.0,0.0,14.53
1283,-26.731,14,19,36,0.0,0.0,0.0,9.96
1284,-20.505,19,23,49,0.0,0.0,0.0,15.13
1285,4.063,14,13,33,0.0,0.0,0.0,10.11
1286,-83.65,11,27,44,0.0,0.0,0.0,20.37
1287,-71.312,12,26,44,0.0,0.0,0.0,17.54
1288,8.457,16,14,35,0.0,0.0,0.0,11.4
1289,28.983,22,16,40,0.0,0.0,0.0,9.84
1290,11.455,18,16,36,0.0,0.0,0.0,10.06
1291,-81.391,16,32,55,0.0,0.0,0.0,10.73
1292,-92.593,9,27,37,0.0,0.0,0.0,17.62
1293,-11.947,15,17,40,0.0,0.0,0.0,10.84
1294,-10.936,17,19,38,0.0,0.0,0.0,8.59
1295,11.61,16,14,34,0.0,0.0,0.0,11.25
1296,-77.544,19,34,57,0.0,0.0,0.0,16.74
1297,-20.3,16,20,41,0.0,0.0,0.0,13.94
1298,-78.327,16,31,52,0.0,0.0,0.0,11.8
1299,-78.293,15,30,48,0.0,0.0,0.0,12.17
1300,34.386,21,14,35,0.0,0.0,0.0,5.0
1301,-33.259,13,19,36,0.0,0.0,0.0,10.64
1302,-19.663,17,21,42,0.0,0.0,0.0,9.61
1303,-37.524,18,25,45,0.0,0.0,0.0,11.77
1304,-30.262,15,21,38,0.0,0.0,0.0,12.75
1305,-30.439,13,19,35,0.0,0.0,0.0,10.01
1306,-35.987,17,24,41,0.0,0.0,0.0,12.41
1307,35.951,22,15,38,0.0,0.0,0.0,8.19
1308,-0.411,20,20,40,0.0,0.0,0.0,8.8
1309,-25.66,13,18,35,0.0,0.0,0.0,9.96
1310,-71.809,15,29,48,0.0,0.0,0.0,16.01
1311,-40.397,8,16,25,0.0,0.0,0.0,7.07
1312,-56.042,9,20,32,0.0,0.0,0.0,15.14
1313,-71.923,11,25,42,0.0,0.0,0.0,13.65
1314,24.887,20,15,37,0.0,0.0,0.0,10.75
1315,-7.462,21,22,45,0.0,0.0,0.0,11.82
1316,-99.176,14,33,53,0.0,0.0,0.0,15.48
1317,-0.773,20,20,50,0.0,0.0,0.0,13.48
1318,-54.816,13,23,39,0.0,0.0,0.0,10.67
1319,-47.128,22,31,55,0.0,0.0,0.0,11.51
1320,-5.562,18,19,40,0.0,0.0,0.0,14.98
1321,-41.45,22,30,54,0.0,0.0,0.0,17.18
1322,74.901,26,11,38,0.0,0.0,0.0,5.78
1323,66.351,21,8,30,0.0,0.0,0.0,6.51
1324,36.51,22,15,39,0.0,0.0,0.0,9.21
1325,-13.875,22,25,47,0.0,0.0,0.0,13.42
1326,-37.868,16,23,45,0.0,0.0,0.0,12.54
1327,34.505,20,13,34,0.0,0.0,0.0,7.66
1328,-35.74,17,24,42,0.0,0.0,0.0,15.58
1329,-90.899,12,30,42,0.0,0.0,0.0,11.77
1330,-82.109,15,31,50,0.0,0.0,0.0,17.69
1331,41.056,23,15,39,0.0,0.0,0.0,8.43
1332,-0.995,21,21,45,0.0,0.0,0.0,8.33
1333,-83.501,12,28,47,0.0,0.0,0.0,16.91
1334,-66.701,18,31,57,0.0,0.0,0.0,13.83
1335,-154.3,10,40,52,0.0,0.0,0.0,14.1
1336,66.16,22,9,34,0.0,0.0,0.0,7.62
1337,-120.446,19,42,67,0.0,0.0,0.0,16.38
1338,-81.634,15,31,47,0.0,0.0,0.0,12.79
1339,-46.915,18,27,46,0.0,0.0,0.0,13.5
1340,13.479,18,15,37,0.0,0.0,0.0,11.46
1341,-37.034,17,24,46,0.0,0.0,0.0,15.52
1342,-66.808,11,24,38,0.0,0.0,0.0,12.73
1343,34.315,26,19,48,0.0,0.0,0.0,11.15
1344,-4.041,17,18,38,0.0,0.0,0.0,8.18
1345,-73.237,19,33,53,0.0,0.0,0.0,15.3
1346,-113.819,14,36,54,0.0,0.0,0.0,17.15
1347,65.43,22,9,35,0.0,0.0,0.0,11.64
1348,22.872,17,13,33,0.0,0.0,0.0,12.46
1349,-0.409,16,16,38,0.0,0.0,0.0,8.79
1350,-47.21,12,21,36,0.0,0.0,0.0,11.03
1351,-92.918,11,29,45,0.0,0.0,0.0,13.75
1352,-20.414,15,19,35,0.0,0.0,0.0,9.32
1353,-40.552,15,23,41,0.0,0.0,0.0,12.92
1354,-37.46,16,23,45,0.0,0.0,0.0,14.58
1355,45.235,22,13,35,0.0,0.0,0.0,6.97
1356,8.897,22,20,44,0.0,0.0,0.0,10.21
1357,30.662,19,13,35,0.0,0.0,0.0,8.58
1358,4.386,16,15,36,0.0,0.0,0.0,9.66
1359,-51.769,15,25,42,0.0,0.0,0.0,12.34
1360,56.238,25,14,41,0.0,0.0,0.0,7.84
1361,0.959,17,17,35,0.0,0.0,0.0,8.41
1362,-88.548,11,28,42,0.0,0.0,0.0,14.42
1363,-16.047,17,20,37,0.0,0.0,0.0,10.25
1364,-87.861,11,28,44,0.0,0.0,0.0,15.21
1365,44.646,23,14,40,0.0,0.0,0.0,7.08
1366,-62.37,14,26,46,0.0,0.0,0.0,14.67
1367,46.785,21,12,35,0.0,0.0,0.0,6.73
1368,-112.853,12,34,48,0.0,0.0,0.0,20.92
1369,-15.781,23,26,51,0.0,0.0,0.0,12.43
1370,-28.254,22,27,52,0.0,0.0,0.0,11.06
1371,-102.862,13,33,46,0.0,0.0,0.0,13.88
1372,-77.913,15,30,50,0.0,0.0,0.0,13.98
1373,-104.189,11,31,45,0.0,0.0,0.0,17.29
1374,-46.985,18,27,46,0.0,0.0,0.0,14.49
1375,-68.236,16,29,46,0.0,0.0,0.0,10.57
1376,10.248,19,17,37,0.0,0.0,0.0,9.87
1377,-66.511,11,24,39,0.0,0.0,0.0,11.6
1378,22.785,18,13,38,0.0,0.0,0.0,9.12
1379,16.139,19,16,36,0.0,0.0,0.0,9.42
1380,-17.602,20,23,45,0.0,0.0,0.0,11.53
1381,-78.959,15,30,48,0.0,0.0,0.0,16.21
1382,-47.544,12,21,39,0.0,0.0,0.0,13.17
1383,-31.296,20,26,48,0.0,0.0,0.0,19.57
1384,-17.305,17,20,45,0.0,0.0,0.0,10.91
1385,-46.831,16,25,41,0.0,0.0,0.0,10.34
1386,-37.451,17,24,45,0.0,0.0,0.0,13.05
1387,-58.61,11,22,40,0.0,0.0,0.0,17.55
1388,47.608,23,13,39,0.0,0.0,0.0,6.28
1389,-149.991,5,34,46,0.0,0.0,0.0,15.6
1390,25.194,19,14,33,0.0,0.0,0.0,8.89
1391,-52.806,12,22,36,0.0,0.0,0.0,10.88
1392,-15.351,15,18,35,0.0,0.0,0.0,9.35
1393,-25.87,17,22,45,0.0,0.0,0.0,17.74
1394,-20.51,19,23,45,0.0,0.0,0.0,11.46
1395,-83.566,19,35,56,0.0,0.0,0.0,14.35
1396,-67.261,13,26,45,0.0,0.0,0.0,14.89
1397,-68.518,17,30,52,0.0,0.0,0.0,18.24
1398,41.258,20,12,34,0.0,0.0,0.0,9.02
1399,-77.53,12,27,40,0.0,0.0,0.0,15.69
1400,-112.857,11,33,50,0.0,0.0,0.0,18.64
1401,8.67,18,16,37,0.0,0.0,0.0,9.63
1402,-60.74,12,24,42,0.0,0.0,0.0,13.08
1403,-68.729,14,27,44,0.0,0.0,0.0,14.94
1404,-24.086,16,21,38,0.0,0.0,0.0,11.11
1405,-86.721,13,30,44,0.0,0.0,0.0,16.2
1406,-15.734,21,24,51,0.0,0.0,0.0,13.81
1407,-25.284,24,29,58,0.0,0.0,0.0,14.92
1408,-25.186,15,20,37,0.0,0.0,0.0,14.16
1409,-4.084,20,21,41,0.0,0.0,0.0,13.48
1410,-8.375,15,17,32,0.0,0.0,0.0,10.76
1411,29.671,21,15,38,0.0,0.0,0.0,8.85
1412,-24.893,14,19,34,0.0,0.0,0.0,11.79
1413,-14.366,19,22,45,0.0,0.0,0.0,14.96
1414,15.718,15,12,30,0.0,0.0,0.0,8.72
1415,11.115,18,16,40,0.0,0.0,0.0,10.38
1416,41.175,21,13,34,0.0,0.0,0.0,10.02
1417,-62.087,12,24,37,0.0,0.0,0.0,10.3
1418,26.191,23,18,44,0.0,0.0,0.0,9.61
1419,-0.214,21,21,45,0.0,0.0,0.0,15.05
1420,-57.749,19,30,54,0.0,0.0,0.0,16.49
1421,-58.202,13,24,43,0.0,0.0,0.0,9.76
1422,-30.956,16,22,39,0.0,0.0,0.0,9.62
1423,21.816,16,12,31,0.0,0.0,0.0,9.77
1424,-98.498,10,29,43,0.0,0.0,0.0,14.45
1425,-36.395,19,26,48,0.0,0.0,0.0,14.48
1426,-103.449,9,29,41,0.0,0.0,0.0,13.87
1427,4.623,18,17,41,0.0,0.0,0.0,10.83
1428,-51.893,13,23,44,0.0,0.0,0.0,15.42
1429,-10.39,19,21,46,0.0,0.0,0.0,11.29
1430,-63.323,16,28,48,0.0,0.0,0.0,12.15
1431,31.201,18,12,33,0.0,0.0,0.0,10.06
1432,32.317,20,14,35,0.0,0.0,0.0,7.57
1433,57.106,24,12,41,0.0,0.0,0.0,8.81
1434,-28.493,16,21,42,0.0,0.0,0.0,12.96
1435,16.622,20,17,38,0.0,0.0,0.0,7.23
1436,-164.81,7,39,49,0.0,0.0,0.0,16.36
1437,-12.057,21,23,48,0.0,0.0,0.0,12.21
1438,-52.329,15,25,42,0.0,0.0,0.0,12.08
1439,59.342,23,11,35,0.0,0.0,0.0,5.95
1440,-32.187,21,27,51,0.0,0.0,0.0,10.04
1441,-37.671,15,22,41,0.0,0.0,0.0,12.15
1442,2.648,20,19,44,0.0,0.0,0.0,8.55
1443,8.98,20,18,46,0.0,0.0,0.0,12.67
1444,34.561,21,14,41,0.0,0.0,0.0,9.44
1445,-65.562,14,27,43,0.0,0.0,0.0,14.32
1446,-36.78,19,26,48,0.0,0.0,0.0,16.77
1447,36.921,17,10,30,0.0,0.0,0.0,7.72
1448,28.411,21,15,47,0.0,0.0,0.0,13.19
1449,-4.238,15,16,33,0.0,0.0,0.0,9.05
1450,37.011,20,13,39,0.0,0.0,0.0,11.5
1451,-141.755,8,36,46,0.0,0.0,0.0,19.39
1452,-3.923,18,19,42,0.0,0.0,0.0,13.35
1453,-71.89,13,27,44,0.0,0.0,0.0,14.71
1454,-51.559,11,21,36,0.0,0.0,0.0,11.81
1455,-95.251,15,33,53,0.0,0.0,0.0,14.88
1456,-3.606,16,16,42,0.0,0.0,0.0,11.04
1457,-31.651,12,18,32,0.0,0.0,0.0,14.11
1458,-3.963,22,23,46,0.0,0.0,0.0,13.7
1459,21.701,20,16,41,0.0,0.0,0.0,10.69
1460,-55.786,15,26,48,0.0,0.0,0.0,17.41
1461,-81.72,14,30,47,0.0,0.0,0.0,14.06
1462,58.001,21,10,34,0.0,0.0,0.0,5.78
1463,17.688,19,15,39,0.0,0.0,0.0,10.62
1464,23.274,18,13,32,0.0,0.0,0.0,6.96
1465,-1.328,20,20,43,0.0,0.0,0.0,15.89
1466,-15.185,15,18,35,0.0,0.0,0.0,10.46
1467,16.055,20,17,38,0.0,0.0,0.0,13.21
1468,19.049,21,17,42,0.0,0.0,0.0,8.65
1469,-78.586,17,32,52,0.0,0.0,0.0,14.56
1470,-27.093,16,21,39,0.0,0.0,0.0,13.96
1471,-37.493,13,20,34,0.0,0.0,0.0,10.05
1472,-11.347,15,17,43,0.0,0.0,0.0,10.28
1473,-46.888,13,22,36,0.0,0.0,0.0,13.51
1474,30.76,25,19,45,0.0,0.0,0.0,8.59
1475,-26.303,19,24,47,0.0,0.0,0.0,18.95
1476,-109.301,16,37,58,0.0,0.0,0.0,10.31
1477,-62.304,16,28,49,0.0,0.0,0.0,13.34
1478,24.467,19,14,38,0.0,0.0,0.0,10.91
1479,0.693,17,17,35,0.0,0.0,0.0,10.53
1480,32.588,24,17,46,0.0,0.0,0.0,10.39
1481,0.232,20,20,45,0.0,0.0,0.0,9.26
1482,-84.678,17,33,53,0.0,0.0,0.0,11.95
1483,-40.017,17,25,43,0.0,0.0,0.0,13.06
1484,-73.76,11,25,39,0.0,0.0,0.0,14.55
1485,-53.364,13,23,42,0.0,0.0,0.0,11.68
1486,-103.817,10,30,42,0.0,0.0,0.0,16.32
1487,16.16,22,18,42,0.0,0.0,0.0,7.11
1488,-48.041,18,27,51,0.0,0.0,0.0,12.91
1489,14.69,22,19,46,0.0,0.0,0.0,10.71
1490,-53.094,15,25,43,0.0,0.0,0.0,11.68
1491,-63.199,15,27,45,0.0,0.0,0.0,17.64
1492,-78.942,15,30,48,0.0,0.0,0.0,14.12
1493,30.177,21,15,36,0.0,0.0,0.0,9.77
1494,3.143,19,18,44,0.0,0.0,0.0,12.55
1495,-16.409,17,20,42,0.0,0.0,0.0,12.55
1496,-45.062,15,24,40,0.0,0.0,0.0,11.01
1497,51.121,23,13,41,0.0,0.0,0.0,10.44
1498,-43.24,15,23,45,0.0,0.0,0.0,14.46
1499,66.418,20,7,28,0.0,0.0,0.0,6.06
1500,54.889,23,12,37,0.0,0.0,0.0,6.71
