n_hotspots,lam0,lam_hot,lam_near,dwell,capacity_stay,ddl_min,ddl_max,route_gap_pp,voi_pp,d2_drop,live_success,score
2,0.1,0.6,0.0,6,0.7,5,11,10.678387232101304,11.738350931910679,0.11078322255391909,0.7039783134434728,13.954015382989061
2,0.2,0.6,0.0,6,0.7,5,11,8.257855311133882,11.109992876936936,0.12652380124834062,0.5474172562903747,13.382194530941218
2,0.1,0.9,0.0,6,0.7,5,11,11.517521069570813,10.28809176166679,0.09996203304979204,0.5492997016329932,12.21730258596195
2,0.1,0.6,0.0,4,0.7,5,11,6.260982956589311,8.88259633178966,0.09025683288669722,0.6912660683315034,10.687732989523605
2,0.2,0.6,0.0,4,0.7,5,11,6.8913749112688105,9.187337128926082,0.09889701185950536,0.5446506987473229,10.63034724084847
3,0.1,0.6,0.0,6,0.7,5,11,6.924262379085844,9.043826010477696,0.0960960618900005,0.524194450197454,8.385192268023104
3,0.1,0.6,0.0,4,0.7,5,11,7.416972551377277,9.280795096675176,0.10580989726621294,0.5197088554759104,8.36787858959047
2,0.1,0.9,0.0,4,0.7,5,11,9.30727135738873,9.101713715295185,0.10507181116843958,0.5169549250202313,7.898642440687105
2,0.2,0.9,0.0,4,0.7,5,11,6.998849331162871,7.908176503898673,0.10040692823075614,0.4483540680351042,-0.24827812797578908
2,0.2,0.9,0.0,6,0.7,5,11,8.410192353907265,7.905029749279335,0.07878370631922703,0.44756460012341026,-0.762836111995103
2,0.1,1.2,0.0,4,0.7,5,11,9.151026002892976,7.643711650020507,0.12696563399679045,0.43537869825450776,-1.2791058445929124
2,0.1,1.2,0.0,6,0.7,5,11,10.925345767336903,7.535096938164642,0.1401869576753274,0.4305727236464743,-1.6038915436813834
3,0.2,0.6,0.0,4,0.7,5,11,4.965347352987609,5.671143926262201,0.08010410619699405,0.40530751073837334,-7.196022875960589
3,0.2,0.6,0.0,6,0.7,5,11,4.7120380558402895,5.510138123829766,0.056269121112102125,0.40472667510499327,-7.891811943428869
3,0.1,0.9,0.0,4,0.7,5,11,4.871768526402553,4.720672456782587,0.08552363056219203,0.3558697719068215,-12.981877741291427
3,0.1,0.9,0.0,6,0.7,5,11,5.090150108752595,5.099157013580347,0.07519354547933316,0.3479326238017421,-13.603709696658786
2,0.2,1.2,0.0,6,0.7,5,11,5.806877987239884,4.520317294094828,0.07390972593128911,0.3427297480369916,-14.728513383580237
2,0.2,1.2,0.0,4,0.7,5,11,4.525311385413255,4.511145621607893,0.07081954127579178,0.3218945660116942,-16.883006951706857
3,0.2,0.9,0.0,6,0.7,5,11,2.7680888327645037,3.333696414127835,0.0904921012587683,0.28039406925681937,-21.81705463501487
3,0.2,0.9,0.0,4,0.7,5,11,2.4700472311077193,3.056419892252418,0.07071867602053579,0.2766042580662358,-22.86878078071329
3,0.1,1.2,0.0,6,0.7,5,11,2.9934287717149926,2.2790105340812077,0.10012472573069713,0.23124337592165417,-27.594157359139437
3,0.1,1.2,0.0,4,0.7,5,11,1.6451310395679486,1.1965234709007733,0.041605318581559574,0.24016984871921515,-28.954385285546522
3,0.2,1.2,0.0,4,0.7,5,11,1.3952067881350478,2.028939045811953,0.0793194957438367,0.19824517789784585,-31.560153249526735
3,0.2,1.2,0.0,6,0.7,5,11,1.7470074120725791,1.2609959755788576,0.048886979108923416,0.20539072395929345,-32.22219204631333
