"# mode=unfixed d_value=0 d=[1,3] p=0.50 dr=0 seed=1 topology=fixed n_agents=5 obs_dim=34 n_episodes=50"
episode,sum_reward,success,fail,mean_delay
1,44.53926136624243,17,8,1.8755555555555559
2,72.72201224750997,20,5,1.934
3,74.56874910224276,20,5,1.92
4,44.64252593152185,17,8,1.9139999999999997
5,53.90904028724849,18,7,1.8399999999999999
6,54.709543749502124,18,7,1.8920000000000001
7,63.23060024560581,19,6,1.9288888888888889
8,53.74961770455377,18,7,1.916
9,63.443727040622605,19,6,1.9266666666666663
10,35.90908679943763,16,9,1.96
11,55.17240510526814,18,7,1.9240000000000002
12,52.94809068614819,18,7,1.932
13,34.82176489791359,16,9,1.85
14,54.94058568510928,18,7,1.848
15,35.91188575721418,16,9,1.9560000000000002
16,35.26197954254417,16,9,1.8860000000000003
17,74.71809118545963,20,5,1.9088888888888889
18,27.067169872067847,15,10,1.94
19,53.830236832815864,18,7,1.85
20,61.507748391891,19,6,1.816
21,54.36581549627702,18,7,1.85
22,73.9020953534489,20,5,1.9444444444444444
23,63.59945864817483,19,6,1.8800000000000001
24,33.70326244719931,16,9,1.9380000000000002
25,55.02995471021565,18,7,1.8960000000000001
26,73.12447525518353,20,5,1.85
27,53.813875910265914,18,7,1.9444444444444444
28,33.36619419575636,16,9,1.918
29,75.1938131141537,20,5,1.8755555555555554
30,63.6398630187728,19,6,1.8700000000000003
31,66.476087712629,19,6,1.9599999999999997
32,64.2952274751683,19,6,1.918
33,44.48730194810139,17,8,1.8859999999999997
34,45.14148442337212,17,8,1.9060000000000001
35,64.69544437948218,19,6,1.92
36,74.59207113163176,20,5,1.916
37,63.52811086953873,19,6,1.8920000000000001
38,45.0806728926779,17,8,1.8660000000000003
39,54.56432283795316,18,7,1.8739999999999994
40,74.65292992936433,20,5,1.8933333333333333
41,73.38464865954975,20,5,1.8840000000000003
42,44.0921768960255,17,8,1.9288888888888889
43,43.123645154685626,17,8,1.8479999999999996
44,63.18202081428576,19,6,1.9355555555555557
45,53.71855007885789,18,7,1.9088888888888889
46,72.82159626749203,20,5,1.8800000000000001
47,54.73618482716743,18,7,1.888
48,34.59176494776878,16,9,1.8539999999999999
49,53.38646974799005,18,7,1.9100000000000001
50,66.15302564694386,19,6,1.8439999999999999
