"# mode=unfixed d_value=0 d=[1,3] p=0.50 dr=0 seed=1 n_agents=5 obs_dim=34 n_episodes=20"
episode,sum_reward,success,fail,mean_delay
1,22.619174576740697,15,10,1.8780000000000001
2,-7.520336421354633,12,13,1.9140000000000001
3,32.926187445718405,16,9,1.8900000000000001
4,11.534324305701467,14,11,1.936
5,-28.45414774615462,10,15,1.8380000000000003
6,11.663141046821124,14,11,1.9155555555555557
7,35.28581138208172,16,9,1.9440000000000004
8,12.330254261840974,14,11,1.9224999999999999
9,51.24714629477366,18,7,1.94
10,24.948949259712805,15,10,1.9199999999999995
11,34.589618870465394,16,9,1.9333333333333331
12,30.129497586602916,16,9,1.8760000000000001
13,22.13624749126111,15,10,1.8940000000000001
14,32.55393789368927,16,9,1.8511111111111112
15,43.98428097587724,17,8,1.9620000000000002
16,14.232449509489065,14,11,1.8800000000000001
17,1.494259298184161,13,12,1.908
18,22.1144479750002,15,10,1.9400000000000002
19,33.86230213916887,16,9,1.8540000000000003
20,13.192875511578613,14,11,1.8
