"# mode=unfixed d_value=0 d=[1,4] p=0.50 dr=0 seed=1 topology=fixed ch=3 n_agents=5 obs_dim=34 n_episodes=1500"
episode,sum_reward,success,fail,mean_delay
1,-45.50961105203176,8,17,2.1800000000000006
2,-45.534962657439664,8,17,2.22
3,-16.964131721444627,11,14,2.324
4,-36.5729524175374,9,16,2.226
5,-56.295842444351464,7,18,2.25
6,-76.08592116271886,5,20,2.1599999999999997
7,-55.36545605387953,7,18,2.2260000000000004
8,-55.773698131554085,7,18,2.3099999999999996
9,-56.67732969688042,7,18,2.2800000000000002
10,-66.95230747852008,6,19,2.228
11,-46.97091592345101,8,17,2.326
12,-46.09670563315562,8,17,2.2060000000000004
13,-47.33588383458077,8,17,2.2299999999999995
14,-55.87518738787368,7,18,2.2800000000000002
15,-17.600576080290985,11,14,2.266
16,-46.17993424849263,8,17,2.1419999999999995
17,-26.89875474650539,10,15,2.2399999999999998
18,-16.712941461717968,11,14,2.15
19,-67.09086320321899,6,19,2.2980000000000005
20,-45.73040473425736,8,17,2.306
21,-5.866505184555285,12,13,2.1740000000000004
22,-35.981784525836495,9,16,2.1999999999999997
23,-15.970840180993688,11,14,2.302
24,-36.12909406361557,9,16,2.216
25,-36.49147441286729,9,16,2.238
26,-56.989027207101564,7,18,2.0699999999999994
27,-56.526082790092005,7,18,2.1220000000000003
28,-57.57420923554911,7,18,2.2939999999999996
29,-5.26925976632978,12,13,2.1660000000000004
30,-57.00302192030318,7,18,2.234
31,-36.201972997070996,9,16,2.2440000000000007
32,-24.9936564723639,10,15,2.242
33,-27.188096949029028,10,15,2.202
34,-25.82873856590364,10,15,2.2700000000000005
35,-46.352240550079486,8,17,2.2020000000000004
36,-25.838343038877632,10,15,2.26
37,-36.14194059678532,9,16,2.1759999999999997
38,-46.187517108738675,8,17,2.258
39,-45.56233979275737,8,17,2.1719999999999997
40,-46.4278431243063,8,17,2.1900000000000004
41,-46.53965475744249,8,17,2.2659999999999996
42,-35.266997345235154,9,16,2.316
43,-45.443418516130016,8,17,2.098
44,-25.70007032977522,10,15,2.198
45,-16.466176969274652,11,14,2.1220000000000003
46,-56.446018287319625,7,18,2.2800000000000002
47,-37.258136373598234,9,16,2.3240000000000003
48,-35.74902517502788,9,16,2.22
49,-16.384773799464494,11,14,2.224
50,-16.455550618754863,11,14,2.278
51,-46.580727323490095,8,17,2.262
52,-37.445692010078155,9,16,2.232
53,-47.11693646629203,8,17,2.24
54,-47.17624851705478,8,17,2.158
55,-46.29418506299767,8,17,2.21
56,-37.04709482684533,9,16,2.2299999999999995
57,-46.5154965281979,8,17,2.226
58,-17.426946444263677,11,14,2.1879999999999997
59,-46.39822049986482,8,17,2.1879999999999997
60,-16.534639940621712,11,14,2.292
61,-17.258052649821614,11,14,2.168
62,-45.145802219396195,8,17,2.1979999999999995
63,-56.96956680783457,7,18,2.248
64,-35.65985028433881,9,16,2.282
65,-5.434826988789133,12,13,2.188
66,-46.60522639242702,8,17,2.222
67,-15.284816885972427,11,14,2.1679999999999997
68,-47.17624379454324,8,17,2.246
69,-27.68201110616927,10,15,2.224
70,-17.079896371100865,11,14,2.31
71,-26.195225040316064,10,15,2.1860000000000004
72,-25.810634393755755,10,15,2.1759999999999997
73,-16.10102427377361,11,14,2.242
74,-17.59947548403396,11,14,2.264
75,-25.492078526478124,10,15,2.2559999999999993
76,-47.54418888139173,8,17,2.168
77,-25.799953207422142,10,15,2.2960000000000003
78,-27.05259000135804,10,15,2.214
79,-27.756914306001917,10,15,2.23
80,-36.75166195030336,9,16,2.176
81,-35.8823885706553,9,16,2.2
82,-6.305070732782047,12,13,2.3080000000000003
83,-37.14780634560343,9,16,2.192
84,-16.13555458591671,11,14,2.2199999999999998
85,-15.585892236987931,11,14,2.2380000000000004
86,-16.148103362312717,11,14,2.194
87,-36.449312121340995,9,16,2.348
88,-25.609153876612,10,15,2.216
89,-27.58091843806919,10,15,2.23
90,-16.422635905627864,11,14,2.264
91,-27.50203373549525,10,15,2.242
92,-6.275552476603196,12,13,2.2060000000000004
93,-27.454322745045413,10,15,2.21
94,-6.6716125594441325,12,13,2.254
95,-36.07361828738407,9,16,2.1759999999999997
96,-16.76823700249357,11,14,2.1960000000000006
97,-37.830351358756545,9,16,2.244
98,-6.8635824658357105,12,13,2.2399999999999998
99,-17.136838915915007,11,14,2.132
100,-16.289711609279497,11,14,2.234
101,-56.32729259424738,7,18,2.2239999999999998
102,-16.5812823738544,11,14,2.278
103,-6.807311748924864,12,13,2.182
104,-25.8533738164855,10,15,2.224
105,-6.268746688030854,12,13,2.17
106,-15.380971102266756,11,14,2.1340000000000003
107,-16.093997966168253,11,14,2.2219999999999995
108,-7.444566228482101,12,13,2.226
109,3.7777033162378313,13,12,2.176
110,-16.750900231251705,11,14,2.258
111,-6.582737628592394,12,13,2.2359999999999998
112,-16.901446817253717,11,14,2.146
113,3.5083189948123152,13,12,2.2060000000000004
114,-6.0020756870421215,12,13,2.222
115,-8.087138598854931,12,13,2.184
116,-15.716777151682447,11,14,2.256
117,-27.917928590429707,10,15,2.2340000000000004
118,3.5278930224116714,13,12,2.2039999999999997
119,-16.533187250703286,11,14,2.214
120,-27.2743280978695,10,15,2.1799999999999997
121,3.019953387401973,13,12,2.216
122,-6.829226134457993,12,13,2.248
123,-17.01440199556957,11,14,2.304
124,4.106481874936508,13,12,2.184
125,-25.879227771374055,10,15,2.192
126,4.4296829767875625,13,12,2.2039999999999997
127,-7.595704087025908,12,13,2.282
128,-6.84885184356496,12,13,2.16
129,-6.910496481273412,12,13,2.184
130,-15.615079310109598,11,14,2.2239999999999998
131,-26.765624231720487,10,15,2.27
132,-26.189955807144475,10,15,2.18
133,-37.109557300295734,9,16,2.252
134,3.6251866307698988,13,12,2.2359999999999998
135,-18.15304702185458,11,14,2.168
136,2.3478536884372616,13,12,2.2279999999999998
137,-17.03727637875233,11,14,2.186
138,-25.79945000288592,10,15,2.186
139,-17.123850750858452,11,14,2.1800000000000006
140,-37.020558787136295,9,16,2.214
141,-18.991496238474397,11,14,2.3040000000000003
142,-35.913742362630686,9,16,2.192
143,-5.450205372621386,12,13,2.1860000000000004
144,-17.72945216373344,11,14,2.2339999999999995
145,-45.044190393309904,8,17,2.2960000000000003
146,-5.16224502790421,12,13,2.298
147,4.024611661088278,13,12,2.2239999999999998
148,-5.477467945529238,12,13,2.13
149,3.7245314000047838,13,12,2.17
150,-16.18875869412134,11,14,2.2199999999999998
151,-15.618557212862616,11,14,2.1879999999999997
152,-46.18679672812843,8,17,2.188
153,-5.071020389405648,12,13,2.342
154,2.915191080174705,13,12,2.166
155,3.270685596329674,13,12,2.192
156,-6.063751214944999,12,13,2.164
157,-16.508000772322855,11,14,2.1919999999999997
158,-35.90657974663753,9,16,2.212
159,-6.923662542696565,12,13,2.212
160,4.549319196934358,13,12,2.146
161,-16.216660013007367,11,14,2.216
162,-16.340543168262393,11,14,2.2039999999999997
163,-16.45112171386411,11,14,2.1959999999999997
164,-16.36933058337639,11,14,2.2279999999999998
165,-5.563996172828479,12,13,2.1540000000000004
166,-5.165873614797352,12,13,2.1900000000000004
167,-37.089205437152124,9,16,2.1919999999999997
168,-6.303970362525899,12,13,2.1279999999999997
169,-15.70655742882505,11,14,2.19
170,-26.687009406423503,10,15,2.3280000000000003
171,-16.489146944432004,11,14,2.166
172,-26.493420926381365,10,15,2.252
173,14.041572455313892,14,11,2.168
174,-16.583195678894196,11,14,2.1879999999999997
175,-16.095999814676766,11,14,2.174
176,-6.532226747201916,12,13,2.246
177,-5.793644824149133,12,13,2.1719999999999997
178,-15.510331778576296,11,14,2.194
179,-25.4061851354124,10,15,2.2380000000000004
180,-25.663293764445548,10,15,2.2
181,14.577414353375012,14,11,2.262
182,-26.08704244785826,10,15,2.248
183,-16.40469113807883,11,14,2.27
184,-6.777876716946872,12,13,2.282
185,3.428165000821748,13,12,2.166
186,-5.08518758227902,12,13,2.226
187,4.128171448978733,13,12,2.208
188,-5.486124251985153,12,13,2.222
189,-5.944799072265873,12,13,2.226
190,-6.438436663135854,12,13,2.2620000000000005
191,-5.89929607511575,12,13,2.2260000000000004
192,5.558625572651637,13,12,2.268
193,-5.7428767739011235,12,13,2.274
194,-15.819369380314471,11,14,2.154
195,-5.340249633926896,12,13,2.238
196,-16.18909484164483,11,14,2.314
197,-15.465983996573312,11,14,2.2460000000000004
198,24.119506478340845,15,10,2.2459999999999996
199,-15.16061835902113,11,14,2.2459999999999996
200,-25.88092196480428,10,15,2.36
201,-6.414637879285011,12,13,2.268
202,-6.222590233460251,12,13,2.3120000000000003
203,-5.0909274389816,12,13,2.2439999999999998
204,5.349813525311424,13,12,2.1420000000000003
205,4.86418326469682,13,12,2.134
206,-5.6510217502429985,12,13,2.2279999999999998
207,-25.053427364414574,10,15,2.1499999999999995
208,4.432454904878456,13,12,2.15
209,-15.318158130445418,11,14,2.2
210,-5.428271455311765,12,13,2.21
211,-15.877619524583597,11,14,2.146
212,4.051942123169873,13,12,2.25
213,-15.96930181018324,11,14,2.3000000000000003
214,-6.702452917418777,12,13,2.25
215,-5.515663673847504,12,13,2.132
216,-15.716239119364403,11,14,2.22
217,-6.001922043907996,12,13,2.2600000000000002
218,-25.198795153075928,10,15,2.2239999999999998
219,-5.542729676115387,12,13,2.21
220,4.365956893215042,13,12,2.132
221,-14.375157931445841,11,14,2.166
222,3.8561640036054126,13,12,2.0919999999999996
223,5.18514985323715,13,12,2.252
224,-14.997492482759945,11,14,2.246
225,-5.648710956615435,12,13,2.214
226,-15.144409546466022,11,14,2.3
227,6.006808573886801,13,12,2.2800000000000002
228,4.932880287320595,13,12,2.2159999999999997
229,-5.820668257183527,12,13,2.122
230,-14.555047242726896,11,14,2.264
231,4.6838554282312135,13,12,2.238
232,-6.200905015513158,12,13,2.22
233,-5.665337695754511,12,13,2.2680000000000002
234,-25.140372451484154,10,15,2.2
235,-4.709398928798388,12,13,2.258
236,5.079972534540118,13,12,2.25
237,-5.011454540560114,12,13,2.216
238,13.71456991103761,14,11,2.162
239,-15.584593489099383,11,14,2.266
240,4.90437872208505,13,12,2.1659999999999995
241,-5.270550554823722,12,13,2.272
242,-14.881858700096428,11,14,2.194
243,-5.027762354131754,12,13,2.268
244,5.303727369704699,13,12,2.234
245,-24.969837413769717,10,15,2.2800000000000002
246,-15.339819726535033,11,14,2.268
247,3.18389770209194,13,12,2.2440000000000007
248,-4.935451051755852,12,13,2.2399999999999998
249,4.152371909781889,13,12,2.2640000000000002
250,-14.785642093653074,11,14,2.194
251,-25.05937747175078,10,15,2.224
252,-15.830685089805453,11,14,2.21
253,-4.884408490982501,12,13,2.2220000000000004
254,-35.16184937628,9,16,2.4
255,-5.524813474668601,12,13,2.282
256,-35.82804242446328,9,16,2.1839999999999997
257,-16.290640773412775,11,14,2.2080000000000006
258,13.89651958387853,14,11,2.1319999999999997
259,-15.282619037650177,11,14,2.1600000000000006
260,-15.726929706209893,11,14,2.188
261,3.9727771953135758,13,12,2.178
262,-24.211039011725703,10,15,2.23
263,-4.824931948888317,12,13,2.266
264,-5.980538934251115,12,13,2.2640000000000002
265,4.832096513652356,13,12,2.2080000000000006
266,5.37530286243446,13,12,2.232
267,-15.810070182023344,11,14,2.2800000000000002
268,-5.099071365342539,12,13,2.11
269,-5.518415326812583,12,13,2.176
270,-5.100757983067648,12,13,2.1060000000000003
271,4.489927625889706,13,12,2.1219999999999994
272,-5.1899601887221465,12,13,2.2439999999999998
273,-5.504403069708036,12,13,2.178
274,4.745252575342642,13,12,2.242
275,-14.616597906015052,11,14,2.208
276,-5.551025581309762,12,13,2.252
277,-15.130618417357185,11,14,2.21
278,-5.599225768776634,12,13,2.144
279,-13.82891305152884,11,14,2.348
280,-5.593861182601188,12,13,2.248
281,4.457991425365936,13,12,2.1719999999999997
282,-6.531414310625609,12,13,2.2079999999999997
283,-35.485959747012956,9,16,2.2
284,-5.413806911976987,12,13,2.228
285,-25.401823212066958,10,15,2.1399999999999997
286,-15.902279618052395,11,14,2.288
287,-15.187243158972393,11,14,2.224
288,14.70184140490915,14,11,2.148
289,-16.64359652333888,11,14,2.19
290,-5.13367031687793,12,13,2.2079999999999997
291,4.2310648532285615,13,12,2.196
292,-6.3300953043183,12,13,2.216
293,4.233899010868777,13,12,2.2880000000000003
294,-15.524340220496212,11,14,2.248
295,-16.066497658259657,11,14,2.212
296,-5.198091833758687,12,13,2.222
297,-6.2761089296442965,12,13,2.2
298,-7.81727794936563,12,13,2.1900000000000004
299,14.226749481412549,14,11,2.2939999999999996
300,-15.780495966139398,11,14,2.242
301,-5.7923787151484945,12,13,2.23
302,-5.60651133463737,12,13,2.222
303,-16.419798785355965,11,14,2.2039999999999997
304,-6.311633803152146,12,13,2.14
305,4.069436189239246,13,12,2.2020000000000004
306,2.4644231863400154,13,12,2.274
307,-15.23295785138749,11,14,2.2199999999999998
308,-15.807705582966175,11,14,2.182
309,3.405274460307835,13,12,2.2180000000000004
310,-16.55619366520899,11,14,2.226
311,4.857093233566598,13,12,2.2439999999999998
312,4.510855035561892,13,12,2.274
313,-6.1850844663062805,12,13,2.238
314,3.850269757891086,13,12,2.1900000000000004
315,3.4342262763698734,13,12,2.27
316,-7.447398471173434,12,13,2.182
317,4.052766988218636,13,12,2.1759999999999997
318,-26.203343165515307,10,15,2.25
319,-15.228685963963994,11,14,2.138
320,-7.549167816007301,12,13,2.238
321,-6.195153783362924,12,13,2.2920000000000003
322,-6.212548420650437,12,13,2.1420000000000003
323,4.155958374554682,13,12,2.238
324,-6.239787306953264,12,13,2.2600000000000002
325,-6.333947291302048,12,13,2.254
326,2.9549202637468444,13,12,2.3419999999999996
327,-5.76127001596719,12,13,2.268
328,-6.65416810273069,12,13,2.118
329,-16.709319399832253,11,14,2.202
330,-6.677593692604308,12,13,2.192
331,-7.219907787131679,12,13,2.2299999999999995
332,-26.83859447850043,10,15,2.158
333,-6.432559035601782,12,13,2.2600000000000002
334,4.067967292646731,13,12,2.336
335,-7.841859748759537,12,13,2.1300000000000003
336,-6.131059268368043,12,13,2.2079999999999997
337,-16.44967168793452,11,14,2.15
338,-6.479086893243011,12,13,2.2560000000000002
339,-16.888042930222998,11,14,2.216
340,-6.805437014511956,12,13,2.228
341,-5.86417929954691,12,13,2.248
342,-15.909740048698549,11,14,2.14
343,-6.439405489220148,12,13,2.254
344,-17.121417653430065,11,14,2.2380000000000004
345,3.0372130985606187,13,12,2.2119999999999997
346,-16.226540298886235,11,14,2.204
347,3.5452804729417338,13,12,2.222
348,-27.27903033313201,10,15,2.16
349,-6.4407279577850804,12,13,2.2119999999999993
350,-5.6946306088871825,12,13,2.194
351,13.143112635294022,14,11,2.246
352,2.7742960713820715,13,12,2.18
353,-8.33118935708426,12,13,2.164
354,-7.183613119978171,12,13,2.218
355,-5.158808757712133,12,13,2.246
356,1.9717063640088979,13,12,2.314
357,-26.557413911768833,10,15,2.164
358,-7.4572582933552365,12,13,2.326
359,-15.957925563625457,11,14,2.158
360,-7.743065734160326,12,13,2.22
361,-17.70607163074913,11,14,2.178
362,-6.837387462960126,12,13,2.176
363,-6.430896091882747,12,13,2.2540000000000004
364,-6.2628193615867485,12,13,2.298
365,-17.280329050509586,11,14,2.2180000000000004
366,2.4515997948658637,13,12,2.1799999999999997
367,-7.382401745616161,12,13,2.1100000000000003
368,2.5281353040458177,13,12,2.2660000000000005
369,3.1203783691268505,13,12,2.1700000000000004
370,3.480850150082576,13,12,2.212
371,4.470798622176202,13,12,2.2520000000000002
372,3.032830988546918,13,12,2.234
373,-6.6229349311793495,12,13,2.27
374,13.865099560477827,14,11,2.174
375,-16.046110605502605,11,14,2.2800000000000002
376,4.495784127782912,13,12,2.256
377,3.487444037702444,13,12,2.2580000000000005
378,13.155905154854228,14,11,2.2359999999999998
379,4.487114635268575,13,12,2.2020000000000004
380,4.368092871890584,13,12,2.2800000000000002
381,-6.4573732498532515,12,13,2.222
382,3.5640737088540835,13,12,2.294
383,-7.1110632708942205,12,13,2.1399999999999997
384,3.2993109073601214,13,12,2.282
385,12.96543256608558,14,11,2.226
386,1.9791305600501028,13,12,2.238
387,3.486371762155816,13,12,2.254
388,-7.396951088944337,12,13,2.1799999999999997
389,-7.74036012662655,12,13,2.1719999999999997
390,-6.534503402701867,12,13,2.2600000000000002
391,-5.736893783007391,12,13,2.358
392,-7.064826906372879,12,13,2.26
393,-17.646574138644624,11,14,2.242
394,2.3969425707806487,13,12,2.276
395,-16.60876842205639,11,14,2.2079999999999997
396,-6.822764466329708,12,13,2.302
397,2.763538181867818,13,12,2.192
398,-17.04525266335261,11,14,2.208
399,-17.74939559975412,11,14,2.232
400,2.6678575692867144,13,12,2.21
401,-7.466145865638628,12,13,2.304
402,3.824686616751583,13,12,2.092
403,-17.966042980580987,11,14,2.316
404,-18.763207331560345,11,14,2.286
405,-6.739395311519756,12,13,2.1799999999999997
406,1.3780405360692312,13,12,2.206
407,11.703466358132806,14,11,2.1819999999999995
408,2.5334938594050973,13,12,2.2779999999999996
409,-7.25780055608808,12,13,2.2179999999999995
410,-7.650531271582054,12,13,2.276
411,11.602979076501342,14,11,2.294
412,3.4922203266955076,13,12,2.2
413,2.389919554121433,13,12,2.218
414,-7.444350849506002,12,13,2.2199999999999998
415,22.472481918365148,15,10,2.28
416,2.129882004156399,13,12,2.2119999999999997
417,-7.06343501724248,12,13,2.164
418,2.1666959141952677,13,12,2.1479999999999997
419,2.2537698562937614,13,12,2.18
420,-7.535000921065845,12,13,2.182
421,-7.924474511780714,12,13,2.2560000000000002
422,-16.38648330248527,11,14,2.252
423,-8.288123607618342,12,13,2.2880000000000003
424,12.599362098035721,14,11,2.1700000000000004
425,-7.162183497294781,12,13,2.196
426,-6.8147499863862855,12,13,2.246
427,-7.635562766047788,12,13,2.228
428,-7.689945768146469,12,13,2.186
429,-16.40841420487029,11,14,2.234
430,13.170312325200777,14,11,2.226
431,-7.311788464638763,12,13,2.21
432,-6.992176369944385,12,13,2.246
433,11.533379493225985,14,11,2.294
434,2.633042718432627,13,12,2.258
435,-17.22175581948205,11,14,2.306
436,-6.680459059330644,12,13,2.2439999999999998
437,-7.004876120368386,12,13,2.188
438,-6.476821994479605,12,13,2.2359999999999998
439,-6.097444711561392,12,13,2.296
440,12.519472825252429,14,11,2.194
441,-27.72159047971758,10,15,2.25
442,-16.876714418298217,11,14,2.29
443,-8.15907282944039,12,13,2.226
444,3.259284306266803,13,12,2.182
445,-7.218323505203978,12,13,2.168
446,12.549287357617358,14,11,2.2439999999999998
447,13.864359610006606,14,11,2.212
448,2.492362690657721,13,12,2.3440000000000003
449,-28.531665349835194,10,15,2.214
450,3.0349180691676807,13,12,2.258
451,12.899629152023834,14,11,2.202
452,-6.76784783849089,12,13,2.232
453,22.71109476240782,15,10,2.212
454,-6.728607050404802,12,13,2.2279999999999998
455,-6.954029101327384,12,13,2.278
456,2.1297562034429234,13,12,2.25
457,-7.813973762165577,12,13,2.1700000000000004
458,2.1389767611454307,13,12,2.196
459,2.331306801029199,13,12,2.2660000000000005
460,-7.534538144109461,12,13,2.17
461,-27.84930308025358,10,15,2.2299999999999995
462,-7.793957661164958,12,13,2.18
463,-8.199589756637062,12,13,2.1979999999999995
464,-8.123580882783438,12,13,2.1900000000000004
465,-6.995522533986248,12,13,2.216
466,2.052075512388406,13,12,2.282
467,2.419990431512371,13,12,2.206
468,-27.13796523325581,10,15,2.2039999999999997
469,2.571387194175692,13,12,2.258
470,-7.256237536100294,12,13,2.226
471,2.8484683401391617,13,12,2.162
472,-8.626047226604499,12,13,2.2260000000000004
473,2.341026293983044,13,12,2.254
474,13.153911825118577,14,11,2.2180000000000004
475,3.395351153771591,13,12,2.196
476,11.900190410534016,14,11,2.2979999999999996
477,13.154282879271825,14,11,2.216
478,2.64978470938728,13,12,2.1340000000000003
479,2.899219453127298,13,12,2.168
480,-16.01059478737065,11,14,2.248
481,2.896137714330198,13,12,2.186
482,12.20321477047655,14,11,2.234
483,-7.96127532128456,12,13,2.1960000000000006
484,-8.321100570071895,12,13,2.1900000000000004
485,1.3531256819083,13,12,2.264
486,-7.59027650778644,12,13,2.2060000000000004
487,1.3293995434974697,13,12,2.2280000000000006
488,-17.36329234597959,11,14,2.2399999999999998
489,-6.640139251118581,12,13,2.224
490,-28.131614897111618,10,15,2.16
491,-6.748025735847213,12,13,2.154000000000001
492,3.0433161923265732,13,12,2.136
493,2.9200154772806783,13,12,2.274
494,4.14364796284972,13,12,2.0940000000000003
495,-7.030250338500277,12,13,2.2199999999999998
496,2.075513665991517,13,12,2.178
497,-7.234640626797263,12,13,2.2
498,-7.1778355606225634,12,13,2.254
499,-6.676446728280245,12,13,2.2399999999999998
500,3.544081976348652,13,12,2.1839999999999997
501,3.5238006514153746,13,12,2.122
502,-16.432232367425875,11,14,2.242
503,-7.727288629562732,12,13,2.1780000000000004
504,13.204837712512647,14,11,2.2
505,2.398288612506056,13,12,2.1900000000000004
506,-6.852550159177661,12,13,2.21
507,-16.789365152618547,11,14,2.274
508,-16.068838315778265,11,14,2.2020000000000004
509,-18.30556972646759,11,14,2.284
510,-17.590946676137854,11,14,2.2359999999999998
511,-16.88541041802512,11,14,2.148
512,13.715902369946864,14,11,2.238
513,-5.395324586039905,12,13,2.2760000000000002
514,4.495983265603235,13,12,2.2359999999999998
515,13.334654101350349,14,11,2.278
516,13.94193593273382,14,11,2.222
517,-6.701265673393369,12,13,2.268
518,-7.025998352080465,12,13,2.242
519,-17.087082884856603,11,14,2.2199999999999998
520,-5.917193969413123,12,13,2.2340000000000004
521,-6.304040020358762,12,13,2.18
522,-6.939007950849651,12,13,2.116
523,12.680654349816452,14,11,2.194
524,-6.405994463391865,12,13,2.214
525,14.457694221682612,14,11,2.1900000000000004
526,13.401465094949309,14,11,2.2379999999999995
527,2.5285190524740635,13,12,2.2720000000000002
528,3.426108028506408,13,12,2.242
529,-7.86057268206061,12,13,2.1860000000000004
530,-16.960512715465505,11,14,2.276
531,13.218121203044968,14,11,2.264
532,-6.704638653435168,12,13,2.16
533,21.85466098300787,15,10,2.1260000000000003
534,3.2418639582692776,13,12,2.252
535,-28.074497563233287,10,15,2.242
536,2.0759822358713294,13,12,2.194
537,-7.0684915840242315,12,13,2.226
538,-17.55906605738116,11,14,2.27
539,3.8757831996331618,13,12,2.1000000000000005
540,-7.061116277931455,12,13,2.1879999999999997
541,-7.336661694312732,12,13,2.2599999999999993
542,-7.786062156909931,12,13,2.136
543,-15.959961483864419,11,14,2.22
544,-7.795522503774954,12,13,2.298
545,1.7909878434496163,13,12,2.246
546,2.7518333902397174,13,12,2.2640000000000002
547,-5.757897056070567,12,13,2.2340000000000004
548,-16.651093863529507,11,14,2.1980000000000004
549,-17.665895703959343,11,14,2.17
550,-6.817480271480847,12,13,2.2359999999999998
551,-26.118049742524715,10,15,2.178
552,-17.922436431238594,11,14,2.242
553,-28.544834884754344,10,15,2.228
554,4.285240029216174,13,12,2.268
555,-17.482235201077483,11,14,2.238
556,-6.629800135885972,12,13,2.2100000000000004
557,2.6094373859452418,13,12,2.186
558,3.9295970717949507,13,12,2.27
559,-16.16024176409746,11,14,2.248
560,3.585099858015438,13,12,2.3
561,-7.366774979452047,12,13,2.1640000000000006
562,-7.301044718795331,12,13,2.168
563,4.007192469951254,13,12,2.2039999999999997
564,-17.375945654827056,11,14,2.192
565,-27.551934862656733,10,15,2.3240000000000003
566,-6.5069271593901,12,13,2.288
567,-17.92553154758565,11,14,2.266
568,-6.10799173786342,12,13,2.2659999999999996
569,-6.193689093399669,12,13,2.13
570,-25.699202385274134,10,15,2.194
571,-6.60764276900306,12,13,2.274
572,-6.946812322432243,12,13,2.132
573,-6.257579801613739,12,13,2.2039999999999997
574,-16.537870789065085,11,14,2.2479999999999998
575,-17.00139232354387,11,14,2.184
576,2.6197059537345044,13,12,2.126
577,-17.347718499541482,11,14,2.258
578,-7.282604840131398,12,13,2.2079999999999997
579,-7.587299707066207,12,13,2.146
580,-26.62856756111457,10,15,2.192
581,1.5130758265005433,13,12,2.23
582,-6.304347071387691,12,13,2.222
583,3.245658974083698,13,12,2.2180000000000004
584,13.719039190196519,14,11,2.288
585,-7.774371592728896,12,13,2.262
586,3.4121962931555814,13,12,2.218
587,3.6845655544478504,13,12,2.194
588,2.43987441902393,13,12,2.196
589,3.6579755802599294,13,12,2.3000000000000003
590,-17.242768214950576,11,14,2.194
591,2.508589568607447,13,12,2.228
592,-26.962791861559364,10,15,2.22
593,3.1367683025681696,13,12,2.27
594,-6.964399120238651,12,13,2.2939999999999996
595,1.3752510254565102,13,12,2.196
596,2.9483221864991602,13,12,2.1799999999999997
597,-7.169504156409507,12,13,2.246
598,2.7957747094706047,13,12,2.186
599,12.312007761470365,14,11,2.302
600,-5.795225794020009,12,13,2.2119999999999997
601,3.985980683131123,13,12,2.268
602,12.406565449262029,14,11,2.2039999999999997
603,3.5359213453548892,13,12,2.3080000000000007
604,13.66152558193268,14,11,2.2720000000000002
605,12.454338039311695,14,11,2.164
606,12.327080736734956,14,11,2.23
607,2.619358227540168,13,12,2.234
608,-17.161532706998152,11,14,2.174
609,-16.348085564103744,11,14,2.252
610,-17.067793431296934,11,14,2.206
611,22.286191715230128,15,10,2.1879999999999997
612,-16.912773428648567,11,14,2.2399999999999998
613,-6.789577161237178,12,13,2.202
614,12.791673208638642,14,11,2.2
615,3.5688701031318146,13,12,2.2180000000000004
616,23.07275337459436,15,10,2.258
617,-16.16434427377955,11,14,2.1719999999999997
618,12.08276876477233,14,11,2.238
619,12.748013191746693,14,11,2.2220000000000004
620,-6.118678837754841,12,13,2.1900000000000004
621,-26.099837184130813,10,15,2.2060000000000004
622,2.6651362463937582,13,12,2.2020000000000004
623,-7.230945997649754,12,13,2.194
624,12.510683721975811,14,11,2.242
625,-17.61360597179637,11,14,2.162
626,-18.105683993974356,11,14,2.2079999999999997
627,-15.983638990451942,11,14,2.2920000000000003
628,-18.001500839561643,11,14,2.2399999999999998
629,2.6005252448587903,13,12,2.232
630,2.4666040769906132,13,12,2.1940000000000004
631,-8.227315705661264,12,13,2.1979999999999995
632,-8.401913331275164,12,13,2.1940000000000004
633,-8.759800282756089,12,13,2.276
634,1.8681786749766447,13,12,2.16
635,-9.490451181656791,12,13,2.242
636,2.034614744118273,13,12,2.2119999999999997
637,-18.434575767277078,11,14,2.2619999999999996
638,-27.546550214820257,10,15,2.1340000000000003
639,22.386542187263693,15,10,2.198
640,-16.84597916624516,11,14,2.1839999999999997
641,-27.58378633130367,10,15,2.262
642,11.170787777163444,14,11,2.288
643,12.441637888100693,14,11,2.268
644,2.986861265972631,13,12,2.19
645,-27.49132040802914,10,15,2.18
646,-8.329162161267819,12,13,2.154
647,-28.497002830474514,10,15,2.128
648,3.2289002441236274,13,12,2.222
649,12.97765217855492,14,11,2.15
650,-17.12823356782212,11,14,2.2800000000000002
651,11.850792694548925,14,11,2.208
652,12.855181998562848,14,11,2.1799999999999997
653,-8.717192269217845,12,13,2.2079999999999997
654,0.8424172519527184,13,12,2.11
655,-17.205171294386275,11,14,2.306
656,-28.201842074192307,10,15,2.2760000000000002
657,11.589119529379238,14,11,2.2180000000000004
658,-19.0314106408352,11,14,2.2640000000000002
659,-17.432359568949877,11,14,2.218
660,-18.66588213436775,11,14,2.2060000000000004
661,3.3026060775543673,13,12,2.1440000000000006
662,-18.040922592416866,11,14,2.188
663,2.3113894969864432,13,12,2.3
664,3.3418684038174504,13,12,2.1319999999999997
665,3.635109649849861,13,12,2.336
666,1.734992166908695,13,12,2.1380000000000003
667,-8.30565222201415,12,13,2.1319999999999997
668,12.696861029695679,14,11,2.2060000000000004
669,12.846488159499144,14,11,2.1740000000000004
670,2.2752247692905216,13,12,2.2560000000000002
671,-7.295956850065288,12,13,2.281999999999999
672,3.254749599728375,13,12,2.268
673,3.330379652854509,13,12,2.1740000000000004
674,-7.798951788319216,12,13,2.1860000000000004
675,12.676528743627665,14,11,2.132
676,-6.456971453677358,12,13,2.278
677,-26.355594554871622,10,15,2.2920000000000003
678,2.3590739763151953,13,12,2.1260000000000003
679,12.532719578103196,14,11,2.2359999999999998
680,13.577929177820883,14,11,2.188
681,1.5533468043075906,13,12,2.226
682,12.763606023954441,14,11,2.2440000000000007
683,-16.732917112961136,11,14,2.2600000000000002
684,-7.463991779793451,12,13,2.244
685,-6.121881245129726,12,13,2.1740000000000004
686,2.4096351374804157,13,12,2.286
687,2.364756274959727,13,12,2.338
688,-7.127439862296432,12,13,2.2239999999999998
689,12.525830130551366,14,11,2.2800000000000002
690,-7.293253602246419,12,13,2.1679999999999997
691,12.400747304404753,14,11,2.164
692,-6.77750577948956,12,13,2.296
693,-25.65767122701072,10,15,2.202
694,-16.34676848666001,11,14,2.286
695,12.855555652284204,14,11,2.1439999999999997
696,-6.114461280247556,12,13,2.348
697,12.866382450243368,14,11,2.2800000000000002
698,13.513513879803872,14,11,2.258
699,-5.226216666180651,12,13,2.26
700,2.72785727911881,13,12,2.194
701,-6.27816642616264,12,13,2.1879999999999997
702,-6.465507518605812,12,13,2.246
703,-16.461864899564908,11,14,2.1559999999999997
704,4.206879829738419,13,12,2.2840000000000003
705,4.098794498730973,13,12,2.228
706,-5.873078481949406,12,13,2.252
707,-16.019183598427432,11,14,2.206
708,2.5132816263102207,13,12,2.332
709,-6.551122659012938,12,13,2.2220000000000004
710,3.207685431474925,13,12,2.286
711,-18.994585779015377,11,14,2.1399999999999997
712,3.7770121385524273,13,12,2.218
713,-16.809756471046498,11,14,2.178
714,2.835579016789456,13,12,2.2319999999999998
715,-7.367839561177121,12,13,2.404
716,3.403975379965668,13,12,2.164
717,2.899913160074142,13,12,2.266
718,-8.692591886010018,12,13,2.186
719,-16.528158031999826,11,14,2.2380000000000004
720,-7.472763658864738,12,13,2.252
721,-17.148994055095134,11,14,2.27
722,2.8922873035929015,13,12,2.3039999999999994
723,1.883710638683528,13,12,2.284
724,1.955230034532578,13,12,2.2199999999999998
725,-6.994345870086667,12,13,2.242
726,-6.736065965110966,12,13,2.2340000000000004
727,-17.399253451836806,11,14,2.194
728,-26.637789755930005,10,15,2.254
729,-16.039419424721746,11,14,2.31
730,-27.5137912820529,10,15,2.174
731,-16.442105001414795,11,14,2.2619999999999996
732,-46.06980557459605,8,17,2.2199999999999998
733,-16.082193129542077,11,14,2.216
734,-17.065180705246053,11,14,2.17
735,-6.202070578060807,12,13,2.2139999999999995
736,-6.354875675944443,12,13,2.2340000000000004
737,-16.138917447108746,11,14,2.186
738,3.8958119777900166,13,12,2.232
739,-27.53625744804456,10,15,2.178
740,-16.26055239654291,11,14,2.172
741,-6.050188143849222,12,13,2.2319999999999998
742,-16.72966030417772,11,14,2.382
743,-36.617074763459485,9,16,2.212
744,-7.746213165459569,12,13,2.226
745,-15.90190890417011,11,14,2.222
746,-6.426184555444155,12,13,2.222
747,-18.21788084143293,11,14,2.2
748,-6.99836464319982,12,13,2.282
749,-35.14592399381375,9,16,2.2700000000000005
750,-26.298347328888433,10,15,2.366
751,-36.13867125975926,9,16,2.2299999999999995
752,-35.67458275334086,9,16,2.3579999999999997
753,-26.84112071316475,10,15,2.31
754,-16.66552149751578,11,14,2.2619999999999996
755,-17.366185458750355,11,14,2.284
756,-25.872130562547945,10,15,2.266
757,-5.971386296949433,12,13,2.268
758,-25.903444225593233,10,15,2.2800000000000002
759,-7.873384444841386,12,13,2.278
760,-16.671352164270374,11,14,2.2039999999999997
761,-16.952779534785247,11,14,2.308
762,-25.536366274712016,10,15,2.2960000000000003
763,-7.328839902337613,12,13,2.24
764,-7.473905564469341,12,13,2.206
765,-16.56988849331691,11,14,2.1759999999999997
766,-16.55379619835385,11,14,2.2600000000000002
767,-15.764555150382428,11,14,2.234
768,-17.993357103385186,11,14,2.246
769,-6.562212917802897,12,13,2.2880000000000003
770,-16.593608047681286,11,14,2.2980000000000005
771,-17.395957693659064,11,14,2.304
772,-16.39991190048793,11,14,2.174
773,-7.317755370454601,12,13,2.214
774,4.377694421651146,13,12,2.2619999999999996
775,-16.54376264854841,11,14,2.174
776,-25.70001417188935,10,15,2.226
777,-6.580046719333209,12,13,2.1900000000000004
778,-16.973491715515635,11,14,2.2079999999999997
779,-15.298747847548976,11,14,2.2020000000000004
780,1.203676448617566,13,12,2.2120000000000006
781,-16.191538503386152,11,14,2.2779999999999996
782,-16.38014639838495,11,14,2.2640000000000002
783,4.052521016100333,13,12,2.186
784,-6.562962565420485,12,13,2.1659999999999995
785,-25.868299363273948,10,15,2.2980000000000005
786,-7.580572299245572,12,13,2.132
787,-16.219369282599718,11,14,2.146
788,2.7175885003746174,13,12,2.2860000000000005
789,-15.79919437301914,11,14,2.2399999999999998
790,-6.574562244732737,12,13,2.25
791,-6.081576521357481,12,13,2.1719999999999997
792,-17.483502436171417,11,14,2.168
793,3.4964597044426586,13,12,2.272
794,3.4018387169036792,13,12,2.2039999999999997
795,12.958197703331063,14,11,2.31
796,-15.781380374426186,11,14,2.182
797,2.948448085839448,13,12,2.2859999999999996
798,-5.43324981486722,12,13,2.278
799,-5.017504789493017,12,13,2.182
800,-15.41617071611416,11,14,2.202
801,3.5852664378863928,13,12,2.162
802,-15.901401111498647,11,14,2.304
803,-15.921945638910632,11,14,2.1019999999999994
804,-6.308445614499146,12,13,2.2600000000000002
805,-5.719922555061527,12,13,2.184
806,2.6571371518687257,13,12,2.2020000000000004
807,-7.083753416209324,12,13,2.226
808,3.1102521777386585,13,12,2.1399999999999997
809,-16.263463445423973,11,14,2.216
810,5.071372377390301,13,12,2.282
811,-5.7353873785635745,12,13,2.3039999999999994
812,-6.157363591715027,12,13,2.232
813,-5.167047785423934,12,13,2.216
814,13.13775931278072,14,11,2.268
815,-5.332912624477899,12,13,2.2359999999999998
816,-4.648455078655332,12,13,2.246
817,-6.2069381820243965,12,13,2.3179999999999996
818,13.662432153898916,14,11,2.2600000000000002
819,-5.456421450969168,12,13,2.12
820,4.599494590718301,13,12,2.266
821,3.7326674246736626,13,12,2.23
822,-6.2578840123749835,12,13,2.242
823,-5.8864677578508715,12,13,2.19
824,4.13411552184531,13,12,2.3120000000000003
825,4.911064989349258,13,12,2.2680000000000002
826,-16.749569484452294,11,14,2.16
827,-17.422170092850376,11,14,2.1980000000000004
828,-6.792187515360647,12,13,2.274
829,5.24647603414742,13,12,2.228
830,3.393683824225908,13,12,2.2600000000000002
831,-6.996336196725487,12,13,2.274
832,-6.449516660922264,12,13,2.302
833,-7.14853941057617,12,13,2.134
834,-16.21955704729917,11,14,2.214
835,-5.87499225792199,12,13,2.136
836,3.8708481061845887,13,12,2.2520000000000002
837,3.2019712362498183,13,12,2.2479999999999998
838,-7.009465769677849,12,13,2.2180000000000004
839,-6.642317877551805,12,13,2.1959999999999997
840,-17.490833981007565,11,14,2.1439999999999997
841,-5.981927822943929,12,13,2.226
842,-16.476320683661104,11,14,2.13
843,-7.4930787714496505,12,13,2.274
844,-15.848266128797306,11,14,2.238
845,-16.767871111127597,11,14,2.166
846,-6.748621326212824,12,13,2.1399999999999997
847,-15.185055252552846,11,14,2.284
848,-6.358709471643114,12,13,2.2039999999999997
849,-6.387628014869122,12,13,2.274
850,-6.223930952802808,12,13,2.132
851,-26.26562387883731,10,15,2.1179999999999994
852,-16.395185560365604,11,14,2.252
853,-15.32139283740252,11,14,2.28
854,-26.25819480363292,10,15,2.2540000000000004
855,-6.329161279472299,12,13,2.3080000000000003
856,-6.269717399664682,12,13,2.272
857,3.3590181270110477,13,12,2.1900000000000004
858,2.736810809802815,13,12,2.246
859,2.8036934040252888,13,12,2.348
860,4.088484400643788,13,12,2.3
861,3.5798202495297335,13,12,2.192
862,3.265748644906779,13,12,2.156
863,-7.819832267909372,12,13,2.25
864,-5.615953412154788,12,13,2.306
865,-16.49637409957972,11,14,2.23
866,-6.124764852286562,12,13,2.18
867,-15.68688860430284,11,14,2.2060000000000004
868,-6.143913110113662,12,13,2.2960000000000003
869,4.47416991008356,13,12,2.2280000000000006
870,14.188113741990636,14,11,2.2760000000000002
871,3.6442733824161078,13,12,2.2359999999999998
872,4.2223296530410686,13,12,2.272
873,3.6395827850507274,13,12,2.2840000000000003
874,-16.660299216509955,11,14,2.19
875,4.231901678376529,13,12,2.188
876,-7.327877733958809,12,13,2.246
877,13.48093658480881,14,11,2.146
878,-5.8486237944017265,12,13,2.2379999999999995
879,-6.1327173728993944,12,13,2.248
880,-4.846149512106308,12,13,2.2380000000000004
881,-17.102906975352056,11,14,2.1940000000000004
882,-7.612085730835409,12,13,2.1060000000000003
883,-17.15499421053642,11,14,2.2399999999999998
884,4.514221459298865,13,12,2.3300000000000005
885,-16.27202088819098,11,14,2.286
886,-5.763520786420588,12,13,2.2619999999999996
887,-6.975955676446437,12,13,2.136
888,3.7116367501211087,13,12,2.2800000000000002
889,-16.579211936214016,11,14,2.17
890,-25.963895834422004,10,15,2.168
891,-6.147743458708194,12,13,2.21
892,-5.909083086592199,12,13,2.2380000000000004
893,3.385400589762206,13,12,2.184
894,-17.899290183151383,11,14,2.184
895,3.0565861277821256,13,12,2.1799999999999997
896,-6.331989796157991,12,13,2.2760000000000002
897,-5.132223067489706,12,13,2.2920000000000003
898,-5.824270671744658,12,13,2.1580000000000004
899,3.9065614386373255,13,12,2.15
900,-15.610939290370842,11,14,2.224
901,-15.434136663196625,11,14,2.1879999999999997
902,-5.81703435644018,12,13,2.26
903,-5.791186234833102,12,13,2.254
904,-6.602075042940957,12,13,2.104
905,4.757350779348279,13,12,2.2
906,-5.613963302801739,12,13,2.242
907,-46.05254477440336,8,17,2.146
908,-16.843316259748324,11,14,2.2
909,-16.471984354337266,11,14,2.226
910,3.8389283519274375,13,12,2.329999999999999
911,-5.929348347594246,12,13,2.2119999999999997
912,-15.464672210998256,11,14,2.2100000000000004
913,-5.863435205377759,12,13,2.248
914,-25.968022041893683,10,15,2.208
915,3.8128540387954164,13,12,2.2220000000000004
916,4.43662757923687,13,12,2.202
917,-25.75139810932023,10,15,2.2299999999999995
918,3.0419890259224474,13,12,2.272
919,-16.536516723353564,11,14,2.2559999999999993
920,-16.611647621965723,11,14,2.3240000000000003
921,3.9132104207683724,13,12,2.174
922,-35.65413077794416,9,16,2.21
923,-15.574065616370767,11,14,2.136
924,-16.674785042630404,11,14,2.1600000000000006
925,4.075282287912936,13,12,2.214
926,4.023098757830068,13,12,2.226
927,-16.223980752176793,11,14,2.2579999999999996
928,-15.542777768857173,11,14,2.2299999999999995
929,13.947540046556323,14,11,2.2119999999999997
930,-15.635784460307882,11,14,2.2560000000000002
931,13.445542291594439,14,11,2.1900000000000004
932,-14.944003084222858,11,14,2.208
933,4.340173833991747,13,12,2.2840000000000003
934,-5.747622424356667,12,13,2.168
935,-16.015264993929165,11,14,2.304
936,-5.689675658439517,12,13,2.262
937,-14.627663911899003,11,14,2.252
938,-5.80457388790153,12,13,2.236
939,-4.968069577400614,12,13,2.3419999999999996
940,-15.292893533430625,11,14,2.244
941,-5.536125684867514,12,13,2.14
942,-5.15739111562146,12,13,2.262
943,-6.05737218778283,12,13,2.214
944,-14.657727959484063,11,14,2.298
945,4.985702962210006,13,12,2.2680000000000002
946,-4.730460331290567,12,13,2.194
947,-5.565750139302084,12,13,2.1440000000000006
948,-5.602782742382432,12,13,2.146
949,5.286077834882571,13,12,2.312
950,-5.272828547933338,12,13,2.298
951,3.985408291516947,13,12,2.23
952,-5.001440599090955,12,13,2.1719999999999997
953,-4.906370882523754,12,13,2.218
954,5.732240398139005,13,12,2.314
955,-4.592713459790954,12,13,2.2840000000000003
956,15.139703386886444,14,11,2.2
957,-5.496059146218611,12,13,2.2120000000000006
958,-4.5536566935503355,12,13,2.1800000000000006
959,-4.881150456711628,12,13,2.1260000000000003
960,-15.0644653331373,11,14,2.1740000000000004
961,4.472829437031052,13,12,2.234
962,-14.853559696417713,11,14,2.266
963,5.923893150786281,13,12,2.208
964,-15.006960571249403,11,14,2.166
965,-14.79136783651845,11,14,2.278
966,-15.117680890966113,11,14,2.2039999999999997
967,4.8346084170968915,13,12,2.294
968,-14.577033790456658,11,14,2.15
969,-4.7908293959583474,12,13,2.392
970,-4.34160360908394,12,13,2.1979999999999995
971,-4.999389097647651,12,13,2.1380000000000003
972,-14.93636905573183,11,14,2.214
973,-15.207025634985083,11,14,2.1340000000000003
974,4.0423235083262465,13,12,2.108
975,-5.427852937953582,12,13,2.178
976,-14.658024323305733,11,14,2.27
977,-14.965261044831557,11,14,2.188
978,-5.543199526519742,12,13,2.284
979,3.7348928742206793,13,12,2.246
980,5.387326573819108,13,12,2.206
981,-5.569798246609894,12,13,2.194
982,-15.613688453041965,11,14,2.29
983,4.849248650350514,13,12,2.298
984,-5.57493409233895,12,13,2.2039999999999997
985,4.565364020772575,13,12,2.1480000000000006
986,15.629646736768791,14,11,2.21
987,-15.936714571489365,11,14,2.23
988,4.326650214084593,13,12,2.206
989,-4.988030960168405,12,13,2.246
990,-15.96352141750744,11,14,2.1680000000000006
991,4.175853309354557,13,12,2.2140000000000004
992,-16.060428878089187,11,14,2.178
993,14.341483655924042,14,11,2.186
994,3.76195219067427,13,12,2.2060000000000004
995,14.046798659105518,14,11,2.228
996,-4.371967096073378,12,13,2.198
997,-5.134868310353177,12,13,2.242
998,4.044588964810058,13,12,2.2920000000000003
999,4.563493015759545,13,12,2.194
1000,-5.545613669906675,12,13,2.152
1001,-5.279435578872652,12,13,2.1859999999999995
1002,-5.339500644140493,12,13,2.2119999999999997
1003,13.550203032251845,14,11,2.2060000000000004
1004,-5.937479764111226,12,13,2.2239999999999993
1005,-24.840453435765028,10,15,2.326
1006,5.310276014402474,13,12,2.2279999999999998
1007,-4.662093540381981,12,13,2.1660000000000004
1008,-5.32748296241877,12,13,2.1900000000000004
1009,4.774668590744554,13,12,2.2019999999999995
1010,-5.762281191788173,12,13,2.1800000000000006
1011,-7.1054965224685445,12,13,2.2380000000000004
1012,-5.762964375872885,12,13,2.194
1013,-4.905793039362418,12,13,2.2560000000000002
1014,-5.047773394283626,12,13,2.202
1015,-5.104524649789674,12,13,2.196
1016,-24.43826665144893,10,15,2.2060000000000004
1017,-4.7817397905606915,12,13,2.2140000000000004
1018,-14.240527592094086,11,14,2.2860000000000005
1019,-16.4786132896154,11,14,2.248
1020,-4.64357425009386,12,13,2.2039999999999997
1021,-4.775283764922397,12,13,2.2119999999999997
1022,-4.57940863936443,12,13,2.2640000000000002
1023,25.47036975992617,15,10,2.114
1024,-5.804058978743988,12,13,2.314
1025,-15.709216940853459,11,14,2.2
1026,-5.962943437972962,12,13,2.26
1027,-5.541046778992825,12,13,2.19
1028,-4.727274089140382,12,13,2.1480000000000006
1029,4.467323763434548,13,12,2.2060000000000004
1030,-15.795923937064993,11,14,2.21
1031,4.8488659428874605,13,12,2.214
1032,-5.283010724887829,12,13,2.1759999999999997
1033,5.074443999869816,13,12,2.228
1034,14.731919061326302,14,11,2.1959999999999997
1035,-25.187712494885087,10,15,2.2
1036,-5.951731211389168,12,13,2.16
1037,-5.933522689699862,12,13,2.152
1038,-5.213334905027482,12,13,2.28
1039,4.851706156834167,13,12,2.178
1040,-4.870444621139955,12,13,2.228
1041,-15.049738205017134,11,14,2.308
1042,-5.807606926178362,12,13,2.294
1043,-16.328552541087074,11,14,2.228
1044,-5.580773828388795,12,13,2.2039999999999997
1045,-4.5524322659214835,12,13,2.18
1046,4.811743551054098,13,12,2.2039999999999997
1047,4.43890779498529,13,12,2.1599999999999997
1048,-5.282771170544171,12,13,2.2060000000000004
1049,-25.321695653360905,10,15,2.236
1050,-5.025805719479146,12,13,2.2159999999999997
1051,-15.347449924564074,11,14,2.188
1052,4.419715263472661,13,12,2.2640000000000002
1053,-6.151774665442739,12,13,2.196
1054,-16.780475222176285,11,14,2.288
1055,-5.442105217100302,12,13,2.0840000000000005
1056,3.1788995230809807,13,12,2.174
1057,-15.18930847553196,11,14,2.2300000000000004
1058,-5.5156754027009836,12,13,2.17
1059,4.394136986024469,13,12,2.198
1060,-5.52043155189655,12,13,2.206
1061,-5.26569610538148,12,13,2.242
1062,-15.17373578740228,11,14,2.25
1063,14.937946250846737,14,11,2.274
1064,4.517426302959695,13,12,2.1599999999999997
1065,4.981028425042105,13,12,2.1939999999999995
1066,5.112905801929561,13,12,2.1719999999999997
1067,-5.706989871849499,12,13,2.198
1068,-5.523927167411273,12,13,2.344
1069,4.603325020534175,13,12,2.2760000000000002
1070,4.901706422910838,13,12,2.2020000000000004
1071,14.479291832829716,14,11,2.1620000000000004
1072,-15.0779427246218,11,14,2.2359999999999998
1073,14.575824656933364,14,11,2.304
1074,-35.13225111206057,9,16,2.184
1075,-4.958623148760346,12,13,2.1879999999999997
1076,14.827398414551233,14,11,2.242
1077,-5.0554974394996925,12,13,2.2180000000000004
1078,15.689620834087274,14,11,2.2520000000000002
1079,-15.186082051729532,11,14,2.238
1080,-14.987892673309162,11,14,2.186
1081,3.36719792523229,13,12,2.32
1082,-5.8858661962309,12,13,2.2380000000000004
1083,14.437622849434566,14,11,2.274
1084,-5.37228435230327,12,13,2.23
1085,24.195959500575192,15,10,2.28
1086,5.774595011982287,13,12,2.1580000000000004
1087,-5.584101069709007,12,13,2.21
1088,-5.951219492235689,12,13,2.2299999999999995
1089,4.5035235359734695,13,12,2.1979999999999995
1090,-5.926585308287706,12,13,2.202
1091,4.761580274458636,13,12,2.166
1092,-5.772586594790147,12,13,2.2760000000000007
1093,5.94543313120559,13,12,2.2800000000000002
1094,4.867198281218373,13,12,2.2960000000000003
1095,-5.837989837744573,12,13,2.194
1096,4.2937683211506705,13,12,2.258
1097,3.720613701031235,13,12,2.226
1098,4.677858216340555,13,12,2.218
1099,4.965868940619307,13,12,2.242
1100,4.014004716040711,13,12,2.314
1101,4.286055883566342,13,12,2.234
1102,4.857100809748328,13,12,2.306
1103,4.445348737051919,13,12,2.1380000000000003
1104,-5.599415303617899,12,13,2.218
1105,4.637047570030255,13,12,2.2620000000000005
1106,-15.443280615909032,11,14,2.1759999999999997
1107,4.704048705538263,13,12,2.252
1108,14.312369888084284,14,11,2.232
1109,-6.565370672924974,12,13,2.202
1110,-6.221336178857404,12,13,2.3340000000000005
1111,-5.485823046102212,12,13,2.2060000000000004
1112,4.322385417030283,13,12,2.206
1113,14.380657707801243,14,11,2.150000000000001
1114,-5.937382352338332,12,13,2.184
1115,-26.64699005163431,10,15,2.186
1116,3.849000816150781,13,12,2.212
1117,14.718076760578377,14,11,2.348
1118,-15.522955621978877,11,14,2.208
1119,4.278493689707922,13,12,2.154
1120,5.32375452138206,13,12,2.2719999999999994
1121,14.231565627410266,14,11,2.1339999999999995
1122,25.800236483394652,15,10,2.2960000000000003
1123,-16.452079041143826,11,14,2.174
1124,-4.543445270911121,12,13,2.2079999999999997
1125,-15.281202407832229,11,14,2.1420000000000003
1126,-4.692972515453695,12,13,2.23
1127,-5.031197254071898,12,13,2.3299999999999996
1128,-5.357366263424581,12,13,2.356
1129,4.182655693169048,13,12,2.1719999999999997
1130,-6.0361197261141,12,13,2.2039999999999997
1131,-6.281050973428157,12,13,2.186
1132,-5.500222104666143,12,13,2.2860000000000005
1133,-15.80499311733297,11,14,2.1919999999999997
1134,14.269619729101464,14,11,2.2199999999999998
1135,23.59088081696542,15,10,2.2180000000000004
1136,-5.357949339255107,12,13,2.2359999999999998
1137,-6.355850921319165,12,13,2.3020000000000005
1138,-5.913931335779871,12,13,2.1500000000000004
1139,3.8294497304881148,13,12,2.18
1140,3.9386063692689035,13,12,2.114
1141,-5.136031239212125,12,13,2.244
1142,-15.314195575510091,11,14,2.266
1143,-5.418875989474824,12,13,2.192
1144,-5.763275459307467,12,13,2.184
1145,-15.471304352201557,11,14,2.3020000000000005
1146,-5.828052170281634,12,13,2.284
1147,4.384825081936132,13,12,2.118
1148,-5.710448942575756,12,13,2.0800000000000005
1149,4.939028062341624,13,12,2.234
1150,4.1514867787171355,13,12,2.246
1151,-16.185457614835467,11,14,2.194
1152,-16.43710545625476,11,14,2.286
1153,4.745686801791932,13,12,2.198
1154,-16.033334592758756,11,14,2.2399999999999998
1155,3.8545326897675487,13,12,2.1720000000000006
1156,3.2877504280475556,13,12,2.2499999999999996
1157,24.127104635564926,15,10,2.2199999999999998
1158,3.0120756599533927,13,12,2.194
1159,3.457044904456559,13,12,2.214
1160,24.972668070570933,15,10,2.214
1161,-6.354136871891303,12,13,2.314
1162,4.6567357433723835,13,12,2.156
1163,13.783501791792416,14,11,2.132
1164,-4.563503873040682,12,13,2.1700000000000004
1165,-6.150109956513814,12,13,2.268
1166,-6.176269406914876,12,13,2.18
1167,-16.619401235305375,11,14,2.182
1168,-15.572468767923889,11,14,2.268
1169,13.992655800030855,14,11,2.2439999999999998
1170,-5.75921477101052,12,13,2.2800000000000002
1171,4.0029972794369755,13,12,2.1940000000000004
1172,4.6067606371194785,13,12,2.154000000000001
1173,3.701458088646728,13,12,2.0900000000000003
1174,3.6319186901780753,13,12,2.1220000000000003
1175,-16.139879831331697,11,14,2.1100000000000003
1176,13.898195105494317,14,11,2.1420000000000003
1177,3.7903791775340157,13,12,2.178
1178,13.783054635590432,14,11,2.1740000000000004
1179,13.921088608806821,14,11,2.2020000000000004
1180,3.7766167474145025,13,12,2.274
1181,12.935224016482643,14,11,2.274
1182,23.98309325564443,15,10,2.232
1183,4.263416222731834,13,12,2.3
1184,14.268297683042018,14,11,2.2380000000000004
1185,-6.108331293599117,12,13,2.2660000000000005
1186,-8.057450379815311,12,13,2.15
1187,-16.77885264748116,11,14,2.198
1188,-15.920040746432356,11,14,2.2399999999999998
1189,4.395320542663337,13,12,2.2800000000000002
1190,12.786483421087816,14,11,2.21
1191,13.166724148808488,14,11,2.306
1192,3.0950279023873257,13,12,2.226
1193,3.723239801565949,13,12,2.2
1194,-5.772386221490962,12,13,2.1859999999999995
1195,3.1616683394881946,13,12,2.174
1196,-25.004443860386754,10,15,2.178
1197,14.107387184205251,14,11,2.1900000000000004
1198,3.8806384929084157,13,12,2.2
1199,14.590689392160744,14,11,2.244
1200,-5.7705642859967075,12,13,2.274
1201,-6.685654865058372,12,13,2.3139999999999996
1202,-26.478093040245646,10,15,2.156
1203,-16.699383527026583,11,14,2.098
1204,-15.054233657184813,11,14,2.28
1205,-16.796502889747707,11,14,2.2299999999999995
1206,3.4697776931677886,13,12,2.272
1207,3.7393172439111613,13,12,2.1900000000000004
1208,3.978010660400603,13,12,2.16
1209,4.447155245176784,13,12,2.156
1210,-6.008511674356605,12,13,2.1579999999999995
1211,3.8493099907615456,13,12,2.226
1212,-5.938992069237866,12,13,2.1979999999999995
1213,-15.487879294845127,11,14,2.192
1214,-5.083250146992105,12,13,2.1580000000000004
1215,14.268930064230776,14,11,2.246
1216,-16.377301798129174,11,14,2.1919999999999997
1217,-6.882119112008472,12,13,2.21
1218,-6.639715008969578,12,13,2.222
1219,-25.340446461373233,10,15,2.1640000000000006
1220,-5.713386515885125,12,13,2.176
1221,13.978988878680218,14,11,2.1340000000000003
1222,-15.864206746292894,11,14,2.2279999999999998
1223,-5.370147793880506,12,13,2.278
1224,3.6347758538057366,13,12,2.162
1225,3.771196063229233,13,12,2.282
1226,-6.518891342684338,12,13,2.158
1227,-5.775945684224983,12,13,2.1279999999999997
1228,-26.093660584451953,10,15,2.244
1229,4.293011228548387,13,12,2.21
1230,-25.44642007096364,10,15,2.1559999999999997
1231,4.308629738819143,13,12,2.182
1232,3.3844435030950084,13,12,2.154
1233,4.273511538329245,13,12,2.332
1234,-16.05290482403943,11,14,2.2800000000000002
1235,13.42058667549535,14,11,2.2140000000000004
1236,3.596850894176967,13,12,2.216
1237,-15.895353060036912,11,14,2.242
1238,-16.37889928282237,11,14,2.232
1239,-6.750987867420207,12,13,2.15
1240,3.426246183440057,13,12,2.2359999999999998
1241,-16.43341241094347,11,14,2.196
1242,3.6041527575490395,13,12,2.206
1243,-15.32875391986462,11,14,2.16
1244,-6.907276244496186,12,13,2.2399999999999998
1245,-7.087704903564605,12,13,2.232
1246,-5.930531604717152,12,13,2.228
1247,-16.453588981092913,11,14,2.204
1248,13.896140520589713,14,11,2.182
1249,3.0156505815718937,13,12,2.244
1250,3.8872788201445143,13,12,2.2039999999999997
1251,-15.375129196851734,11,14,2.18
1252,3.4776015886651717,13,12,2.294
1253,4.068830440060699,13,12,2.194
1254,3.9888048084039216,13,12,2.2620000000000005
1255,2.609429001793739,13,12,2.2659999999999996
1256,-6.074579259818242,12,13,2.246
1257,-5.601767478539075,12,13,2.2660000000000005
1258,-5.6751129451122235,12,13,2.25
1259,3.3410971624321455,13,12,2.234
1260,-6.164565053059917,12,13,2.218
1261,-7.271917691135796,12,13,2.1019999999999994
1262,-16.50343321794879,11,14,2.2580000000000005
1263,3.1456270876096744,13,12,2.2199999999999998
1264,-7.167048562045847,12,13,2.1719999999999997
1265,13.030479071469358,14,11,2.1580000000000004
1266,-6.61638405562719,12,13,2.2
1267,3.3480994212833703,13,12,2.156
1268,2.932193782138226,13,12,2.246
1269,2.653241668313113,13,12,2.144
1270,-15.989839401213194,11,14,2.2
1271,-16.897596621958105,11,14,2.1879999999999997
1272,-16.753608401839124,11,14,2.2620000000000005
1273,-7.941686182479224,12,13,2.224
1274,2.8921566536645855,13,12,2.118
1275,3.686067479104075,13,12,2.2300000000000004
1276,-6.588463703767131,12,13,2.2960000000000003
1277,-6.513715054926735,12,13,2.146
1278,13.162058978111581,14,11,2.2479999999999998
1279,-8.137538674035937,12,13,2.2439999999999998
1280,-7.497768081985637,12,13,2.266
1281,-17.015780669689107,11,14,2.312
1282,-7.347559264227335,12,13,2.304
1283,-26.458809994343845,10,15,2.2600000000000002
1284,2.334240596690563,13,12,2.2060000000000004
1285,3.163397701571185,13,12,2.2399999999999998
1286,-16.591112018884647,11,14,2.2920000000000003
1287,-8.241349823208596,12,13,2.152
1288,-5.924885352629074,12,13,2.1799999999999997
1289,14.588773781474506,14,11,2.2559999999999993
1290,-7.77593937254478,12,13,2.2760000000000007
1291,2.126940438744448,13,12,2.214
1292,-6.941251647806563,12,13,2.232
1293,3.3508072715771373,13,12,2.354
1294,-17.914134965694213,11,14,2.2340000000000004
1295,-17.35561709224327,11,14,2.266
1296,-6.965417793138357,12,13,2.176
1297,-7.7937413198488965,12,13,2.188
1298,-6.218197707503672,12,13,2.282
1299,-5.733183775444369,12,13,2.22
1300,3.0022967451299056,13,12,2.218
1301,3.7282154163140557,13,12,2.348
1302,14.284955595556513,14,11,2.1440000000000006
1303,-17.388031788531,11,14,2.164
1304,4.537674478080268,13,12,2.2180000000000004
1305,-5.966903747281412,12,13,2.316
1306,-7.6135047882846845,12,13,2.2240000000000006
1307,2.8950752935731927,13,12,2.25
1308,3.2620846849212537,13,12,2.2
1309,-5.703430992211973,12,13,2.128
1310,2.7082284613884227,13,12,2.136
1311,12.120259685768932,14,11,2.24
1312,13.632007179032371,14,11,2.308
1313,3.80118522398754,13,12,2.2280000000000006
1314,-7.260554948883236,12,13,2.16
1315,13.954475320610998,14,11,2.236
1316,-7.342882198543016,12,13,2.3020000000000005
1317,12.14524804562209,14,11,2.2439999999999998
1318,12.18481505559901,14,11,2.196
1319,14.08649480963696,14,11,2.18
1320,3.6180374013220593,13,12,2.1659999999999995
1321,-6.9021089574692525,12,13,2.172
1322,4.596086303690405,13,12,2.146
1323,3.166274625994646,13,12,2.2279999999999998
1324,-7.685184055111593,12,13,2.184
1325,-5.359621498433547,12,13,2.1900000000000004
1326,-6.783900097403502,12,13,2.1839999999999997
1327,2.0329086454967307,13,12,2.25
1328,3.589543272135545,13,12,2.2079999999999997
1329,4.98634469289569,13,12,2.1799999999999997
1330,14.91715451970951,14,11,2.208
1331,23.58255528149584,15,10,2.2020000000000004
1332,3.140423522048623,13,12,2.1600000000000006
1333,13.732889579217922,14,11,2.304
1334,4.576825340849231,13,12,2.1599999999999997
1335,4.259010469368878,13,12,2.2359999999999998
1336,3.2136989396282756,13,12,2.274
1337,5.319136260332398,13,12,2.126
1338,34.342550001757765,16,9,2.184
1339,13.765817113986959,14,11,2.2199999999999998
1340,12.841516790418563,14,11,2.2619999999999996
1341,3.731929329744062,13,12,2.184
1342,13.947211201296271,14,11,2.168
1343,3.7947259355614307,13,12,2.258
1344,24.07984297069303,15,10,2.2540000000000004
1345,13.714129737906923,14,11,2.2719999999999994
1346,14.514624575426764,14,11,2.262
1347,3.7275582492116683,13,12,2.2080000000000006
1348,13.742092264762583,14,11,2.268
1349,-16.590724241613582,11,14,2.27
1350,14.352440854782406,14,11,2.1979999999999995
1351,-5.766485574044015,12,13,2.234
1352,-5.659068279777134,12,13,2.278
1353,-6.729032094308853,12,13,2.194
1354,14.492357832846793,14,11,2.304
1355,14.393835376052861,14,11,2.352
1356,12.682561727158696,14,11,2.226
1357,24.068950876593426,15,10,2.162
1358,23.39673550717035,15,10,2.2560000000000002
1359,3.048426697448731,13,12,2.15
1360,13.47565575836839,14,11,2.216
1361,3.002057112190137,13,12,2.192
1362,-6.927293276047349,12,13,2.2760000000000002
1363,2.7905160279338377,13,12,2.26
1364,4.159134782031716,13,12,2.2020000000000004
1365,13.389062904474699,14,11,2.306
1366,12.355893942395092,14,11,2.122
1367,2.942851633326505,13,12,2.252
1368,13.957327853699304,14,11,2.152
1369,4.015471877386318,13,12,2.2300000000000004
1370,12.541698319039217,14,11,2.278
1371,23.767139301672785,15,10,2.1900000000000004
1372,-7.363435279854229,12,13,2.2
1373,3.590268919052848,13,12,2.14
1374,-7.110267121483952,12,13,2.1859999999999995
1375,-6.8316980334197766,12,13,2.126
1376,13.938491032936366,14,11,2.3099999999999996
1377,3.5714172455319773,13,12,2.2
1378,13.8100404925312,14,11,2.222
1379,3.293442251588395,13,12,2.3259999999999996
1380,3.65880375846916,13,12,2.22
1381,3.6841920594721427,13,12,2.2039999999999997
1382,14.041631535180338,14,11,2.2319999999999998
1383,4.404976255506959,13,12,2.2800000000000002
1384,13.819379109808796,14,11,2.324
1385,-6.640484849102911,12,13,2.146
1386,2.8259857251263227,13,12,2.2939999999999996
1387,24.55069633429379,15,10,2.178
1388,13.770455105491704,14,11,2.164
1389,15.123965613422136,14,11,2.232
1390,-6.664058436704053,12,13,2.2619999999999996
1391,14.057634677977177,14,11,2.304
1392,3.8693942149008436,13,12,2.1879999999999997
1393,13.622386086670499,14,11,2.242
1394,12.346200178321975,14,11,2.17
1395,13.869781210230393,14,11,2.212
1396,3.763887132187448,13,12,2.222
1397,13.872539998761981,14,11,2.214
1398,4.664426264939838,13,12,2.1500000000000004
1399,14.416401738075262,14,11,2.222
1400,-16.864678228558894,11,14,2.1960000000000006
1401,13.681916989097665,14,11,2.2359999999999998
1402,2.0724328032902166,13,12,2.2680000000000002
1403,3.0252985266905608,13,12,2.1879999999999997
1404,-6.702322806917249,12,13,2.2039999999999997
1405,-6.705095549304353,12,13,2.2319999999999998
1406,13.15452327165928,14,11,2.1600000000000006
1407,13.097270913651087,14,11,2.2460000000000004
1408,-6.747743836800812,12,13,2.268
1409,3.103159235763909,13,12,2.18
1410,2.676894405379474,13,12,2.2039999999999997
1411,-8.132958811151624,12,13,2.242
1412,3.4095001632632567,13,12,2.1759999999999997
1413,2.595001948776348,13,12,2.2220000000000004
1414,25.331865669456192,15,10,2.2020000000000004
1415,23.781390387754875,15,10,2.2020000000000004
1416,-6.5519018139651335,12,13,2.282
1417,-6.497357583876416,12,13,2.2279999999999998
1418,13.695556095661864,14,11,2.226
1419,13.471515816412255,14,11,2.16
1420,13.10389748484129,14,11,2.2939999999999996
1421,23.06088536947145,15,10,2.11
1422,2.8254546949372754,13,12,2.2560000000000002
1423,-6.720622552752348,12,13,2.286
1424,-16.39824719208695,11,14,2.22
1425,14.053441918042363,14,11,2.25
1426,4.988200193538477,13,12,2.2239999999999993
1427,3.8814749942486344,13,12,2.2560000000000002
1428,4.080032089130295,13,12,2.092
1429,-7.334372060689782,12,13,2.184
1430,13.973132477011035,14,11,2.242
1431,24.340511541179797,15,10,2.278
1432,-5.569451462213364,12,13,2.2180000000000004
1433,14.274652946666217,14,11,2.166
1434,-4.862567196635645,12,13,2.2
1435,-5.510584804470242,12,13,2.224
1436,-5.86704442708346,12,13,2.182
1437,14.939095287870407,14,11,2.1839999999999997
1438,-6.06415304214059,12,13,2.2039999999999997
1439,24.059851407330267,15,10,2.1879999999999997
1440,25.54013607282979,15,10,2.2680000000000002
1441,-5.232917381686422,12,13,2.15
1442,24.804123087863168,15,10,2.282
1443,15.217885782285194,14,11,2.2359999999999998
1444,4.762313795932343,13,12,2.25
1445,4.60740848316374,13,12,2.302
1446,14.26758090502401,14,11,2.1580000000000004
1447,15.06441833274435,14,11,2.2979999999999996
1448,15.386539843983138,14,11,2.242
1449,6.403159324005452,13,12,2.306
1450,14.658795579324448,14,11,2.19
1451,5.167240981164216,13,12,2.158
1452,14.907657933205874,14,11,2.216
1453,-6.092411031417161,12,13,2.2580000000000005
1454,5.116668101815592,13,12,2.158
1455,3.9077211027320864,13,12,2.1740000000000004
1456,15.097122811981755,14,11,2.1740000000000004
1457,-15.080903530679578,11,14,2.194
1458,-4.857905619920762,12,13,2.254
1459,-15.908185201249452,11,14,2.2619999999999996
1460,3.9707786035148835,13,12,2.242
1461,-5.5662457421914215,12,13,2.25
1462,-14.33289629264199,11,14,2.252
1463,6.287782885319977,13,12,2.322
1464,-6.254920879797212,12,13,2.192
1465,5.343324475753782,13,12,2.2239999999999998
1466,-14.24126992247282,11,14,2.178
1467,15.862453427839458,14,11,2.198
1468,14.922584121241158,14,11,2.176
1469,-4.971544114949243,12,13,2.242
1470,-4.446419310705004,12,13,2.224
1471,-6.8495104888060645,12,13,2.2060000000000004
1472,-6.160931883875655,12,13,2.226
1473,14.250159432449458,14,11,2.176
1474,-5.695565448568219,12,13,2.248
1475,4.85830145939166,13,12,2.1900000000000004
1476,-34.915693014906594,9,16,2.1399999999999997
1477,14.770897017807652,14,11,2.1740000000000004
1478,-4.957194356302763,12,13,2.24
1479,-5.460876570225531,12,13,2.132
1480,24.886779382508408,15,10,2.1559999999999997
1481,5.125767912557796,13,12,2.138
1482,4.405640053476565,13,12,2.2180000000000004
1483,-14.718177961153375,11,14,2.252
1484,24.08475198646454,15,10,2.202
1485,13.700362541983797,14,11,2.208
1486,13.652374823062049,14,11,2.2680000000000002
1487,23.817388625296555,15,10,2.272
1488,4.3533980160548635,13,12,2.1819999999999995
1489,-4.8695453359639504,12,13,2.2439999999999998
1490,13.743266591803483,14,11,2.2359999999999998
1491,-5.2726687878919005,12,13,2.154
1492,3.566105510684217,13,12,2.252
1493,-16.555656803945773,11,14,2.136
1494,-15.67838046142519,11,14,2.2880000000000003
1495,4.743312545207987,13,12,2.2239999999999998
1496,15.26234979092294,14,11,2.104
1497,3.7055462144013287,13,12,2.172
1498,4.6717335216618014,13,12,2.234
1499,4.9171685358762165,13,12,2.3259999999999996
1500,-5.629461936558147,12,13,2.19
