"# mode=none d_value=0 d=[0,0] p=0.50 dr=0 seed=1 n_agents=5 obs_dim=34 n_episodes=20"
episode,sum_reward,success,fail,mean_delay
1,31.346846522675897,16,9,0.0
2,1.243124917306175,13,12,0.0
3,-6.9384651275816145,12,13,0.0
4,11.250595470106802,14,11,0.0
5,-8.760422361341412,12,13,0.0
6,19.47748811446127,15,10,0.0
7,55.37418079512914,18,7,0.0
8,22.642372847754785,15,10,0.0
9,36.882411341825296,17,8,0.0
10,34.41427153970891,16,9,0.0
11,50.92258642162942,18,7,0.0
12,28.062139797184834,16,9,0.0
13,20.311540904473542,15,10,0.0
14,35.55738094569603,16,9,0.0
15,34.51680612317684,16,9,0.0
16,42.950536226731145,17,8,0.0
17,-8.805445211809225,12,13,0.0
18,20.34799377471294,15,10,0.0
19,53.95668744529226,18,7,0.0
20,23.46786617612306,15,10,0.0
