"# mode=none d_value=0 d=[0,0] p=0.50 dr=0 seed=2 topology=fixed n_agents=5 obs_dim=34 n_episodes=3000"
episode,sum_reward,success,fail,mean_delay
1,51.17942133193994,18,7,0.0
2,73.9860711443042,20,5,0.0
3,72.45806845941324,20,5,0.0
4,63.38521510596887,19,6,0.0
5,84.59403955204529,21,4,0.0
6,63.44287858111489,19,6,0.0
7,84.39817664441486,21,4,0.0
8,85.30560260665438,21,4,0.0
9,64.63117227719698,19,6,0.0
10,72.62089494151431,20,5,0.0
11,74.13514100579015,20,5,0.0
12,72.15258723283358,20,5,0.0
13,75.09744355835632,20,5,0.0
14,72.83541677669281,20,5,0.0
15,73.98484377369765,20,5,0.0
16,83.23382123472442,21,4,0.0
17,63.58274443540329,19,6,0.0
18,94.9528947378057,22,3,0.0
19,52.68782086410897,18,7,0.0
20,63.919699962636805,19,6,0.0
21,82.90654097642539,21,4,0.0
22,63.248156735720926,19,6,0.0
23,62.684068914919365,19,6,0.0
24,73.7144825315361,20,5,0.0
25,53.85565901310232,18,7,0.0
26,76.59574331441597,20,5,0.0
27,54.00525286180323,18,7,0.0
28,74.21101720324852,20,5,0.0
29,86.13986412465789,21,4,0.0
30,63.79386895105274,19,6,0.0
31,73.18397665312717,20,5,0.0
32,73.23724415270915,20,5,0.0
33,54.354970882855476,18,7,0.0
34,54.80449517326088,18,7,0.0
35,85.41310635497675,21,4,0.0
36,74.00141987915171,20,5,0.0
37,62.032335964051356,19,6,0.0
38,85.12417384284971,21,4,0.0
39,51.37234193412275,18,7,0.0
40,53.71798844573287,18,7,0.0
41,53.931385239046385,18,7,0.0
42,74.07258888255525,20,5,0.0
43,64.79359444933839,19,6,0.0
44,43.45456686838047,17,8,0.0
45,53.499886274712836,18,7,0.0
46,53.77393873625403,18,7,0.0
47,53.393670199113586,18,7,0.0
48,53.27930127471956,18,7,0.0
49,65.46393410730697,19,6,0.0
50,53.048562254096325,18,7,0.0
51,34.55000095981859,16,9,0.0
52,64.1261133625552,19,6,0.0
53,74.41396677632837,20,5,0.0
54,74.7482236768432,20,5,0.0
55,74.10124289738748,20,5,0.0
56,44.31970741829109,17,8,0.0
57,34.25059682686781,16,9,0.0
58,43.1768792646262,17,8,0.0
59,53.23453932661599,18,7,0.0
60,33.616347826564414,16,9,0.0
61,64.01385668864356,19,6,0.0
62,75.00508760703806,20,5,0.0
63,45.273839311391555,17,8,0.0
64,74.04815280719797,20,5,0.0
65,53.14512403503026,18,7,0.0
66,53.44700741109456,18,7,0.0
67,64.50452214351066,19,6,0.0
68,64.56977137967681,19,6,0.0
69,64.9978337007921,19,6,0.0
70,63.81733993209251,19,6,0.0
71,64.06901202337743,19,6,0.0
72,64.61941938450595,19,6,0.0
73,53.59081219944514,18,7,0.0
74,75.48047864248929,20,5,0.0
75,84.04990247508817,21,4,0.0
76,53.1328995600426,18,7,0.0
77,33.662814990533,16,9,0.0
78,52.68129800550537,18,7,0.0
79,54.50583024642396,18,7,0.0
80,44.32832454988002,17,8,0.0
81,53.114711207156255,18,7,0.0
82,44.92136093718443,17,8,0.0
83,65.28411265710976,19,6,0.0
84,53.7061316895278,18,7,0.0
85,54.23634621138868,18,7,0.0
86,64.38906528941534,19,6,0.0
87,35.567370568540134,16,9,0.0
88,53.06090672166799,18,7,0.0
89,52.715178634288804,18,7,0.0
90,55.1250092652806,18,7,0.0
91,84.0257784900428,21,4,0.0
92,65.9807446463553,19,6,0.0
93,54.9892235218051,18,7,0.0
94,65.24717284449302,19,6,0.0
95,52.41141314827538,18,7,0.0
96,54.33086600417092,18,7,0.0
97,55.168176110347524,18,7,0.0
98,45.23492751712797,17,8,0.0
99,44.90025327145157,17,8,0.0
100,35.27690126829799,16,9,0.0
101,54.08463322748596,18,7,0.0
102,62.57671277450544,19,6,0.0
103,45.803141528543044,17,8,0.0
104,63.839542845521535,19,6,0.0
105,74.01828224905766,20,5,0.0
106,35.95112194594412,16,9,0.0
107,55.302375066762174,18,7,0.0
108,67.52081991913357,19,6,0.0
109,65.63607562169317,19,6,0.0
110,56.40980270488736,18,7,0.0
111,35.11313210547631,16,9,0.0
112,46.77097617668753,17,8,0.0
113,75.46383796184233,20,5,0.0
114,64.32339787119969,19,6,0.0
115,66.11012652653518,19,6,0.0
116,74.83095904910647,20,5,0.0
117,75.58248457524837,20,5,0.0
118,74.68713347681134,20,5,0.0
119,66.13393531069691,19,6,0.0
120,65.0561251063301,19,6,0.0
121,56.094329442157466,18,7,0.0
122,53.78987029244887,18,7,0.0
123,55.60580345544674,18,7,0.0
124,64.85372858808815,19,6,0.0
125,64.1693071515711,19,6,0.0
126,35.40304803313724,16,9,0.0
127,64.45299726617533,19,6,0.0
128,76.53823458526797,20,5,0.0
129,55.35478385015265,18,7,0.0
130,64.24203367765156,19,6,0.0
131,46.44756176988034,17,8,0.0
132,46.945385040228295,17,8,0.0
133,65.78670710322814,19,6,0.0
134,35.79225356183346,16,9,0.0
135,85.81244929379145,21,4,0.0
136,44.94164246123522,17,8,0.0
137,54.40482019055683,18,7,0.0
138,34.026435145280594,16,9,0.0
139,44.20036810474291,17,8,0.0
140,35.51221572276288,16,9,0.0
141,66.40603048043782,19,6,0.0
142,65.80613397400015,19,6,0.0
143,45.68638126905898,17,8,0.0
144,15.758828833833572,14,11,0.0
145,43.75264764687405,17,8,0.0
146,54.877006108056136,18,7,0.0
147,22.851134700712933,15,10,0.0
148,65.72434167645214,19,6,0.0
149,45.44332452207056,17,8,0.0
150,55.27699063545788,18,7,0.0
151,34.63806328197214,16,9,0.0
152,45.141008941608206,17,8,0.0
153,63.4144055090251,19,6,0.0
154,74.16720083724796,20,5,0.0
155,55.37770722643357,18,7,0.0
156,44.29225633389353,17,8,0.0
157,85.8906133860255,21,4,0.0
158,74.95610470416726,20,5,0.0
159,75.27124834936242,20,5,0.0
160,54.16517547893101,18,7,0.0
161,65.32898673342777,19,6,0.0
162,64.49491644197244,19,6,0.0
163,45.909011094820286,17,8,0.0
164,55.36276861591178,18,7,0.0
165,62.67133016748072,19,6,0.0
166,46.10574113869007,17,8,0.0
167,33.597077770491055,16,9,0.0
168,55.03152776263598,18,7,0.0
169,24.583307101445904,15,10,0.0
170,76.27889026141793,20,5,0.0
171,54.29504492025137,18,7,0.0
172,55.48110889137966,18,7,0.0
173,45.535351390656054,17,8,0.0
174,56.08819856600005,18,7,0.0
175,45.219792197036234,17,8,0.0
176,65.21513689401189,19,6,0.0
177,45.48515750763192,17,8,0.0
178,55.99602049435217,18,7,0.0
179,55.66759912508448,18,7,0.0
180,55.285202490834486,18,7,0.0
181,56.16513966267361,18,7,0.0
182,75.02981864928866,20,5,0.0
183,14.329550808143596,14,11,0.0
184,74.35109297160251,20,5,0.0
185,75.71852227908639,20,5,0.0
186,35.95525989205056,16,9,0.0
187,45.669613381709894,17,8,0.0
188,65.78051482318408,19,6,0.0
189,55.18594804692064,18,7,0.0
190,55.775358175941584,18,7,0.0
191,66.62603365592193,19,6,0.0
192,55.97360713172175,18,7,0.0
193,64.66486856241707,19,6,0.0
194,55.432724672968185,18,7,0.0
195,52.39557756716339,18,7,0.0
196,66.79429360351148,19,6,0.0
197,53.903922681059804,18,7,0.0
198,44.08452117220389,17,8,0.0
199,54.86685900087821,18,7,0.0
200,76.47013172141855,20,5,0.0
201,75.62232543415543,20,5,0.0
202,95.56819104923399,22,3,0.0
203,85.03362124725551,21,4,0.0
204,44.20698832335391,17,8,0.0
205,33.605419822723526,16,9,0.0
206,53.65147598792583,18,7,0.0
207,53.94157411446757,18,7,0.0
208,53.944264460075665,18,7,0.0
209,74.81132208868527,20,5,0.0
210,74.50821498494543,20,5,0.0
211,74.23205582199202,20,5,0.0
212,66.62923751819709,19,6,0.0
213,84.84779402069925,21,4,0.0
214,74.0295369429497,20,5,0.0
215,73.14998638910882,20,5,0.0
216,66.09922711212215,19,6,0.0
217,55.41153972476559,18,7,0.0
218,75.08285571106215,20,5,0.0
219,65.06099569722633,19,6,0.0
220,54.06616224279777,18,7,0.0
221,83.58640004548934,21,4,0.0
222,45.61305234257673,17,8,0.0
223,65.79950440409179,19,6,0.0
224,74.66484219669645,20,5,0.0
225,73.54257781361699,20,5,0.0
226,45.118983408896085,17,8,0.0
227,83.64280163799202,21,4,0.0
228,45.44879677078211,17,8,0.0
229,73.28640824141141,20,5,0.0
230,64.88062609767996,19,6,0.0
231,64.12929336310548,19,6,0.0
232,55.35785638390205,18,7,0.0
233,54.70871263768943,18,7,0.0
234,84.22567872572233,21,4,0.0
235,75.38744863473187,20,5,0.0
236,42.40112998770293,17,8,0.0
237,64.47517451926616,19,6,0.0
238,64.78193294210959,19,6,0.0
239,63.876231489334785,19,6,0.0
240,82.90791950979573,21,4,0.0
241,84.15781061159925,21,4,0.0
242,82.78917121381689,21,4,0.0
243,64.49449514314733,19,6,0.0
244,72.94148709471213,20,5,0.0
245,95.3634874085833,22,3,0.0
246,96.2054053256491,22,3,0.0
247,73.27207421609937,20,5,0.0
248,84.42871482422639,21,4,0.0
249,84.5457121281418,21,4,0.0
250,63.94014549448356,19,6,0.0
251,54.289615376404285,18,7,0.0
252,85.2831545313786,21,4,0.0
253,76.03556522768608,20,5,0.0
254,84.8344688615927,21,4,0.0
255,63.39110636993219,19,6,0.0
256,73.31254910889302,20,5,0.0
257,74.90631200133973,20,5,0.0
258,95.37425756263117,22,3,0.0
259,63.28495745929925,19,6,0.0
260,65.67022090942324,19,6,0.0
261,74.52423340029716,20,5,0.0
262,83.75218687353744,21,4,0.0
263,74.89916120397716,20,5,0.0
264,63.98439120819857,19,6,0.0
265,66.59381475713535,19,6,0.0
266,74.38538436330106,20,5,0.0
267,53.67217290742452,18,7,0.0
268,84.17797965768119,21,4,0.0
269,75.8332826474632,20,5,0.0
270,55.69856239184485,18,7,0.0
271,64.8042084927779,19,6,0.0
272,45.1793104169475,17,8,0.0
273,43.5487271588149,17,8,0.0
274,65.06034526937572,19,6,0.0
275,54.82913053727047,18,7,0.0
276,63.1149371100242,19,6,0.0
277,55.50058086252392,18,7,0.0
278,85.54988632129042,21,4,0.0
279,64.08866286618093,19,6,0.0
280,66.26096015607847,19,6,0.0
281,63.798187237509175,19,6,0.0
282,73.92994157146178,20,5,0.0
283,74.42132141565504,20,5,0.0
284,65.64645866756784,19,6,0.0
285,45.00229822995005,17,8,0.0
286,66.23791534906101,19,6,0.0
287,55.74192882225865,18,7,0.0
288,43.96669942806556,17,8,0.0
289,64.75872454846944,19,6,0.0
290,36.34921920551047,16,9,0.0
291,63.737703192334834,19,6,0.0
292,53.44690958514168,18,7,0.0
293,53.78728342202152,18,7,0.0
294,74.98543581183381,20,5,0.0
295,44.54361967560508,17,8,0.0
296,74.04968366247509,20,5,0.0
297,74.65367529591458,20,5,0.0
298,34.95975575007117,16,9,0.0
299,54.17987555803782,18,7,0.0
300,76.11981607364584,20,5,0.0
301,66.21318747770748,19,6,0.0
302,75.90412396003343,20,5,0.0
303,54.048911695801706,18,7,0.0
304,55.643564211211455,18,7,0.0
305,65.50565891139274,19,6,0.0
306,56.747132217062386,18,7,0.0
307,53.317568874952975,18,7,0.0
308,55.43879072985145,18,7,0.0
309,44.15696008414761,17,8,0.0
310,54.79875678526696,18,7,0.0
311,65.89162716864408,19,6,0.0
312,54.397176545942145,18,7,0.0
313,65.93319621024426,19,6,0.0
314,43.4297003385865,17,8,0.0
315,55.26427753963132,18,7,0.0
316,53.01450149164285,18,7,0.0
317,76.32921584555515,20,5,0.0
318,53.66324772970602,18,7,0.0
319,75.1314959069791,20,5,0.0
320,55.73030910787547,18,7,0.0
321,65.06499580860046,19,6,0.0
322,55.29654550178621,18,7,0.0
323,52.95478951090057,18,7,0.0
324,65.09010562700456,19,6,0.0
325,54.83304114342626,18,7,0.0
326,53.627708873966476,18,7,0.0
327,34.368297785292846,16,9,0.0
328,64.49675715313867,19,6,0.0
329,63.08158180124938,19,6,0.0
330,44.13773987359123,17,8,0.0
331,54.96070472827176,18,7,0.0
332,45.07236845445462,17,8,0.0
333,63.98273542646648,19,6,0.0
334,54.651956856327125,18,7,0.0
335,33.86136345319893,16,9,0.0
336,65.06458080345668,19,6,0.0
337,54.90176690901332,18,7,0.0
338,53.86819118470065,18,7,0.0
339,63.07187070280811,19,6,0.0
340,44.93710020242797,17,8,0.0
341,34.56844253281399,16,9,0.0
342,44.41193607354241,17,8,0.0
343,53.974869533877474,18,7,0.0
344,64.4372740743725,19,6,0.0
345,45.33232534263915,17,8,0.0
346,43.26687578991519,17,8,0.0
347,35.70327158122193,16,9,0.0
348,43.83643873283897,17,8,0.0
349,53.71213423474513,18,7,0.0
350,65.08649049172523,19,6,0.0
351,82.88653909950975,21,4,0.0
352,54.99003319945622,18,7,0.0
353,61.69538379241823,19,6,0.0
354,55.19057423449007,18,7,0.0
355,33.71526079990918,16,9,0.0
356,42.969443351751394,17,8,0.0
357,64.0428231506251,19,6,0.0
358,53.892922746854765,18,7,0.0
359,63.83445776197837,19,6,0.0
360,33.53109663183817,16,9,0.0
361,64.100886692054,19,6,0.0
362,34.412617597464305,16,9,0.0
363,65.81746999559451,19,6,0.0
364,35.38113576168578,16,9,0.0
365,64.14679264175366,19,6,0.0
366,53.861476596357505,18,7,0.0
367,74.81175499686377,20,5,0.0
368,45.64871215949792,17,8,0.0
369,53.769267421270996,18,7,0.0
370,65.79793828088468,19,6,0.0
371,45.29310868430976,17,8,0.0
372,54.029434555497076,18,7,0.0
373,54.233199970242595,18,7,0.0
374,54.570242669487854,18,7,0.0
375,64.4971862921456,19,6,0.0
376,53.871230324779404,18,7,0.0
377,43.02853087042662,17,8,0.0
378,64.56762323879721,19,6,0.0
379,65.25180003116056,19,6,0.0
380,53.42327637957969,18,7,0.0
381,56.14226004964077,18,7,0.0
382,64.49626037679654,19,6,0.0
383,74.90473035905865,20,5,0.0
384,54.36455384919572,18,7,0.0
385,63.98541590749842,19,6,0.0
386,42.709327172562986,17,8,0.0
387,64.70241234467977,19,6,0.0
388,64.49144134316475,19,6,0.0
389,54.705921429174055,18,7,0.0
390,33.65780613733334,16,9,0.0
391,52.29572574759702,18,7,0.0
392,73.07027012716327,20,5,0.0
393,54.79910227572846,18,7,0.0
394,65.83966660138168,19,6,0.0
395,74.49234165608496,20,5,0.0
396,44.24448784180334,17,8,0.0
397,75.0940918217979,20,5,0.0
398,53.75342228045474,18,7,0.0
399,74.72483898603173,20,5,0.0
400,94.04547733063168,22,3,0.0
401,75.94418937917857,20,5,0.0
402,64.0479826863136,19,6,0.0
403,44.05015874498831,17,8,0.0
404,75.30200181973065,20,5,0.0
405,54.979273018068014,18,7,0.0
406,45.42970950036788,17,8,0.0
407,65.4655965364529,19,6,0.0
408,46.569238165101744,17,8,0.0
409,64.49986385944615,19,6,0.0
410,85.40701112025276,21,4,0.0
411,54.68172343704376,18,7,0.0
412,63.91310871120595,19,6,0.0
413,46.494843260899344,17,8,0.0
414,64.75873509460013,19,6,0.0
415,75.41230326857229,20,5,0.0
416,75.3176040031823,20,5,0.0
417,35.62338935859221,16,9,0.0
418,74.88383287779273,20,5,0.0
419,83.68809841790606,21,4,0.0
420,65.30745252059992,19,6,0.0
421,45.13680973620838,17,8,0.0
422,64.25288682037714,19,6,0.0
423,54.775007287566716,18,7,0.0
424,66.20743267205421,19,6,0.0
425,25.326668776624956,15,10,0.0
426,53.545651921995784,18,7,0.0
427,74.13998942832029,20,5,0.0
428,55.322690353227784,18,7,0.0
429,83.53728469523476,21,4,0.0
430,54.93223979868743,18,7,0.0
431,53.92512895653516,18,7,0.0
432,65.45658348378215,19,6,0.0
433,53.9063043646441,18,7,0.0
434,65.21059679880564,19,6,0.0
435,64.08910119762423,19,6,0.0
436,74.40625093032615,20,5,0.0
437,56.22315210687083,18,7,0.0
438,43.731251988337824,17,8,0.0
439,44.63404221386219,17,8,0.0
440,74.53183395716617,20,5,0.0
441,65.51953794095455,19,6,0.0
442,53.80717153848207,18,7,0.0
443,34.75159741679593,16,9,0.0
444,84.9095647191424,21,4,0.0
445,54.27022782181427,18,7,0.0
446,44.111326675154096,17,8,0.0
447,44.22396450566831,17,8,0.0
448,22.903213818757806,15,10,0.0
449,76.11125301727014,20,5,0.0
450,44.36968202209337,17,8,0.0
451,63.49306170147438,19,6,0.0
452,75.29416641774483,20,5,0.0
453,55.83090190607679,18,7,0.0
454,44.227921289451366,17,8,0.0
455,64.79712034945811,19,6,0.0
456,74.5849518395619,20,5,0.0
457,64.6951021356788,19,6,0.0
458,63.53004319833517,19,6,0.0
459,45.22009233036284,17,8,0.0
460,65.25989449426534,19,6,0.0
461,65.40426123748081,19,6,0.0
462,43.778026036865306,17,8,0.0
463,43.21860179116288,17,8,0.0
464,65.61817278776509,19,6,0.0
465,64.89844491763168,19,6,0.0
466,54.53275930276393,18,7,0.0
467,55.713731055992994,18,7,0.0
468,54.60640154674488,18,7,0.0
469,72.86938414028535,20,5,0.0
470,64.81064670161774,19,6,0.0
471,64.21831096231561,19,6,0.0
472,63.508540118740854,19,6,0.0
473,74.75840108492214,20,5,0.0
474,53.436678714934615,18,7,0.0
475,84.16642649659525,21,4,0.0
476,64.36633920848854,19,6,0.0
477,84.72088424199555,21,4,0.0
478,44.58744010910744,17,8,0.0
479,54.22750778182411,18,7,0.0
480,65.71072834046558,19,6,0.0
481,64.13078990914036,19,6,0.0
482,54.33804989136496,18,7,0.0
483,44.104796483959156,17,8,0.0
484,53.77421899811474,18,7,0.0
485,54.37264532684863,18,7,0.0
486,64.70516674029714,19,6,0.0
487,64.4260995887276,19,6,0.0
488,54.15620688831052,18,7,0.0
489,54.92190203557343,18,7,0.0
490,54.40093177974294,18,7,0.0
491,4.530371857154972,13,12,0.0
492,75.7430707174795,20,5,0.0
493,43.69051044462243,17,8,0.0
494,64.49242935703236,19,6,0.0
495,75.80891423356697,20,5,0.0
496,74.38499803187844,20,5,0.0
497,54.12449586219741,18,7,0.0
498,44.86904198039021,17,8,0.0
499,74.20531415331745,20,5,0.0
500,72.16178404767855,20,5,0.0
501,53.36304026483181,18,7,0.0
502,53.26453169565424,18,7,0.0
503,65.23023329129786,19,6,0.0
504,65.02663366148079,19,6,0.0
505,64.33563187108405,19,6,0.0
506,64.27743044787738,19,6,0.0
507,62.97950158585492,19,6,0.0
508,53.589971606236716,18,7,0.0
509,84.10634919208903,21,4,0.0
510,73.54552951948097,20,5,0.0
511,73.49879361245478,20,5,0.0
512,63.758235016766875,19,6,0.0
513,72.89605768645254,20,5,0.0
514,64.15145926988657,19,6,0.0
515,105.18101550897457,23,2,0.0
516,44.46294319708815,17,8,0.0
517,74.13305173704097,20,5,0.0
518,55.24961321070196,18,7,0.0
519,74.5544122636551,20,5,0.0
520,64.8073019999536,19,6,0.0
521,73.95302773102887,20,5,0.0
522,64.22595854971857,19,6,0.0
523,83.82811306370895,21,4,0.0
524,74.46455936204659,20,5,0.0
525,54.558082622191584,18,7,0.0
526,53.587234966258585,18,7,0.0
527,62.3525080535632,19,6,0.0
528,74.75251557040207,20,5,0.0
529,74.57061480425209,20,5,0.0
530,63.88892610863431,19,6,0.0
531,84.73398400335512,21,4,0.0
532,54.13286971065381,18,7,0.0
533,83.88133720869237,21,4,0.0
534,83.25337581250007,21,4,0.0
535,73.64416661365378,20,5,0.0
536,73.76712325867588,20,5,0.0
537,82.65106026156641,21,4,0.0
538,74.47635543372935,20,5,0.0
539,73.23862724568563,20,5,0.0
540,83.39005646611926,21,4,0.0
541,83.68967740047945,21,4,0.0
542,92.82193269912246,22,3,0.0
543,84.58164362195622,21,4,0.0
544,72.81300058134794,20,5,0.0
545,83.68439828820657,21,4,0.0
546,83.35292127371994,21,4,0.0
547,74.0074725198656,20,5,0.0
548,44.76851821532763,17,8,0.0
549,62.772401116881525,19,6,0.0
550,72.19847380054014,20,5,0.0
551,84.95864307588496,21,4,0.0
552,85.73013759268017,21,4,0.0
553,64.24605663537892,19,6,0.0
554,74.55279359794379,20,5,0.0
555,83.82248926615134,21,4,0.0
556,84.74583628825867,21,4,0.0
557,83.53199243715326,21,4,0.0
558,84.74730488836911,21,4,0.0
559,64.47248100430267,19,6,0.0
560,73.85030548697812,20,5,0.0
561,84.25509499817295,21,4,0.0
562,84.18995114843992,21,4,0.0
563,74.4394143415863,20,5,0.0
564,83.83894623050989,21,4,0.0
565,74.50732767360994,20,5,0.0
566,84.91474083817947,21,4,0.0
567,73.96867400877166,20,5,0.0
568,75.2928694116701,20,5,0.0
569,74.6384761207353,20,5,0.0
570,75.80278355768036,20,5,0.0
571,83.56009884909085,21,4,0.0
572,83.49800836260223,21,4,0.0
573,64.81957269238043,19,6,0.0
574,72.5791777463889,20,5,0.0
575,83.7372868503519,21,4,0.0
576,54.61576761288589,18,7,0.0
577,63.303397552570274,19,6,0.0
578,73.95392382287554,20,5,0.0
579,74.59588724314747,20,5,0.0
580,74.1696560952866,20,5,0.0
581,63.36728107596845,19,6,0.0
582,73.92501258594386,20,5,0.0
583,83.69033123573772,21,4,0.0
584,73.25219893978797,20,5,0.0
585,64.24624432542834,19,6,0.0
586,84.63138902646256,21,4,0.0
587,64.00268686308462,19,6,0.0
588,63.21545659663293,19,6,0.0
589,62.313974855498884,19,6,0.0
590,72.41197133801948,20,5,0.0
591,73.25687054942402,20,5,0.0
592,72.50967698955985,20,5,0.0
593,52.380976889293606,18,7,0.0
594,63.21582529260142,19,6,0.0
595,62.607202358736984,19,6,0.0
596,75.01537769287822,20,5,0.0
597,74.68087506192316,20,5,0.0
598,51.869826388916344,18,7,0.0
599,84.84566980557183,21,4,0.0
600,53.21246622773741,18,7,0.0
601,83.83980384635251,21,4,0.0
602,54.23930454731459,18,7,0.0
603,63.58757583589254,19,6,0.0
604,85.69762617260794,21,4,0.0
605,74.63231927518822,20,5,0.0
606,74.80438623144796,20,5,0.0
607,72.18525772194852,20,5,0.0
608,64.8223828753668,19,6,0.0
609,63.35694121077071,19,6,0.0
610,63.81430976550254,19,6,0.0
611,73.52872808583383,20,5,0.0
612,55.02324733226597,18,7,0.0
613,74.55851074974002,20,5,0.0
614,84.16795182009591,21,4,0.0
615,83.60259940666616,21,4,0.0
616,83.1471812715772,21,4,0.0
617,64.04333616071659,19,6,0.0
618,52.958537723685666,18,7,0.0
619,73.36008551207708,20,5,0.0
620,74.1468301366329,20,5,0.0
621,73.44585876893615,20,5,0.0
622,65.09413291214328,19,6,0.0
623,63.82109562628515,19,6,0.0
624,74.1066711087474,20,5,0.0
625,74.1953025560861,20,5,0.0
626,84.87792051843938,21,4,0.0
627,64.27989154950909,19,6,0.0
628,93.67056295121664,22,3,0.0
629,84.41849431810671,21,4,0.0
630,73.08479777152888,20,5,0.0
631,62.8493587891457,19,6,0.0
632,63.964866230922425,19,6,0.0
633,72.29157735835513,20,5,0.0
634,74.1785237346087,20,5,0.0
635,62.915951079093645,19,6,0.0
636,74.9910473457679,20,5,0.0
637,74.7197141108155,20,5,0.0
638,64.98288059672784,19,6,0.0
639,83.35303268083621,21,4,0.0
640,63.73259136147109,19,6,0.0
641,85.41749360781326,21,4,0.0
642,74.07492470622589,20,5,0.0
643,83.18640825551236,21,4,0.0
644,84.27955636956533,21,4,0.0
645,63.88175700596035,19,6,0.0
646,54.22061454288543,18,7,0.0
647,63.34397695077199,19,6,0.0
648,73.46886369620384,20,5,0.0
649,73.62802216236284,20,5,0.0
650,84.32904650672248,21,4,0.0
651,63.1074524756029,19,6,0.0
652,73.9919906785491,20,5,0.0
653,73.3200788148547,20,5,0.0
654,83.7224308440743,21,4,0.0
655,74.15580426271354,20,5,0.0
656,94.3131810682389,22,3,0.0
657,73.49536185658202,20,5,0.0
658,72.03111343431459,20,5,0.0
659,72.40485969532482,20,5,0.0
660,73.36851794274617,20,5,0.0
661,62.32232323450898,19,6,0.0
662,83.72532086316912,21,4,0.0
663,83.05451299014825,21,4,0.0
664,94.55845205445101,22,3,0.0
665,73.02014078110476,20,5,0.0
666,92.96214097207931,22,3,0.0
667,82.55316807509463,21,4,0.0
668,82.55128107403023,21,4,0.0
669,82.74398709581585,21,4,0.0
670,82.80552122490428,21,4,0.0
671,95.0935465565168,22,3,0.0
672,82.95452727431808,21,4,0.0
673,73.49109957329833,20,5,0.0
674,83.2008804735423,21,4,0.0
675,84.38786859480479,21,4,0.0
676,83.9644647082918,21,4,0.0
677,91.84330273754543,22,3,0.0
678,94.3397958298172,22,3,0.0
679,83.36462986168546,21,4,0.0
680,73.84494470358452,20,5,0.0
681,93.02157449315096,22,3,0.0
682,64.97376159958607,19,6,0.0
683,83.80588020294068,21,4,0.0
684,63.168807000669524,19,6,0.0
685,64.17417675652253,19,6,0.0
686,83.45626543273245,21,4,0.0
687,82.88390489032219,21,4,0.0
688,74.97137860905961,20,5,0.0
689,74.19250978631693,20,5,0.0
690,82.62112345173331,21,4,0.0
691,84.61643626720164,21,4,0.0
692,82.48262748195548,21,4,0.0
693,84.62187248066178,21,4,0.0
694,74.04268917080596,20,5,0.0
695,73.18165599274927,20,5,0.0
696,74.25527342625624,20,5,0.0
697,84.14151914669581,21,4,0.0
698,93.55292261225978,22,3,0.0
699,83.00732818024834,21,4,0.0
700,82.99261214465834,21,4,0.0
701,73.79245713928539,20,5,0.0
702,64.0988796054421,19,6,0.0
703,74.79227813186787,20,5,0.0
704,92.9870847477851,22,3,0.0
705,82.87604809263212,21,4,0.0
706,72.91030130266232,20,5,0.0
707,95.13527352947693,22,3,0.0
708,104.36976068289113,23,2,0.0
709,83.30179396094061,21,4,0.0
710,83.65253254387666,21,4,0.0
711,92.47829294842586,22,3,0.0
712,84.11614327573294,21,4,0.0
713,84.47599672934942,21,4,0.0
714,92.9073925730821,22,3,0.0
715,83.25161465800714,21,4,0.0
716,94.26242394993304,22,3,0.0
717,73.30167131396695,20,5,0.0
718,94.10256582078648,22,3,0.0
719,92.56957745486764,22,3,0.0
720,83.22142410196933,21,4,0.0
721,84.8116376516324,21,4,0.0
722,73.39277106273093,20,5,0.0
723,83.7954812018894,21,4,0.0
724,74.42739728241997,20,5,0.0
725,84.0804881827072,21,4,0.0
726,73.46411792113948,20,5,0.0
727,82.82274324474248,21,4,0.0
728,73.44889857528659,20,5,0.0
729,74.25214833310126,20,5,0.0
730,82.7387983022198,21,4,0.0
731,83.51527983773927,21,4,0.0
732,94.01890748230261,22,3,0.0
733,62.98941080238449,19,6,0.0
734,83.6546070786883,21,4,0.0
735,93.85358241554535,22,3,0.0
736,83.72382979439261,21,4,0.0
737,93.32291263625652,22,3,0.0
738,92.980922769165,22,3,0.0
739,73.7708504397273,20,5,0.0
740,73.09969916666932,20,5,0.0
741,83.0616482499766,21,4,0.0
742,63.54989906538364,19,6,0.0
743,73.72480579041692,20,5,0.0
744,75.57969017121164,20,5,0.0
745,62.6390185368097,19,6,0.0
746,83.87280067185253,21,4,0.0
747,83.70036796127539,21,4,0.0
748,83.53773050235603,21,4,0.0
749,84.083204596354,21,4,0.0
750,63.91371033836202,19,6,0.0
751,73.1545760357943,20,5,0.0
752,93.90201152029776,22,3,0.0
753,74.06566160047721,20,5,0.0
754,93.98697962166639,22,3,0.0
755,84.3848343923057,21,4,0.0
756,94.55406997753812,22,3,0.0
757,84.16562954015882,21,4,0.0
758,63.28053084037582,19,6,0.0
759,84.94262806272545,21,4,0.0
760,84.69610416588718,21,4,0.0
761,84.5620394001451,21,4,0.0
762,95.01338312966622,22,3,0.0
763,94.79671891715543,22,3,0.0
764,93.69057467084656,22,3,0.0
765,83.47769040286248,21,4,0.0
766,73.889467847488,20,5,0.0
767,74.45960415206022,20,5,0.0
768,74.77715471779314,20,5,0.0
769,73.97571816594859,20,5,0.0
770,75.82807959031415,20,5,0.0
771,93.33404243796767,22,3,0.0
772,84.51701172589767,21,4,0.0
773,63.69366385284184,19,6,0.0
774,94.63465449834541,22,3,0.0
775,82.67001267173507,21,4,0.0
776,94.22286248051003,22,3,0.0
777,83.77418546897295,21,4,0.0
778,73.07408170509576,20,5,0.0
779,82.25047153951026,21,4,0.0
780,74.32429373488499,20,5,0.0
781,64.18994178912203,19,6,0.0
782,102.63240733781352,23,2,0.0
783,84.14530949668882,21,4,0.0
784,103.21140576288802,23,2,0.0
785,72.95106348508934,20,5,0.0
786,103.56148545367351,23,2,0.0
787,72.28905660991069,20,5,0.0
788,84.06197510718218,21,4,0.0
789,84.31022969474576,21,4,0.0
790,92.09879733639576,22,3,0.0
791,61.902942384412796,19,6,0.0
792,72.38260642803384,20,5,0.0
793,93.55342249553516,22,3,0.0
794,82.22333943809731,21,4,0.0
795,82.12776243502097,21,4,0.0
796,84.93225747701004,21,4,0.0
797,63.39097741442686,19,6,0.0
798,94.11562892019894,22,3,0.0
799,89.70346426154507,22,3,0.0
800,92.1349235599074,22,3,0.0
801,82.042684313393,21,4,0.0
802,82.0197976561033,21,4,0.0
803,72.5661441918176,20,5,0.0
804,82.69529739053118,21,4,0.0
805,73.19657751845295,20,5,0.0
806,60.3939666463174,19,6,0.0
807,84.92165784485209,21,4,0.0
808,71.50399005678346,20,5,0.0
809,91.28210954533344,22,3,0.0
810,71.58224245488715,20,5,0.0
811,71.43446456729455,20,5,0.0
812,91.12591354001545,22,3,0.0
813,81.88738508445034,21,4,0.0
814,50.128391109733,18,7,0.0
815,71.5013345484312,20,5,0.0
816,90.81301668119808,22,3,0.0
817,81.25840384794509,21,4,0.0
818,62.95603324194471,19,6,0.0
819,62.69736207525493,19,6,0.0
820,72.47992161486384,20,5,0.0
821,79.99637929279231,21,4,0.0
822,94.72823153696268,22,3,0.0
823,70.72518623510243,20,5,0.0
824,61.468920921899254,19,6,0.0
825,91.57553939225284,22,3,0.0
826,72.11451479072198,20,5,0.0
827,91.94693636285136,22,3,0.0
828,82.34814132271319,21,4,0.0
829,82.29626129650664,21,4,0.0
830,80.73836437019294,21,4,0.0
831,70.76603153072459,20,5,0.0
832,103.67866202749124,23,2,0.0
833,70.50566464696116,20,5,0.0
834,83.04476435731968,21,4,0.0
835,70.66318139990153,20,5,0.0
836,71.21791895956318,20,5,0.0
837,60.51147704941667,19,6,0.0
838,71.30378406192413,20,5,0.0
839,94.40035361742697,22,3,0.0
840,73.0197321337719,20,5,0.0
841,102.35620962431655,23,2,0.0
842,82.30717479275815,21,4,0.0
843,83.94593666410942,21,4,0.0
844,72.40333442973552,20,5,0.0
845,74.77704568358764,20,5,0.0
846,83.71393078379026,21,4,0.0
847,73.15103126223403,20,5,0.0
848,73.72929137012616,20,5,0.0
849,82.303521187242,21,4,0.0
850,93.33696570113149,22,3,0.0
851,92.31918630389987,22,3,0.0
852,103.68182856894276,23,2,0.0
853,72.73849979133233,20,5,0.0
854,61.687086301722864,19,6,0.0
855,94.37033481470698,22,3,0.0
856,62.37023741371894,19,6,0.0
857,84.46197543916023,21,4,0.0
858,81.16383918528344,21,4,0.0
859,93.7826507273421,22,3,0.0
860,72.6154764372268,20,5,0.0
861,93.4609585039029,22,3,0.0
862,82.69036856933394,21,4,0.0
863,62.86422472510343,19,6,0.0
864,82.34646903036048,21,4,0.0
865,81.0001882734653,21,4,0.0
866,63.411852415329285,19,6,0.0
867,82.5308683856805,21,4,0.0
868,84.97799358095693,21,4,0.0
869,94.08851898020545,22,3,0.0
870,82.90511064038894,21,4,0.0
871,63.7411541786695,19,6,0.0
872,82.10643661709112,21,4,0.0
873,83.94227873319853,21,4,0.0
874,65.68282855917715,19,6,0.0
875,83.18082105774135,21,4,0.0
876,73.52348814820756,20,5,0.0
877,83.99588661746736,21,4,0.0
878,74.18817225297713,20,5,0.0
879,82.69417701353034,21,4,0.0
880,63.43318485285512,19,6,0.0
881,73.31321670879554,20,5,0.0
882,93.98065346147614,22,3,0.0
883,84.2349717577423,21,4,0.0
884,74.40045252412598,20,5,0.0
885,74.45628880991859,20,5,0.0
886,93.45901458223713,22,3,0.0
887,73.00109439736978,20,5,0.0
888,83.46843584596826,21,4,0.0
889,84.02275744559763,21,4,0.0
890,64.60415869270598,19,6,0.0
891,51.817601659962875,18,7,0.0
892,82.10357847452293,21,4,0.0
893,74.4730566542058,20,5,0.0
894,83.42943092941566,21,4,0.0
895,64.74277968502874,19,6,0.0
896,80.28451194119876,21,4,0.0
897,83.47628032255724,21,4,0.0
898,104.04629282622608,23,2,0.0
899,83.36126939739644,21,4,0.0
900,73.74510326171767,20,5,0.0
901,74.19570037228489,20,5,0.0
902,73.67313075959368,20,5,0.0
903,83.73310191863408,21,4,0.0
904,71.96127129146117,20,5,0.0
905,72.10241967640977,20,5,0.0
906,73.54107268048597,20,5,0.0
907,61.16338883241143,19,6,0.0
908,93.30271624044583,22,3,0.0
909,62.82412107582422,19,6,0.0
910,62.308793482841125,19,6,0.0
911,83.6487260496536,21,4,0.0
912,92.92303427628966,22,3,0.0
913,72.31294312060359,20,5,0.0
914,63.80055543751348,19,6,0.0
915,74.5132616444758,20,5,0.0
916,93.01692203351341,22,3,0.0
917,73.68502566555964,20,5,0.0
918,72.26715991846524,20,5,0.0
919,94.08526414126598,22,3,0.0
920,63.566765276568134,19,6,0.0
921,63.8716582383683,19,6,0.0
922,83.58731950910949,21,4,0.0
923,82.77337061305029,21,4,0.0
924,84.24352007242247,21,4,0.0
925,63.73342132681931,19,6,0.0
926,82.27785703915521,21,4,0.0
927,82.9353914500828,21,4,0.0
928,72.42800498360121,20,5,0.0
929,73.70306017607844,20,5,0.0
930,71.86826123295972,20,5,0.0
931,72.05381723191383,20,5,0.0
932,73.51754432700189,20,5,0.0
933,63.15220241907227,19,6,0.0
934,73.36173537326447,20,5,0.0
935,63.70533077056777,19,6,0.0
936,73.93955233414404,20,5,0.0
937,82.65548097578919,21,4,0.0
938,63.60401502351789,19,6,0.0
939,73.1240287713988,20,5,0.0
940,63.70041898013688,19,6,0.0
941,62.59581002193369,19,6,0.0
942,84.06722351058949,21,4,0.0
943,53.51148256977571,18,7,0.0
944,61.56722058788809,19,6,0.0
945,83.09068196252528,21,4,0.0
946,83.00577431630255,21,4,0.0
947,83.19617682849879,21,4,0.0
948,84.45340717644815,21,4,0.0
949,103.81637933241197,23,2,0.0
950,63.261653080634886,19,6,0.0
951,84.10554486420395,21,4,0.0
952,73.20193196511045,20,5,0.0
953,73.77550068236708,20,5,0.0
954,62.98023155281982,19,6,0.0
955,64.21917480978541,19,6,0.0
956,82.58848159585308,21,4,0.0
957,73.06153488101901,20,5,0.0
958,53.233661278200195,18,7,0.0
959,63.80405597255496,19,6,0.0
960,73.73093019820969,20,5,0.0
961,84.10867579180226,21,4,0.0
962,84.68359654547808,21,4,0.0
963,81.73295661366308,21,4,0.0
964,94.46940645015587,22,3,0.0
965,94.43597289036985,22,3,0.0
966,64.15074194754483,19,6,0.0
967,94.62749033330624,22,3,0.0
968,63.62775938123875,19,6,0.0
969,73.62308453890635,20,5,0.0
970,63.106001552616874,19,6,0.0
971,84.07118477876635,21,4,0.0
972,42.646486464838645,17,8,0.0
973,73.44139961010917,20,5,0.0
974,73.86485721719762,20,5,0.0
975,74.2216666631699,20,5,0.0
976,73.51865364789398,20,5,0.0
977,63.71147039268566,19,6,0.0
978,82.25953088502845,21,4,0.0
979,73.13345573015107,20,5,0.0
980,73.73309237135803,20,5,0.0
981,72.99310146959165,20,5,0.0
982,62.77757470707799,19,6,0.0
983,72.49343596899905,20,5,0.0
984,63.28062798541437,19,6,0.0
985,64.69937242071353,19,6,0.0
986,73.64103655302827,20,5,0.0
987,63.69745323173795,19,6,0.0
988,73.76332092755061,20,5,0.0
989,72.80452687993697,20,5,0.0
990,83.55933279752495,21,4,0.0
991,53.26921466386757,18,7,0.0
992,72.84101907384851,20,5,0.0
993,63.307054282986236,19,6,0.0
994,91.13852326198698,22,3,0.0
995,73.69912123128202,20,5,0.0
996,75.34213869468084,20,5,0.0
997,94.00837856178651,22,3,0.0
998,72.03264033954076,20,5,0.0
999,92.3984911038386,22,3,0.0
1000,83.97809429111027,21,4,0.0
1001,72.80573399152996,20,5,0.0
1002,104.26121962515272,23,2,0.0
1003,83.20696186624812,21,4,0.0
1004,83.97585086698619,21,4,0.0
1005,74.48355372170552,20,5,0.0
1006,93.6039136223988,22,3,0.0
1007,84.4181503403867,21,4,0.0
1008,84.16984449520663,21,4,0.0
1009,84.24120222181384,21,4,0.0
1010,83.51215491187672,21,4,0.0
1011,73.70362427334938,20,5,0.0
1012,73.48347074596118,20,5,0.0
1013,84.20932806474018,21,4,0.0
1014,94.67073184328193,22,3,0.0
1015,83.24669453020704,21,4,0.0
1016,84.41909102908048,21,4,0.0
1017,84.10639251758407,21,4,0.0
1018,94.39437203062894,22,3,0.0
1019,83.63732960043414,21,4,0.0
1020,83.81121206532069,21,4,0.0
1021,83.6866154580015,21,4,0.0
1022,84.03610737374802,21,4,0.0
1023,84.18106585852426,21,4,0.0
1024,83.96682851762195,21,4,0.0
1025,84.30686722626193,21,4,0.0
1026,93.96540859135872,22,3,0.0
1027,94.23249344233527,22,3,0.0
1028,94.35983278128174,22,3,0.0
1029,74.70778410023331,20,5,0.0
1030,65.305648351412,19,6,0.0
1031,104.18020429685487,23,2,0.0
1032,84.74485944068932,21,4,0.0
1033,95.15246445836054,22,3,0.0
1034,84.16487190552523,21,4,0.0
1035,74.69142477450171,20,5,0.0
1036,83.77580094966318,21,4,0.0
1037,84.9663782175818,21,4,0.0
1038,64.1522159854895,19,6,0.0
1039,83.5375423995144,21,4,0.0
1040,84.76357780226668,21,4,0.0
1041,83.47005362576498,21,4,0.0
1042,75.1209083606181,20,5,0.0
1043,93.95983880795065,22,3,0.0
1044,95.54488549231768,22,3,0.0
1045,94.22336172282816,22,3,0.0
1046,94.22699848101888,22,3,0.0
1047,93.48297170258533,22,3,0.0
1048,104.45226625780381,23,2,0.0
1049,84.8227267442349,21,4,0.0
1050,85.4405826726222,21,4,0.0
1051,94.94813996391146,22,3,0.0
1052,94.60762829209861,22,3,0.0
1053,94.95468184396626,22,3,0.0
1054,94.34521184672568,22,3,0.0
1055,75.04382548543568,20,5,0.0
1056,83.9780656098702,21,4,0.0
1057,73.34991534705743,20,5,0.0
1058,104.4362833805766,23,2,0.0
1059,104.08882401222542,23,2,0.0
1060,95.2687884991295,22,3,0.0
1061,84.97124204972624,21,4,0.0
1062,84.4535811400527,21,4,0.0
1063,94.61925801324955,22,3,0.0
1064,93.40984772137928,22,3,0.0
1065,94.08643381277793,22,3,0.0
1066,95.09482095773059,22,3,0.0
1067,95.78173634633623,22,3,0.0
1068,103.46576275318907,23,2,0.0
1069,85.16716885446044,21,4,0.0
1070,63.795998545412104,19,6,0.0
1071,94.91950288033561,22,3,0.0
1072,105.209359860649,23,2,0.0
1073,84.60416589303792,21,4,0.0
1074,84.60133885370963,21,4,0.0
1075,94.2085495600559,22,3,0.0
1076,84.63334551912455,21,4,0.0
1077,94.85745347096336,22,3,0.0
1078,95.47608545910555,22,3,0.0
1079,84.23529525868979,21,4,0.0
1080,84.24896171133226,21,4,0.0
1081,84.66341920611244,21,4,0.0
1082,104.47607849454305,23,2,0.0
1083,104.58288135974391,23,2,0.0
1084,84.36091358185465,21,4,0.0
1085,75.56270601601074,20,5,0.0
1086,105.16129105907135,23,2,0.0
1087,104.94946646544832,23,2,0.0
1088,94.98582665194981,22,3,0.0
1089,94.03346159040862,22,3,0.0
1090,85.08903581761818,21,4,0.0
1091,94.74166665604136,22,3,0.0
1092,94.61785603369408,22,3,0.0
1093,96.05198363539698,22,3,0.0
1094,73.89650688558353,20,5,0.0
1095,64.50703663619926,19,6,0.0
1096,84.95939590417089,21,4,0.0
1097,106.01002124781243,23,2,0.0
1098,105.49741985832891,23,2,0.0
1099,85.85061095330873,21,4,0.0
1100,85.73077062409781,21,4,0.0
1101,105.95693675889615,23,2,0.0
1102,74.62470439946344,20,5,0.0
1103,85.1643730362014,21,4,0.0
1104,85.24220303812824,21,4,0.0
1105,84.28430715002867,21,4,0.0
1106,105.09860351799088,23,2,0.0
1107,105.02444245738047,23,2,0.0
1108,85.61034472993714,21,4,0.0
1109,95.18646463132009,22,3,0.0
1110,84.8104908521631,21,4,0.0
1111,73.85117926861807,20,5,0.0
1112,95.68441633981723,22,3,0.0
1113,95.62648633867452,22,3,0.0
1114,95.80061644221736,22,3,0.0
1115,84.69860916581827,21,4,0.0
1116,94.19144331135897,22,3,0.0
1117,96.10009403940481,22,3,0.0
1118,96.27983826589205,22,3,0.0
1119,85.14627973100892,21,4,0.0
1120,84.87605809057561,21,4,0.0
1121,95.41647340617308,22,3,0.0
1122,65.37120015921172,19,6,0.0
1123,95.07340387587581,22,3,0.0
1124,84.66458382127401,21,4,0.0
1125,94.14507608229735,22,3,0.0
1126,95.27317670679527,22,3,0.0
1127,83.75205148034702,21,4,0.0
1128,95.50320823867955,22,3,0.0
1129,94.58799801054394,22,3,0.0
1130,65.54671950917289,19,6,0.0
1131,85.00298214260559,21,4,0.0
1132,95.16778577986368,22,3,0.0
1133,95.33361100649262,22,3,0.0
1134,95.6333198566083,22,3,0.0
1135,84.76016242238674,21,4,0.0
1136,75.22633606897423,20,5,0.0
1137,94.90374974088562,22,3,0.0
1138,105.25935314281311,23,2,0.0
1139,84.32741464575813,21,4,0.0
1140,95.8124140214425,22,3,0.0
1141,75.14981055279729,20,5,0.0
1142,94.82060876389212,22,3,0.0
1143,85.62192648785249,21,4,0.0
1144,85.09041431852616,21,4,0.0
1145,95.17295226681108,22,3,0.0
1146,85.54693728902323,21,4,0.0
1147,94.78418046272549,22,3,0.0
1148,85.41047248121191,21,4,0.0
1149,84.35953260611804,21,4,0.0
1150,85.16227785851373,21,4,0.0
1151,95.1513716644992,22,3,0.0
1152,95.28024295505512,22,3,0.0
1153,94.55807986598104,22,3,0.0
1154,95.91678718913258,22,3,0.0
1155,85.08906242695898,21,4,0.0
1156,95.34423896644444,22,3,0.0
1157,85.39626961864917,21,4,0.0
1158,73.76689459507081,20,5,0.0
1159,95.08572765116197,22,3,0.0
1160,95.7026967573695,22,3,0.0
1161,84.8857774947663,21,4,0.0
1162,84.48722628272117,21,4,0.0
1163,95.60353584559101,22,3,0.0
1164,94.87359585369683,22,3,0.0
1165,94.52090846539679,22,3,0.0
1166,94.3676381791225,22,3,0.0
1167,105.1508670120632,23,2,0.0
1168,84.77692766054906,21,4,0.0
1169,84.74169001791309,21,4,0.0
1170,85.70143236316193,21,4,0.0
1171,104.64587911329932,23,2,0.0
1172,85.27565632584563,21,4,0.0
1173,74.71604799559476,20,5,0.0
1174,75.55370666140439,20,5,0.0
1175,95.52693396374175,22,3,0.0
1176,84.45003172496604,21,4,0.0
1177,83.90517159831899,21,4,0.0
1178,84.43372636758882,21,4,0.0
1179,84.14920962187233,21,4,0.0
1180,84.70636591036464,21,4,0.0
1181,95.18152278218876,22,3,0.0
1182,94.61861514072827,22,3,0.0
1183,84.19329621681294,21,4,0.0
1184,85.24352729609016,21,4,0.0
1185,65.25313659941345,19,6,0.0
1186,85.36253885975236,21,4,0.0
1187,64.3159220902373,19,6,0.0
1188,85.14316103298601,21,4,0.0
1189,74.85836615622033,20,5,0.0
1190,94.74066843868336,22,3,0.0
1191,85.44218921200785,21,4,0.0
1192,75.53457930558287,20,5,0.0
1193,74.69359338787089,20,5,0.0
1194,76.27418380676333,20,5,0.0
1195,95.21403842139833,22,3,0.0
1196,94.72498014782083,22,3,0.0
1197,74.88345222950585,20,5,0.0
1198,95.32504300330979,22,3,0.0
1199,85.42493760691177,21,4,0.0
1200,84.53315500722434,21,4,0.0
1201,85.22402233048473,21,4,0.0
1202,75.00337630045496,20,5,0.0
1203,65.38400598949028,19,6,0.0
1204,95.20261683481847,22,3,0.0
1205,84.85490646461889,21,4,0.0
1206,74.92657102436532,20,5,0.0
1207,74.72874779111024,20,5,0.0
1208,74.4935607471298,20,5,0.0
1209,94.97428915829062,22,3,0.0
1210,85.9528397364808,21,4,0.0
1211,95.10436754091609,22,3,0.0
1212,84.4517155158757,21,4,0.0
1213,94.86997190317383,22,3,0.0
1214,74.03499743619908,20,5,0.0
1215,84.75831840526884,21,4,0.0
1216,95.10403270756886,22,3,0.0
1217,85.24331027167358,21,4,0.0
1218,84.33850055534894,21,4,0.0
1219,73.28407582924612,20,5,0.0
1220,94.84362629628512,22,3,0.0
1221,84.77378418962233,21,4,0.0
1222,85.53614370186136,21,4,0.0
1223,95.54931585149738,22,3,0.0
1224,85.222560412976,21,4,0.0
1225,64.3515254661087,19,6,0.0
1226,85.18632005298403,21,4,0.0
1227,95.21163335052006,22,3,0.0
1228,75.55685292503718,20,5,0.0
1229,64.87837415947314,19,6,0.0
1230,104.55810240553579,23,2,0.0
1231,84.74055972003667,21,4,0.0
1232,84.65898897197779,21,4,0.0
1233,105.08607942850979,23,2,0.0
1234,84.20425799864867,21,4,0.0
1235,84.47740612878039,21,4,0.0
1236,95.82367917501524,22,3,0.0
1237,85.44575977268077,21,4,0.0
1238,84.45647045502524,21,4,0.0
1239,85.48993749464817,21,4,0.0
1240,104.68068720850994,23,2,0.0
1241,85.91675081954563,21,4,0.0
1242,75.10278134113355,20,5,0.0
1243,75.76764276108223,20,5,0.0
1244,84.92539206304882,21,4,0.0
1245,95.53386081551002,22,3,0.0
1246,84.8037043972481,21,4,0.0
1247,85.06083090493448,21,4,0.0
1248,96.02742330213546,22,3,0.0
1249,84.91058746574524,21,4,0.0
1250,76.57053658999173,20,5,0.0
1251,85.47768862506926,21,4,0.0
1252,65.2455799527812,19,6,0.0
1253,75.72847446097039,20,5,0.0
1254,94.70661597188723,22,3,0.0
1255,95.69835780942395,22,3,0.0
1256,85.96014246078173,21,4,0.0
1257,86.20926794564981,21,4,0.0
1258,93.1769940851829,22,3,0.0
1259,75.93007813473389,20,5,0.0
1260,95.31649135921788,22,3,0.0
1261,95.02492694448276,22,3,0.0
1262,96.21252326820604,22,3,0.0
1263,74.9435704043957,20,5,0.0
1264,105.00405174484719,23,2,0.0
1265,84.65515676709097,21,4,0.0
1266,84.36272777491368,21,4,0.0
1267,85.0686166098329,21,4,0.0
1268,75.37076517189985,20,5,0.0
1269,85.38253198645914,21,4,0.0
1270,84.7825406182296,21,4,0.0
1271,84.97501111682033,21,4,0.0
1272,94.71993895288179,22,3,0.0
1273,84.6002078305909,21,4,0.0
1274,86.2407829161944,21,4,0.0
1275,105.28136886333706,23,2,0.0
1276,95.48909845030778,22,3,0.0
1277,106.06084298259546,23,2,0.0
1278,95.26639339001655,22,3,0.0
1279,85.63916535516033,21,4,0.0
1280,95.1200481355655,22,3,0.0
1281,84.46911511804377,21,4,0.0
1282,85.20729753393358,21,4,0.0
1283,94.97734994031197,22,3,0.0
1284,94.18742720782407,22,3,0.0
1285,94.49040010478186,22,3,0.0
1286,95.44152642253405,22,3,0.0
1287,83.88402250752739,21,4,0.0
1288,84.96973713271012,21,4,0.0
1289,75.70448633348003,20,5,0.0
1290,93.09455066833559,22,3,0.0
1291,74.1501019507935,20,5,0.0
1292,95.69656203628325,22,3,0.0
1293,84.533541598033,21,4,0.0
1294,95.18295565729588,22,3,0.0
1295,95.25029878280588,22,3,0.0
1296,94.78564464471943,22,3,0.0
1297,85.1832633767421,21,4,0.0
1298,104.78422710386052,23,2,0.0
1299,94.75420339076413,22,3,0.0
1300,84.32646481697465,21,4,0.0
1301,84.70891333151091,21,4,0.0
1302,95.33489608590976,22,3,0.0
1303,74.68539938974368,20,5,0.0
1304,95.77639993456114,22,3,0.0
1305,84.84034695918947,21,4,0.0
1306,84.9493352044001,21,4,0.0
1307,85.04007932031404,21,4,0.0
1308,85.90618434469339,21,4,0.0
1309,95.12123285713429,22,3,0.0
1310,105.40699374791048,23,2,0.0
1311,85.74525336411998,21,4,0.0
1312,106.13004762618998,23,2,0.0
1313,75.97309152817297,20,5,0.0
1314,95.62708995504515,22,3,0.0
1315,86.16481570340471,21,4,0.0
1316,84.66036882716705,21,4,0.0
1317,95.84654434585322,22,3,0.0
1318,73.92566986412564,20,5,0.0
1319,94.96806890075347,22,3,0.0
1320,84.72652290560382,21,4,0.0
1321,95.9313920263812,22,3,0.0
1322,84.55522408796574,21,4,0.0
1323,75.72934692410752,20,5,0.0
1324,95.2099086970027,22,3,0.0
1325,95.22030688981668,22,3,0.0
1326,85.69652596603896,21,4,0.0
1327,95.32531645821517,22,3,0.0
1328,94.75266994069776,22,3,0.0
1329,95.20194907292216,22,3,0.0
1330,85.28366575226848,21,4,0.0
1331,84.94161342467062,21,4,0.0
1332,84.07654381901226,21,4,0.0
1333,95.35048872024295,22,3,0.0
1334,85.18716731627536,21,4,0.0
1335,95.38007708443779,22,3,0.0
1336,85.9878832218228,21,4,0.0
1337,96.0350889956254,22,3,0.0
1338,84.6732624906268,21,4,0.0
1339,95.13378301873003,22,3,0.0
1340,95.26428734903648,22,3,0.0
1341,85.68844899403081,21,4,0.0
1342,93.83024713550101,22,3,0.0
1343,85.60422974307525,21,4,0.0
1344,86.0348474712284,21,4,0.0
1345,94.61698925423555,22,3,0.0
1346,94.02102114804852,22,3,0.0
1347,75.1298035154625,20,5,0.0
1348,95.10437725325644,22,3,0.0
1349,85.21810269261488,21,4,0.0
1350,95.35645161855456,22,3,0.0
1351,105.4870542264476,23,2,0.0
1352,73.69795323086339,20,5,0.0
1353,95.85688173085826,22,3,0.0
1354,94.21936552636413,22,3,0.0
1355,75.66465917966435,20,5,0.0
1356,105.0193795493656,23,2,0.0
1357,105.26425271732796,23,2,0.0
1358,85.89448294094716,21,4,0.0
1359,85.42764056815234,21,4,0.0
1360,84.83545127015445,21,4,0.0
1361,84.9173023481388,21,4,0.0
1362,93.2952353588798,22,3,0.0
1363,95.2283609918532,22,3,0.0
1364,85.11461156442826,21,4,0.0
1365,95.99964302206075,22,3,0.0
1366,85.36769937110957,21,4,0.0
1367,85.20049192221128,21,4,0.0
1368,94.38834652438307,22,3,0.0
1369,74.4574593106572,20,5,0.0
1370,85.20157771231302,21,4,0.0
1371,94.97137633820562,22,3,0.0
1372,85.28015704174183,21,4,0.0
1373,84.3732139079086,21,4,0.0
1374,95.089508625721,22,3,0.0
1375,95.24093163790725,22,3,0.0
1376,95.97193396089253,22,3,0.0
1377,94.73061949926529,22,3,0.0
1378,84.39270309251076,21,4,0.0
1379,74.8887497442056,20,5,0.0
1380,94.55536369841481,22,3,0.0
1381,76.29463937935694,20,5,0.0
1382,95.30722270370065,22,3,0.0
1383,95.51052052201085,22,3,0.0
1384,75.62781285694946,20,5,0.0
1385,74.91373227621548,20,5,0.0
1386,64.87821527819126,19,6,0.0
1387,85.50907322472551,21,4,0.0
1388,85.58955823539573,21,4,0.0
1389,84.87709283229603,21,4,0.0
1390,94.62244925238241,22,3,0.0
1391,85.16983128608936,21,4,0.0
1392,74.30776904673051,20,5,0.0
1393,74.14174947560169,20,5,0.0
1394,85.41059483256855,21,4,0.0
1395,95.6559322944548,22,3,0.0
1396,74.13173024624554,20,5,0.0
1397,95.46511295836666,22,3,0.0
1398,75.26412244771657,20,5,0.0
1399,75.86345540720822,20,5,0.0
1400,85.55431189130005,21,4,0.0
1401,83.95601481514097,21,4,0.0
1402,95.89408117329789,22,3,0.0
1403,74.91620577970899,20,5,0.0
1404,74.46984434499636,20,5,0.0
1405,94.70999952289984,22,3,0.0
1406,84.82719719998242,21,4,0.0
1407,74.37457696726145,20,5,0.0
1408,85.02468442437372,21,4,0.0
1409,85.28748394611416,21,4,0.0
1410,94.63978115208398,22,3,0.0
1411,105.3082560634962,23,2,0.0
1412,84.30253634720012,21,4,0.0
1413,65.02661078511068,19,6,0.0
1414,95.48493354675921,22,3,0.0
1415,94.96201089918289,22,3,0.0
1416,85.63891392486948,21,4,0.0
1417,104.65786879979683,23,2,0.0
1418,95.9670432071809,22,3,0.0
1419,95.75527448054291,22,3,0.0
1420,105.6176528019712,23,2,0.0
1421,75.04262584874388,20,5,0.0
1422,84.7138872949612,21,4,0.0
1423,84.7252053129926,21,4,0.0
1424,75.35985307031922,20,5,0.0
1425,75.08322274472046,20,5,0.0
1426,85.9086447260625,21,4,0.0
1427,84.08625180271555,21,4,0.0
1428,84.56049068366023,21,4,0.0
1429,64.96077041767157,19,6,0.0
1430,105.64585182717296,23,2,0.0
1431,85.06536843166916,21,4,0.0
1432,84.37329978911707,21,4,0.0
1433,95.84687681590484,22,3,0.0
1434,94.95925169199009,22,3,0.0
1435,94.56354300627147,22,3,0.0
1436,96.19696395106021,22,3,0.0
1437,84.99734477674883,21,4,0.0
1438,95.77353217207299,22,3,0.0
1439,95.11240567972006,22,3,0.0
1440,85.23732424108022,21,4,0.0
1441,85.28032416245654,21,4,0.0
1442,95.56116735797417,22,3,0.0
1443,85.05577114005368,21,4,0.0
1444,94.154090607893,22,3,0.0
1445,84.82389410203618,21,4,0.0
1446,95.48190772590739,22,3,0.0
1447,94.34140159636868,22,3,0.0
1448,95.97325106491965,22,3,0.0
1449,93.59108676942398,22,3,0.0
1450,84.08910059823864,21,4,0.0
1451,85.02162019902399,21,4,0.0
1452,75.35061131874946,20,5,0.0
1453,74.14314118887489,20,5,0.0
1454,74.72226251005864,20,5,0.0
1455,84.95815724531987,21,4,0.0
1456,95.08168367078011,22,3,0.0
1457,84.73914491892022,21,4,0.0
1458,74.2184790492382,20,5,0.0
1459,85.49081129119388,21,4,0.0
1460,75.20349475505539,20,5,0.0
1461,85.09247949810357,21,4,0.0
1462,85.21415145993315,21,4,0.0
1463,74.7943699917031,20,5,0.0
1464,84.58642675500589,21,4,0.0
1465,73.64966331285994,20,5,0.0
1466,84.6078529778992,21,4,0.0
1467,74.1505806248953,20,5,0.0
1468,84.64530951177333,21,4,0.0
1469,73.10532420857395,20,5,0.0
1470,84.8039280167113,21,4,0.0
1471,74.58172452844617,20,5,0.0
1472,74.35781274052164,20,5,0.0
1473,85.40169835248857,21,4,0.0
1474,84.97742122070552,21,4,0.0
1475,94.81774887519623,22,3,0.0
1476,85.22620122323666,21,4,0.0
1477,94.87029557255828,22,3,0.0
1478,85.65220194134774,21,4,0.0
1479,95.56860327013827,22,3,0.0
1480,105.29838087852251,23,2,0.0
1481,95.19260087544156,22,3,0.0
1482,64.9933508467679,19,6,0.0
1483,84.59390028489364,21,4,0.0
1484,104.68539770491788,23,2,0.0
1485,94.8886058313957,22,3,0.0
1486,84.44339249923027,21,4,0.0
1487,94.6841782650716,22,3,0.0
1488,105.11786427004702,23,2,0.0
1489,93.31213501893767,22,3,0.0
1490,94.64337859266764,22,3,0.0
1491,83.97104347355186,21,4,0.0
1492,74.19674520632287,20,5,0.0
1493,84.57980705190936,21,4,0.0
1494,95.05362220849877,22,3,0.0
1495,84.71010123765889,21,4,0.0
1496,94.92848276835853,22,3,0.0
1497,84.44345334440136,21,4,0.0
1498,94.52923674529602,22,3,0.0
1499,94.54223074884597,22,3,0.0
1500,84.99530850591935,21,4,0.0
1501,105.11251990207997,23,2,0.0
1502,75.33963702091525,20,5,0.0
1503,74.57714798744036,20,5,0.0
1504,75.39687316966709,20,5,0.0
1505,84.75127924387476,21,4,0.0
1506,64.70972882596236,19,6,0.0
1507,73.63691182691907,20,5,0.0
1508,84.1420941688769,21,4,0.0
1509,74.6846629808667,20,5,0.0
1510,94.18149735109637,22,3,0.0
1511,85.04248005566026,21,4,0.0
1512,95.07222489262892,22,3,0.0
1513,84.6453431430359,21,4,0.0
1514,75.36643633297084,20,5,0.0
1515,94.42014387821683,22,3,0.0
1516,94.92829551953204,22,3,0.0
1517,73.96571449087588,20,5,0.0
1518,64.43303500988682,19,6,0.0
1519,74.60647379867308,20,5,0.0
1520,75.50411347346203,20,5,0.0
1521,64.11143951009281,19,6,0.0
1522,94.58984024073604,22,3,0.0
1523,84.10602046017658,21,4,0.0
1524,84.23355248218587,21,4,0.0
1525,84.28783226648925,21,4,0.0
1526,74.30358500877533,20,5,0.0
1527,83.45275020955478,21,4,0.0
1528,75.34896885333474,20,5,0.0
1529,74.29967434647897,20,5,0.0
1530,73.35605117625481,20,5,0.0
1531,84.98106530794578,21,4,0.0
1532,84.4816045992968,21,4,0.0
1533,74.11285919199996,20,5,0.0
1534,94.51839441036378,22,3,0.0
1535,94.96767264349099,22,3,0.0
1536,74.28694086963134,20,5,0.0
1537,74.53575614519428,20,5,0.0
1538,84.87492522777792,21,4,0.0
1539,73.68522190347458,20,5,0.0
1540,94.65612504338934,22,3,0.0
1541,94.40357614634421,22,3,0.0
1542,104.54841592570446,23,2,0.0
1543,94.99468830472648,22,3,0.0
1544,83.747902211669,21,4,0.0
1545,94.70591160310083,22,3,0.0
1546,84.37923497688173,21,4,0.0
1547,74.6280717645796,20,5,0.0
1548,83.91073442769994,21,4,0.0
1549,84.74728238830357,21,4,0.0
1550,74.69013952226221,20,5,0.0
1551,73.46775370580785,20,5,0.0
1552,94.90737172896267,22,3,0.0
1553,105.16789982491157,23,2,0.0
1554,94.4840040465097,22,3,0.0
1555,95.01532003555975,22,3,0.0
1556,84.37616750913489,21,4,0.0
1557,53.96981678813445,18,7,0.0
1558,84.07824165368511,21,4,0.0
1559,104.42450617955089,23,2,0.0
1560,84.57402135605346,21,4,0.0
1561,94.66825678762886,22,3,0.0
1562,83.66545408678252,21,4,0.0
1563,104.58243516464289,23,2,0.0
1564,104.72292792402332,23,2,0.0
1565,104.5103695547195,23,2,0.0
1566,104.74150362880268,23,2,0.0
1567,94.02456260216432,22,3,0.0
1568,94.13500379281982,22,3,0.0
1569,74.33305906083064,20,5,0.0
1570,85.14447907320361,21,4,0.0
1571,85.06905123734064,21,4,0.0
1572,94.84473042702162,22,3,0.0
1573,105.72696725535954,23,2,0.0
1574,94.32845762365383,22,3,0.0
1575,83.89303262450662,21,4,0.0
1576,95.19850418710301,22,3,0.0
1577,74.31785193379429,20,5,0.0
1578,83.71730415830582,21,4,0.0
1579,103.97045997288696,23,2,0.0
1580,103.94755417349305,23,2,0.0
1581,94.53536288603085,22,3,0.0
1582,94.64123209069417,22,3,0.0
1583,94.38938817953533,22,3,0.0
1584,74.50378462348075,20,5,0.0
1585,74.55580368362706,20,5,0.0
1586,83.86738296165935,21,4,0.0
1587,94.59446445140493,22,3,0.0
1588,104.42640453540743,23,2,0.0
1589,84.27276959322525,21,4,0.0
1590,103.75011303491527,23,2,0.0
1591,95.24271189955101,22,3,0.0
1592,74.65989167197978,20,5,0.0
1593,74.08803518772103,20,5,0.0
1594,84.60632519963666,21,4,0.0
1595,94.3963567928453,22,3,0.0
1596,74.78440009955659,20,5,0.0
1597,83.75352928314534,21,4,0.0
1598,95.16233984866295,22,3,0.0
1599,84.17981871806991,21,4,0.0
1600,94.24064445693624,22,3,0.0
1601,73.90581037141033,20,5,0.0
1602,104.71919935766329,23,2,0.0
1603,84.91375845450052,21,4,0.0
1604,84.04064796555888,21,4,0.0
1605,94.97245476881831,22,3,0.0
1606,93.39175283238772,22,3,0.0
1607,94.72917433789642,22,3,0.0
1608,94.41496526363689,22,3,0.0
1609,95.37662881262318,22,3,0.0
1610,93.99735516435877,22,3,0.0
1611,63.91246433561673,19,6,0.0
1612,93.9988204943821,22,3,0.0
1613,74.24003063395145,20,5,0.0
1614,83.92253102837535,21,4,0.0
1615,73.7241402567761,20,5,0.0
1616,94.59943032008552,22,3,0.0
1617,83.89158036940866,21,4,0.0
1618,93.27996989698056,22,3,0.0
1619,94.11660489708906,22,3,0.0
1620,83.907429532375,21,4,0.0
1621,74.48735044248839,20,5,0.0
1622,83.79228330334851,21,4,0.0
1623,84.12414830674453,21,4,0.0
1624,85.18034153090797,21,4,0.0
1625,94.82419344762215,22,3,0.0
1626,74.65214955763952,20,5,0.0
1627,84.38843037316983,21,4,0.0
1628,84.03558719803299,21,4,0.0
1629,94.86100932104155,22,3,0.0
1630,94.10280349134901,22,3,0.0
1631,95.08058022733857,22,3,0.0
1632,83.75529989010285,21,4,0.0
1633,93.95464132876124,22,3,0.0
1634,103.9090587302218,23,2,0.0
1635,83.94299113122263,21,4,0.0
1636,63.5813470335187,19,6,0.0
1637,94.68370983091954,22,3,0.0
1638,84.33419329917757,21,4,0.0
1639,95.08052035209458,22,3,0.0
1640,103.58271773857598,23,2,0.0
1641,94.01320025051398,22,3,0.0
1642,83.66414245071964,21,4,0.0
1643,83.86800984268557,21,4,0.0
1644,95.08730477230964,22,3,0.0
1645,64.56509794856285,19,6,0.0
1646,84.2923197266088,21,4,0.0
1647,93.28180075618889,22,3,0.0
1648,83.79577305643926,21,4,0.0
1649,83.14205286953472,21,4,0.0
1650,84.90778577132626,21,4,0.0
1651,94.87927262547399,22,3,0.0
1652,84.23310892962714,21,4,0.0
1653,103.86758049735538,23,2,0.0
1654,83.84817432748854,21,4,0.0
1655,94.08838314406755,22,3,0.0
1656,83.87965668313535,21,4,0.0
1657,83.54328794304399,21,4,0.0
1658,104.03884825891049,23,2,0.0
1659,95.20667690074073,22,3,0.0
1660,93.66681384727872,22,3,0.0
1661,85.48567205116206,21,4,0.0
1662,94.41852726668876,22,3,0.0
1663,94.50076333300252,22,3,0.0
1664,94.78422413211914,22,3,0.0
1665,103.700198752319,23,2,0.0
1666,84.76925499379175,21,4,0.0
1667,84.90194755745783,21,4,0.0
1668,84.45564946819326,21,4,0.0
1669,94.08873338447718,22,3,0.0
1670,83.90758896363653,21,4,0.0
1671,84.80652650906816,21,4,0.0
1672,63.489613800655,19,6,0.0
1673,94.4069119801753,22,3,0.0
1674,82.28257408145457,21,4,0.0
1675,94.07599219489627,22,3,0.0
1676,84.1620397503579,21,4,0.0
1677,73.82806733927569,20,5,0.0
1678,74.87680899192576,20,5,0.0
1679,92.55575426113673,22,3,0.0
1680,83.49751723747575,21,4,0.0
1681,84.75520481568351,21,4,0.0
1682,72.55882420663514,20,5,0.0
1683,115.02254926862796,24,1,0.0
1684,93.85026021305735,22,3,0.0
1685,103.2850916807191,23,2,0.0
1686,94.63489109960463,22,3,0.0
1687,83.23706864973981,21,4,0.0
1688,95.20034629335633,22,3,0.0
1689,95.46801298793748,22,3,0.0
1690,104.02396192321679,23,2,0.0
1691,95.0787153938956,22,3,0.0
1692,83.3896036107835,21,4,0.0
1693,83.99305743981932,21,4,0.0
1694,103.75280764954555,23,2,0.0
1695,84.02490473183374,21,4,0.0
1696,73.9189193933378,20,5,0.0
1697,93.61080562199253,22,3,0.0
1698,84.88534473745474,21,4,0.0
1699,94.18433884525143,22,3,0.0
1700,83.67815291878246,21,4,0.0
1701,84.82681623246593,21,4,0.0
1702,104.33632031008365,23,2,0.0
1703,94.56239477153622,22,3,0.0
1704,94.23698347242136,22,3,0.0
1705,83.94968235331112,21,4,0.0
1706,83.87804089200529,21,4,0.0
1707,94.92049320706992,22,3,0.0
1708,84.15715117760759,21,4,0.0
1709,94.97019556209034,22,3,0.0
1710,102.76024633378125,23,2,0.0
1711,85.43347731791044,21,4,0.0
1712,84.55685810365615,21,4,0.0
1713,104.93107092772172,23,2,0.0
1714,104.66150224593659,23,2,0.0
1715,105.02097804774203,23,2,0.0
1716,104.6282582225276,23,2,0.0
1717,104.37613096605935,23,2,0.0
1718,104.76500938273821,23,2,0.0
1719,93.97648124727806,22,3,0.0
1720,95.27175900713738,22,3,0.0
1721,103.82452896625678,23,2,0.0
1722,103.9413013624182,23,2,0.0
1723,105.13540963244535,23,2,0.0
1724,95.51178431127452,22,3,0.0
1725,85.4470301507282,21,4,0.0
1726,103.27369561668912,23,2,0.0
1727,94.91858564448366,22,3,0.0
1728,85.15603288984916,21,4,0.0
1729,95.08000667859872,22,3,0.0
1730,95.27838567525419,22,3,0.0
1731,104.48209365671124,23,2,0.0
1732,93.35939237388905,22,3,0.0
1733,92.88615976549876,22,3,0.0
1734,104.80212084084049,23,2,0.0
1735,94.88037798074569,22,3,0.0
1736,94.91368891977312,22,3,0.0
1737,104.59947306035973,23,2,0.0
1738,104.9334662550393,23,2,0.0
1739,94.72649824221128,22,3,0.0
1740,94.39626874517772,22,3,0.0
1741,103.22636826598787,23,2,0.0
1742,94.60458125782458,22,3,0.0
1743,104.26115041676563,23,2,0.0
1744,104.14438142058168,23,2,0.0
1745,93.48996120284856,22,3,0.0
1746,84.10500093036038,21,4,0.0
1747,85.2603478705681,21,4,0.0
1748,104.46379138872405,23,2,0.0
1749,95.45484236878414,22,3,0.0
1750,104.77216385917112,23,2,0.0
1751,103.13260004545134,23,2,0.0
1752,84.83234904781791,21,4,0.0
1753,104.87683759527408,23,2,0.0
1754,84.5342246930787,21,4,0.0
1755,104.18718664331713,23,2,0.0
1756,93.79487076357118,22,3,0.0
1757,104.93817509130626,23,2,0.0
1758,93.59216659842221,22,3,0.0
1759,94.56352820817817,22,3,0.0
1760,103.26176138653987,23,2,0.0
1761,103.8126385049143,23,2,0.0
1762,84.07662925644816,21,4,0.0
1763,84.40844619155146,21,4,0.0
1764,104.20464103897987,23,2,0.0
1765,84.0928537299741,21,4,0.0
1766,104.62844907017507,23,2,0.0
1767,105.39529246784045,23,2,0.0
1768,104.65488299985543,23,2,0.0
1769,94.73513320140803,22,3,0.0
1770,94.54889985694716,22,3,0.0
1771,85.58557023688464,21,4,0.0
1772,94.35215547450764,22,3,0.0
1773,104.93120582577274,23,2,0.0
1774,84.54954586730675,21,4,0.0
1775,103.64392447993205,23,2,0.0
1776,84.55719355915407,21,4,0.0
1777,75.22613611717436,20,5,0.0
1778,103.79279124202235,23,2,0.0
1779,104.0737189487282,23,2,0.0
1780,93.67770877102681,22,3,0.0
1781,93.59244537169779,22,3,0.0
1782,102.78444425072402,23,2,0.0
1783,104.30088100870722,23,2,0.0
1784,93.74054431987352,22,3,0.0
1785,102.84807488181544,23,2,0.0
1786,94.56007645068888,22,3,0.0
1787,93.20009622256087,22,3,0.0
1788,85.02358359949908,21,4,0.0
1789,104.10096857294656,23,2,0.0
1790,94.00044322136964,22,3,0.0
1791,94.79089413220188,22,3,0.0
1792,93.54852229936235,22,3,0.0
1793,93.60784553183622,22,3,0.0
1794,94.53939231715671,22,3,0.0
1795,94.46366415464249,22,3,0.0
1796,84.8262317706148,21,4,0.0
1797,94.00160157914915,22,3,0.0
1798,104.91179741769776,23,2,0.0
1799,95.15102400967803,22,3,0.0
1800,75.1175992091513,20,5,0.0
1801,104.30878043644108,23,2,0.0
1802,84.95267036881982,21,4,0.0
1803,95.50459582829343,22,3,0.0
1804,95.15148142729919,22,3,0.0
1805,84.08137942604593,21,4,0.0
1806,75.63442823001851,20,5,0.0
1807,105.14654309601438,23,2,0.0
1808,84.63221198413505,21,4,0.0
1809,95.41254127292258,22,3,0.0
1810,84.78063808461756,21,4,0.0
1811,85.55920652097595,21,4,0.0
1812,94.707390588757,22,3,0.0
1813,83.50729176348914,21,4,0.0
1814,84.40993872278823,21,4,0.0
1815,95.22599897499627,22,3,0.0
1816,75.22422234130609,20,5,0.0
1817,104.33624343061797,23,2,0.0
1818,94.66580562546082,22,3,0.0
1819,94.93190102776359,22,3,0.0
1820,93.99744636351909,22,3,0.0
1821,73.82982225078086,20,5,0.0
1822,93.9246456216286,22,3,0.0
1823,84.25426220978237,21,4,0.0
1824,84.2945491484485,21,4,0.0
1825,75.19543125092326,20,5,0.0
1826,95.23650268549625,22,3,0.0
1827,74.53128211995855,20,5,0.0
1828,94.9802215887238,22,3,0.0
1829,94.6490630071148,22,3,0.0
1830,85.33549613374923,21,4,0.0
1831,85.26532331830042,21,4,0.0
1832,85.10387564482743,21,4,0.0
1833,94.70859078524623,22,3,0.0
1834,94.6845172597651,22,3,0.0
1835,95.16337305445995,22,3,0.0
1836,94.91252336969954,22,3,0.0
1837,84.50887465107995,21,4,0.0
1838,104.40390953055794,23,2,0.0
1839,104.10698437479314,23,2,0.0
1840,105.09956184893096,23,2,0.0
1841,95.79468326348938,22,3,0.0
1842,94.81628755953938,22,3,0.0
1843,104.35484342748714,23,2,0.0
1844,84.15659463072902,21,4,0.0
1845,94.84100430380572,22,3,0.0
1846,93.91214441610123,22,3,0.0
1847,93.9180191764955,22,3,0.0
1848,94.05503840595675,22,3,0.0
1849,94.2382502665712,22,3,0.0
1850,94.01612859013918,22,3,0.0
1851,93.88484474273946,22,3,0.0
1852,93.93231890645832,22,3,0.0
1853,103.64486866433519,23,2,0.0
1854,94.0255575851669,22,3,0.0
1855,95.19691143170871,22,3,0.0
1856,103.5172141906723,23,2,0.0
1857,85.08357213866468,21,4,0.0
1858,104.75503530965884,23,2,0.0
1859,85.21904018618729,21,4,0.0
1860,103.9118201584603,23,2,0.0
1861,95.59875335746123,22,3,0.0
1862,93.89144857242314,22,3,0.0
1863,74.33222065739221,20,5,0.0
1864,94.16825282641695,22,3,0.0
1865,85.32898601159995,21,4,0.0
1866,94.89346116519492,22,3,0.0
1867,94.24610822464506,22,3,0.0
1868,94.0652408111917,22,3,0.0
1869,84.0667365173424,21,4,0.0
1870,93.50753668215262,22,3,0.0
1871,105.65360333931429,23,2,0.0
1872,95.24392022550357,22,3,0.0
1873,93.3777584468859,22,3,0.0
1874,83.50119409325482,21,4,0.0
1875,95.01293083702681,22,3,0.0
1876,85.09989938881236,21,4,0.0
1877,104.32034684625361,23,2,0.0
1878,85.68773519440415,21,4,0.0
1879,83.20850775964254,21,4,0.0
1880,93.1395516189767,22,3,0.0
1881,94.16514876176271,22,3,0.0
1882,75.10674736954394,20,5,0.0
1883,84.81398411047431,21,4,0.0
1884,104.47168253415401,23,2,0.0
1885,93.9444002673622,22,3,0.0
1886,94.25045268840236,22,3,0.0
1887,85.02076444886647,21,4,0.0
1888,94.79831458733108,22,3,0.0
1889,105.09700920947743,23,2,0.0
1890,105.00889022757048,23,2,0.0
1891,105.0828964907689,23,2,0.0
1892,84.59805157848403,21,4,0.0
1893,94.73688986883273,22,3,0.0
1894,84.33578236041046,21,4,0.0
1895,75.36822982999723,20,5,0.0
1896,94.36276347540304,22,3,0.0
1897,95.29512659296549,22,3,0.0
1898,105.71716329538404,23,2,0.0
1899,94.74946761314953,22,3,0.0
1900,85.13839691095868,21,4,0.0
1901,104.38369536461339,23,2,0.0
1902,93.6817368415746,22,3,0.0
1903,104.53767653933456,23,2,0.0
1904,83.67063636312375,21,4,0.0
1905,94.65174002735998,22,3,0.0
1906,84.60289022893186,21,4,0.0
1907,94.3222612518031,22,3,0.0
1908,94.59884571407973,22,3,0.0
1909,84.67496706504544,21,4,0.0
1910,94.20723439491759,22,3,0.0
1911,84.54773211456728,21,4,0.0
1912,74.25080334169623,20,5,0.0
1913,74.92967636688147,20,5,0.0
1914,84.56468708011788,21,4,0.0
1915,74.61876764655436,20,5,0.0
1916,95.29625128789681,22,3,0.0
1917,74.79432873736421,20,5,0.0
1918,83.21157056363583,21,4,0.0
1919,95.10219983836957,22,3,0.0
1920,84.9340180091635,21,4,0.0
1921,95.12104590486254,22,3,0.0
1922,85.53129230872625,21,4,0.0
1923,94.81314833785407,22,3,0.0
1924,84.4485225848303,21,4,0.0
1925,94.76800940813312,22,3,0.0
1926,95.08303565589475,22,3,0.0
1927,84.4898930706719,21,4,0.0
1928,85.09797258201525,21,4,0.0
1929,84.9042536378219,21,4,0.0
1930,105.64816997843121,23,2,0.0
1931,84.532144140528,21,4,0.0
1932,75.21978160576977,20,5,0.0
1933,75.46080825372248,20,5,0.0
1934,85.55626909654492,21,4,0.0
1935,84.2672483742055,21,4,0.0
1936,74.26057257852104,20,5,0.0
1937,83.90303277760952,21,4,0.0
1938,95.2756510860767,22,3,0.0
1939,84.77276277452104,21,4,0.0
1940,94.99832650470384,22,3,0.0
1941,94.76945990979699,22,3,0.0
1942,84.4379431273915,21,4,0.0
1943,93.85335607143602,22,3,0.0
1944,85.08746561781255,21,4,0.0
1945,95.38911566905537,22,3,0.0
1946,95.10499546539543,22,3,0.0
1947,86.2401196291074,21,4,0.0
1948,94.9238469383048,22,3,0.0
1949,85.02199394015817,21,4,0.0
1950,85.59261827748762,21,4,0.0
1951,95.14734577450146,22,3,0.0
1952,75.77514083008525,20,5,0.0
1953,95.11952615110458,22,3,0.0
1954,94.79050243114386,22,3,0.0
1955,74.35303578013702,20,5,0.0
1956,85.2195132805326,21,4,0.0
1957,95.58805366194935,22,3,0.0
1958,85.69495380694971,21,4,0.0
1959,85.63674759549289,21,4,0.0
1960,75.04918866563992,20,5,0.0
1961,84.62241673666335,21,4,0.0
1962,75.52548375753264,20,5,0.0
1963,75.15962389876675,20,5,0.0
1964,74.78855816215254,20,5,0.0
1965,65.64097217562123,19,6,0.0
1966,74.57265977367322,20,5,0.0
1967,95.69912972321109,22,3,0.0
1968,74.54860133447997,20,5,0.0
1969,84.68374733555892,21,4,0.0
1970,94.78881152698924,22,3,0.0
1971,85.64319252882918,21,4,0.0
1972,95.55806886553083,22,3,0.0
1973,66.83326013750941,19,6,0.0
1974,95.04815427337299,22,3,0.0
1975,75.01154783181288,20,5,0.0
1976,74.11774905635419,20,5,0.0
1977,95.0777261012115,22,3,0.0
1978,84.85784352884151,21,4,0.0
1979,75.65684351736755,20,5,0.0
1980,95.16871639949639,22,3,0.0
1981,84.97971067744275,21,4,0.0
1982,84.56448121187304,21,4,0.0
1983,75.77161928245718,20,5,0.0
1984,74.94953276009598,20,5,0.0
1985,94.25977125421214,22,3,0.0
1986,84.71246377508058,21,4,0.0
1987,85.0940750752389,21,4,0.0
1988,84.45915122278144,21,4,0.0
1989,75.39467905933027,20,5,0.0
1990,84.53779036517766,21,4,0.0
1991,74.47752575820533,20,5,0.0
1992,84.81087823208793,21,4,0.0
1993,94.98455971273569,22,3,0.0
1994,94.67374686005311,22,3,0.0
1995,85.51216497751666,21,4,0.0
1996,75.17392323656921,20,5,0.0
1997,84.38360908772341,21,4,0.0
1998,84.9740737020984,21,4,0.0
1999,75.58936641317537,20,5,0.0
2000,105.25195866990242,23,2,0.0
2001,94.24676073643803,22,3,0.0
2002,75.1336495917534,20,5,0.0
2003,105.51060726999208,23,2,0.0
2004,85.69196160327328,21,4,0.0
2005,85.29705183972523,21,4,0.0
2006,84.04337596103842,21,4,0.0
2007,85.21046159311014,21,4,0.0
2008,95.24912441454465,22,3,0.0
2009,95.09140305919209,22,3,0.0
2010,74.45325113926073,20,5,0.0
2011,85.21034856025388,21,4,0.0
2012,86.01907529269148,21,4,0.0
2013,95.29678447604421,22,3,0.0
2014,85.98020045812004,21,4,0.0
2015,85.79163512879056,21,4,0.0
2016,95.19249879494528,22,3,0.0
2017,84.55033429563846,21,4,0.0
2018,105.3161938271496,23,2,0.0
2019,96.09653651418131,22,3,0.0
2020,95.79201086462818,22,3,0.0
2021,85.17021775511081,21,4,0.0
2022,85.43328743148578,21,4,0.0
2023,85.317393234348,21,4,0.0
2024,95.6055229384859,22,3,0.0
2025,95.68400815563116,22,3,0.0
2026,75.02565575710334,20,5,0.0
2027,85.30745222649212,21,4,0.0
2028,95.44294961638984,22,3,0.0
2029,85.83277496026773,21,4,0.0
2030,94.95623754005464,22,3,0.0
2031,94.37721509971317,22,3,0.0
2032,95.45638477422776,22,3,0.0
2033,85.26747278882091,21,4,0.0
2034,85.99344758083681,21,4,0.0
2035,95.82448507276264,22,3,0.0
2036,95.01354784288824,22,3,0.0
2037,95.01489998039654,22,3,0.0
2038,74.8827046496214,20,5,0.0
2039,105.45898873108393,23,2,0.0
2040,85.53410621022556,21,4,0.0
2041,95.52152175262566,22,3,0.0
2042,84.88542062772967,21,4,0.0
2043,85.44855614085483,21,4,0.0
2044,96.11221156733089,22,3,0.0
2045,75.49097631130691,20,5,0.0
2046,75.60974329600846,20,5,0.0
2047,95.13422677944047,22,3,0.0
2048,85.19506687844442,21,4,0.0
2049,75.54998850203229,20,5,0.0
2050,85.6410153179834,21,4,0.0
2051,85.41868109398119,21,4,0.0
2052,84.50827130556753,21,4,0.0
2053,95.5163293435476,22,3,0.0
2054,95.77095979302035,22,3,0.0
2055,84.75102502835016,21,4,0.0
2056,74.97829355746205,20,5,0.0
2057,65.3241273711012,19,6,0.0
2058,84.93067248861585,21,4,0.0
2059,64.94657757660897,19,6,0.0
2060,85.45406218629103,21,4,0.0
2061,85.28319846547546,21,4,0.0
2062,84.43893683622039,21,4,0.0
2063,84.38768797588321,21,4,0.0
2064,75.18527466863777,20,5,0.0
2065,75.66035371031622,20,5,0.0
2066,95.63415745005284,22,3,0.0
2067,93.95860186795747,22,3,0.0
2068,65.64996014687411,19,6,0.0
2069,95.35585576465733,22,3,0.0
2070,65.3561888639753,19,6,0.0
2071,75.25282708095702,20,5,0.0
2072,75.03077842846166,20,5,0.0
2073,95.53059665335742,22,3,0.0
2074,85.6321089797838,21,4,0.0
2075,65.04168949830131,19,6,0.0
2076,95.02733453068596,22,3,0.0
2077,85.34053806236103,21,4,0.0
2078,74.78308609123434,20,5,0.0
2079,96.10988081637858,22,3,0.0
2080,84.66388635501721,21,4,0.0
2081,96.28953433023375,22,3,0.0
2082,85.74068806258238,21,4,0.0
2083,84.7221403458106,21,4,0.0
2084,105.46415930636896,23,2,0.0
2085,95.544695784857,22,3,0.0
2086,103.50506751310284,23,2,0.0
2087,85.71895914061939,21,4,0.0
2088,84.5704961350642,21,4,0.0
2089,93.67568433882191,22,3,0.0
2090,84.8466200291187,21,4,0.0
2091,94.31145596758803,22,3,0.0
2092,105.04909748010327,23,2,0.0
2093,74.76612934902151,20,5,0.0
2094,84.81916235319599,21,4,0.0
2095,85.16636040955936,21,4,0.0
2096,75.3246768037592,20,5,0.0
2097,75.11177564409292,20,5,0.0
2098,105.89368051980362,23,2,0.0
2099,95.14522277265077,22,3,0.0
2100,86.47240170073093,21,4,0.0
2101,94.88980862600663,22,3,0.0
2102,86.01639407148525,21,4,0.0
2103,86.06704826511735,21,4,0.0
2104,86.00439344128519,21,4,0.0
2105,85.89769802137504,21,4,0.0
2106,75.26167342334135,20,5,0.0
2107,75.92378532157059,20,5,0.0
2108,84.60958639441951,21,4,0.0
2109,55.97067931251055,18,7,0.0
2110,85.13666728354677,21,4,0.0
2111,85.73006691421241,21,4,0.0
2112,65.02023042600686,19,6,0.0
2113,85.88619781406625,21,4,0.0
2114,86.08207022716809,21,4,0.0
2115,85.9230318311646,21,4,0.0
2116,85.80678647385096,21,4,0.0
2117,95.40567911005947,22,3,0.0
2118,76.0066788842086,20,5,0.0
2119,95.73236700091182,22,3,0.0
2120,86.13558744965883,21,4,0.0
2121,86.13704640804757,21,4,0.0
2122,84.55872055770739,21,4,0.0
2123,94.74401285958372,22,3,0.0
2124,75.46686614155126,20,5,0.0
2125,86.22354017492451,21,4,0.0
2126,54.89492745189221,18,7,0.0
2127,85.91778629175242,21,4,0.0
2128,65.9232667708079,19,6,0.0
2129,85.67716829996249,21,4,0.0
2130,74.9639477246712,20,5,0.0
2131,94.79488660970217,22,3,0.0
2132,75.41810199135928,20,5,0.0
2133,75.32128315269864,20,5,0.0
2134,105.8831539997207,23,2,0.0
2135,74.3265633675182,20,5,0.0
2136,76.085380017051,20,5,0.0
2137,95.72998284240333,22,3,0.0
2138,86.01269630931745,21,4,0.0
2139,85.33185790363454,21,4,0.0
2140,85.49474745939177,21,4,0.0
2141,54.33411682618135,18,7,0.0
2142,95.8335008062016,22,3,0.0
2143,85.00254725272059,21,4,0.0
2144,85.18192068930246,21,4,0.0
2145,75.65300089265808,20,5,0.0
2146,86.1656420518445,21,4,0.0
2147,85.19002626981279,21,4,0.0
2148,55.42517987706759,18,7,0.0
2149,75.90121089742333,20,5,0.0
2150,84.84609277874124,21,4,0.0
2151,66.21850924670878,19,6,0.0
2152,95.27157300664408,22,3,0.0
2153,74.58533659052011,20,5,0.0
2154,105.22942256880188,23,2,0.0
2155,74.52650966609184,20,5,0.0
2156,75.27136509174578,20,5,0.0
2157,75.98970541401336,20,5,0.0
2158,85.70001425508772,21,4,0.0
2159,85.82155295166308,21,4,0.0
2160,75.24449351200344,20,5,0.0
2161,55.55547202873534,18,7,0.0
2162,86.38026364664998,21,4,0.0
2163,65.46909203804917,19,6,0.0
2164,94.31302541002125,22,3,0.0
2165,75.59110594570632,20,5,0.0
2166,75.56042964228854,20,5,0.0
2167,86.19526053013955,21,4,0.0
2168,74.99467873716442,20,5,0.0
2169,96.1729469887231,22,3,0.0
2170,55.70886902062927,18,7,0.0
2171,64.19631801354295,19,6,0.0
2172,85.47600225642826,21,4,0.0
2173,95.84850260874909,22,3,0.0
2174,75.67081231072545,20,5,0.0
2175,65.6612270339611,19,6,0.0
2176,75.60639500456617,20,5,0.0
2177,54.897788467461496,18,7,0.0
2178,95.39360763013104,22,3,0.0
2179,74.94251883849805,20,5,0.0
2180,75.4930445162791,20,5,0.0
2181,95.40771073762468,22,3,0.0
2182,66.09418814088069,19,6,0.0
2183,84.54170977188184,21,4,0.0
2184,84.57945192652507,21,4,0.0
2185,74.63902829768853,20,5,0.0
2186,65.5663473281885,19,6,0.0
2187,75.5791774624955,20,5,0.0
2188,85.41156108145297,21,4,0.0
2189,85.73784479715346,21,4,0.0
2190,94.610878673662,22,3,0.0
2191,65.39427152406031,19,6,0.0
2192,65.03765949904445,19,6,0.0
2193,74.9273107118038,20,5,0.0
2194,85.1692782980543,21,4,0.0
2195,95.72904989179757,22,3,0.0
2196,85.70032314907685,21,4,0.0
2197,94.81286588483279,22,3,0.0
2198,93.93012807893648,22,3,0.0
2199,95.02430013167603,22,3,0.0
2200,65.36255068288662,19,6,0.0
2201,75.73677472144985,20,5,0.0
2202,65.60766160112458,19,6,0.0
2203,75.9863378201155,20,5,0.0
2204,75.95223635744999,20,5,0.0
2205,65.83427467040025,19,6,0.0
2206,75.05983773437735,20,5,0.0
2207,94.7216390128893,22,3,0.0
2208,75.88075888861705,20,5,0.0
2209,85.43836233836701,21,4,0.0
2210,75.5748699995049,20,5,0.0
2211,85.33218653233386,21,4,0.0
2212,85.28126317945112,21,4,0.0
2213,96.18148880430012,22,3,0.0
2214,95.54086141029771,22,3,0.0
2215,84.78319759619873,21,4,0.0
2216,96.0228217760864,22,3,0.0
2217,85.08051150658656,21,4,0.0
2218,85.28487744065002,21,4,0.0
2219,75.90269593053027,20,5,0.0
2220,75.30008039372275,20,5,0.0
2221,76.13169997933346,20,5,0.0
2222,84.84972991100034,21,4,0.0
2223,105.19670071371641,23,2,0.0
2224,84.85138373710811,21,4,0.0
2225,75.8278225994043,20,5,0.0
2226,74.41116698168595,20,5,0.0
2227,75.37797323368147,20,5,0.0
2228,85.97483896902676,21,4,0.0
2229,86.0188099123674,21,4,0.0
2230,84.89217795624701,21,4,0.0
2231,85.86087931349664,21,4,0.0
2232,65.5393327905354,19,6,0.0
2233,105.25123418301294,23,2,0.0
2234,75.09657733672222,20,5,0.0
2235,75.67209096255482,20,5,0.0
2236,75.56475461563889,20,5,0.0
2237,95.80474395346063,22,3,0.0
2238,95.04390951809398,22,3,0.0
2239,75.49063902348475,20,5,0.0
2240,85.14015086017785,21,4,0.0
2241,56.18192915404484,18,7,0.0
2242,95.46099933837395,22,3,0.0
2243,76.00207106917479,20,5,0.0
2244,85.08367071344657,21,4,0.0
2245,75.44999180665032,20,5,0.0
2246,84.98151267782404,21,4,0.0
2247,94.82055319864122,22,3,0.0
2248,95.14605591054385,22,3,0.0
2249,94.20951691661045,22,3,0.0
2250,84.59561709387869,21,4,0.0
2251,83.8788064740826,21,4,0.0
2252,94.79372696749148,22,3,0.0
2253,95.32906925667793,22,3,0.0
2254,94.74695490634977,22,3,0.0
2255,106.0830873285462,23,2,0.0
2256,104.3679788712227,23,2,0.0
2257,94.78063800977539,22,3,0.0
2258,95.4918802711807,22,3,0.0
2259,95.6860051631275,22,3,0.0
2260,95.96066991913682,22,3,0.0
2261,104.29171760302651,23,2,0.0
2262,85.61348355083659,21,4,0.0
2263,95.81385456282328,22,3,0.0
2264,96.30001088666837,22,3,0.0
2265,84.8457901251474,21,4,0.0
2266,85.12408402681729,21,4,0.0
2267,104.83509609873758,23,2,0.0
2268,95.3486608757841,22,3,0.0
2269,84.54228942273889,21,4,0.0
2270,85.5556549300308,21,4,0.0
2271,85.95491926991374,21,4,0.0
2272,75.4784945276853,20,5,0.0
2273,104.72692918232293,23,2,0.0
2274,75.7622196919808,20,5,0.0
2275,95.22055014605886,22,3,0.0
2276,105.97668361224002,23,2,0.0
2277,85.5589394832241,21,4,0.0
2278,105.01147241973392,23,2,0.0
2279,95.18604389301845,22,3,0.0
2280,94.60312001006606,22,3,0.0
2281,94.81420589153457,22,3,0.0
2282,95.56635850968766,22,3,0.0
2283,84.624955184625,21,4,0.0
2284,94.8009054682702,22,3,0.0
2285,104.69935590217348,23,2,0.0
2286,94.91856851602293,22,3,0.0
2287,104.87386469074272,23,2,0.0
2288,85.13721491112554,21,4,0.0
2289,94.94022158190742,22,3,0.0
2290,95.6216673733015,22,3,0.0
2291,94.975203289511,22,3,0.0
2292,105.39544049933698,23,2,0.0
2293,105.02272017081118,23,2,0.0
2294,104.99501725813414,23,2,0.0
2295,105.35154450601792,23,2,0.0
2296,85.286603035804,21,4,0.0
2297,95.1913813255916,22,3,0.0
2298,85.52069376871995,21,4,0.0
2299,104.6906135819971,23,2,0.0
2300,95.13490982277129,22,3,0.0
2301,85.89667108282319,21,4,0.0
2302,95.79345632980534,22,3,0.0
2303,104.55537631498359,23,2,0.0
2304,104.66183820264106,23,2,0.0
2305,105.46561936549043,23,2,0.0
2306,105.78492735753346,23,2,0.0
2307,95.51710452972826,22,3,0.0
2308,85.33258840559834,21,4,0.0
2309,75.68855963399555,20,5,0.0
2310,95.405737700007,22,3,0.0
2311,105.38632802613293,23,2,0.0
2312,95.22287403448765,22,3,0.0
2313,105.31923006008849,23,2,0.0
2314,75.85111654601535,20,5,0.0
2315,105.98172948681375,23,2,0.0
2316,95.79729876260605,22,3,0.0
2317,95.73553457158278,22,3,0.0
2318,95.43509774636028,22,3,0.0
2319,95.23014180895842,22,3,0.0
2320,85.73056818987729,21,4,0.0
2321,106.00044071137751,23,2,0.0
2322,105.6216870602832,23,2,0.0
2323,105.11974484831781,23,2,0.0
2324,74.71976205219129,20,5,0.0
2325,75.20522653762792,20,5,0.0
2326,85.1883306391552,21,4,0.0
2327,94.69046991521991,22,3,0.0
2328,84.71700496722494,21,4,0.0
2329,85.35251677610168,21,4,0.0
2330,74.95980426029756,20,5,0.0
2331,104.90923321894243,23,2,0.0
2332,95.6157972544543,22,3,0.0
2333,103.91993922373828,23,2,0.0
2334,95.31385769227204,22,3,0.0
2335,95.37296337061976,22,3,0.0
2336,104.61928439784401,23,2,0.0
2337,104.9692428851963,23,2,0.0
2338,84.48165148144693,21,4,0.0
2339,84.36267409857324,21,4,0.0
2340,84.99500005119351,21,4,0.0
2341,85.34422345677082,21,4,0.0
2342,94.52805538185672,22,3,0.0
2343,95.6609314611158,22,3,0.0
2344,95.91040549561008,22,3,0.0
2345,104.83204868371882,23,2,0.0
2346,84.93774653693237,21,4,0.0
2347,95.68726156211949,22,3,0.0
2348,95.25192891128894,22,3,0.0
2349,95.59237882579372,22,3,0.0
2350,85.10584896271799,21,4,0.0
2351,95.78295127336577,22,3,0.0
2352,95.57312753004322,22,3,0.0
2353,85.06850929215717,21,4,0.0
2354,84.57465189776907,21,4,0.0
2355,64.64594384540071,19,6,0.0
2356,95.0661135886459,22,3,0.0
2357,85.40575564866748,21,4,0.0
2358,85.81492949165118,21,4,0.0
2359,84.16554605815824,21,4,0.0
2360,95.49681919768035,22,3,0.0
2361,95.74824118159614,22,3,0.0
2362,85.73924747673826,21,4,0.0
2363,94.80754788882672,22,3,0.0
2364,95.27934177832145,22,3,0.0
2365,84.64318268572654,21,4,0.0
2366,84.65742884310698,21,4,0.0
2367,74.37564265269992,20,5,0.0
2368,94.40935183684611,22,3,0.0
2369,95.24654539645698,22,3,0.0
2370,94.96821369671488,22,3,0.0
2371,94.65704246506996,22,3,0.0
2372,95.54753867033622,22,3,0.0
2373,65.08282405648235,19,6,0.0
2374,94.36064050636884,22,3,0.0
2375,85.659259892897,21,4,0.0
2376,84.6208945867661,21,4,0.0
2377,84.39922434701315,21,4,0.0
2378,94.6793416472185,22,3,0.0
2379,105.1239719510601,23,2,0.0
2380,105.2743692606932,23,2,0.0
2381,84.51818371045172,21,4,0.0
2382,105.35699023317144,23,2,0.0
2383,85.29609555797732,21,4,0.0
2384,95.07094631698523,22,3,0.0
2385,85.33821122004646,21,4,0.0
2386,95.0323042360799,22,3,0.0
2387,94.74143402541274,22,3,0.0
2388,85.25876382139626,21,4,0.0
2389,85.99378357143488,21,4,0.0
2390,85.23767362187382,21,4,0.0
2391,85.05125017602805,21,4,0.0
2392,85.32512883848571,21,4,0.0
2393,85.32207547821037,21,4,0.0
2394,85.89097470099172,21,4,0.0
2395,84.72492397184152,21,4,0.0
2396,83.97790405046588,21,4,0.0
2397,95.03239895333027,22,3,0.0
2398,84.82320515973537,21,4,0.0
2399,75.51710119158408,20,5,0.0
2400,104.54618446459162,23,2,0.0
2401,84.63138933367937,21,4,0.0
2402,95.23854449090646,22,3,0.0
2403,94.10213923758737,22,3,0.0
2404,94.06665840557072,22,3,0.0
2405,84.6518307983406,21,4,0.0
2406,85.53598370320488,21,4,0.0
2407,95.16180450112661,22,3,0.0
2408,104.44442305251808,23,2,0.0
2409,94.38929803916436,22,3,0.0
2410,85.73973190259917,21,4,0.0
2411,84.9773736060974,21,4,0.0
2412,86.35382630525429,21,4,0.0
2413,94.71986297963528,22,3,0.0
2414,94.7101853997585,22,3,0.0
2415,105.42453967106727,23,2,0.0
2416,84.9700774882704,21,4,0.0
2417,94.57951631952449,22,3,0.0
2418,105.0930636312309,23,2,0.0
2419,104.71193276732663,23,2,0.0
2420,105.85061453106246,23,2,0.0
2421,94.27534693081492,22,3,0.0
2422,85.1152576635808,21,4,0.0
2423,76.0575061383033,20,5,0.0
2424,95.45802148641164,22,3,0.0
2425,84.98643867877688,21,4,0.0
2426,85.08449578937855,21,4,0.0
2427,95.71139248363107,22,3,0.0
2428,76.10929128568,20,5,0.0
2429,95.92623109253977,22,3,0.0
2430,96.36152907334687,22,3,0.0
2431,95.99478057454908,22,3,0.0
2432,95.62997217365609,22,3,0.0
2433,95.64126687258724,22,3,0.0
2434,85.68049130635649,21,4,0.0
2435,85.27887574492658,21,4,0.0
2436,95.54844889208564,22,3,0.0
2437,95.0635003815541,22,3,0.0
2438,95.26390271475478,22,3,0.0
2439,95.41521193885062,22,3,0.0
2440,74.02491518211282,20,5,0.0
2441,96.60766692416921,22,3,0.0
2442,85.17905722759097,21,4,0.0
2443,85.37070601979104,21,4,0.0
2444,95.65791762984398,22,3,0.0
2445,85.6555807700547,21,4,0.0
2446,84.94364961271748,21,4,0.0
2447,85.1853972468099,21,4,0.0
2448,85.82436586169779,21,4,0.0
2449,105.68219187672642,23,2,0.0
2450,95.11623108925403,22,3,0.0
2451,95.58408859880879,22,3,0.0
2452,96.03147348733225,22,3,0.0
2453,105.67490092108302,23,2,0.0
2454,95.19254431854795,22,3,0.0
2455,95.99244499717044,22,3,0.0
2456,95.44235429353328,22,3,0.0
2457,84.51343811019242,21,4,0.0
2458,105.1421333097813,23,2,0.0
2459,95.53429096719762,22,3,0.0
2460,85.29241843443491,21,4,0.0
2461,106.25829911578228,23,2,0.0
2462,75.65140617303886,20,5,0.0
2463,94.97563701441412,22,3,0.0
2464,84.76256471136368,21,4,0.0
2465,95.28872364499884,22,3,0.0
2466,94.62295573620594,22,3,0.0
2467,96.21698140712718,22,3,0.0
2468,95.67667246779052,22,3,0.0
2469,95.17047903746308,22,3,0.0
2470,95.71699972729142,22,3,0.0
2471,95.13068328272374,22,3,0.0
2472,85.28258192104244,21,4,0.0
2473,105.89680650622343,23,2,0.0
2474,94.69243676261118,22,3,0.0
2475,105.35812979670659,23,2,0.0
2476,84.85797005003322,21,4,0.0
2477,96.08786672889133,22,3,0.0
2478,96.0192807601862,22,3,0.0
2479,85.55281514239985,21,4,0.0
2480,75.01807672957277,20,5,0.0
2481,85.40270377980247,21,4,0.0
2482,105.23495207335739,23,2,0.0
2483,95.70476846425173,22,3,0.0
2484,75.4208745970628,20,5,0.0
2485,85.59285530374517,21,4,0.0
2486,75.08793300205839,20,5,0.0
2487,85.38879333476162,21,4,0.0
2488,85.43671962995549,21,4,0.0
2489,84.7920101287053,21,4,0.0
2490,75.74111969732876,20,5,0.0
2491,84.48529861565723,21,4,0.0
2492,75.41054916124641,20,5,0.0
2493,74.88574212709898,20,5,0.0
2494,84.98969231372826,21,4,0.0
2495,85.0512759821327,21,4,0.0
2496,105.23444514105933,23,2,0.0
2497,95.94665051109338,22,3,0.0
2498,74.4637162818418,20,5,0.0
2499,85.32925311078685,21,4,0.0
2500,95.35527377658543,22,3,0.0
2501,85.36088427890085,21,4,0.0
2502,95.54067193440744,22,3,0.0
2503,95.42134801625733,22,3,0.0
2504,95.3341438213358,22,3,0.0
2505,95.29918401570035,22,3,0.0
2506,95.23633145454221,22,3,0.0
2507,105.9144531592329,23,2,0.0
2508,94.70107541660676,22,3,0.0
2509,95.2667613527496,22,3,0.0
2510,94.71985758228058,22,3,0.0
2511,94.6707613851569,22,3,0.0
2512,75.52706510353315,20,5,0.0
2513,95.28695124382266,22,3,0.0
2514,85.3740986781606,21,4,0.0
2515,86.42951226853309,21,4,0.0
2516,104.66258443850433,23,2,0.0
2517,85.5583023666979,21,4,0.0
2518,75.5946193151613,20,5,0.0
2519,95.02315069823317,22,3,0.0
2520,84.711738405765,21,4,0.0
2521,85.783356155769,21,4,0.0
2522,74.9038004468555,20,5,0.0
2523,95.2370988615075,22,3,0.0
2524,85.49444843465838,21,4,0.0
2525,84.51338813160294,21,4,0.0
2526,105.14406532487425,23,2,0.0
2527,84.98012930588791,21,4,0.0
2528,94.9850489178022,22,3,0.0
2529,95.27736214533024,22,3,0.0
2530,85.53526251878147,21,4,0.0
2531,95.55472626335407,22,3,0.0
2532,94.92116349874453,22,3,0.0
2533,84.98776414628668,21,4,0.0
2534,95.92294206211756,22,3,0.0
2535,85.10215155760389,21,4,0.0
2536,94.02812586439278,22,3,0.0
2537,95.1741357421521,22,3,0.0
2538,84.942693513838,21,4,0.0
2539,85.1711189422885,21,4,0.0
2540,94.12381467854145,22,3,0.0
2541,84.94926069836232,21,4,0.0
2542,95.06918551535848,22,3,0.0
2543,94.63920157955585,22,3,0.0
2544,94.19779003331632,22,3,0.0
2545,94.56665609733537,22,3,0.0
2546,75.57991630830975,20,5,0.0
2547,85.17551917273934,21,4,0.0
2548,75.05859647889338,20,5,0.0
2549,84.59764583210485,21,4,0.0
2550,94.88571177913994,22,3,0.0
2551,95.12194762344377,22,3,0.0
2552,75.14655747485166,20,5,0.0
2553,104.0114471860166,23,2,0.0
2554,95.52466144450669,22,3,0.0
2555,85.31307018249632,21,4,0.0
2556,95.23995228468794,22,3,0.0
2557,94.95128184187209,22,3,0.0
2558,85.2366998522224,21,4,0.0
2559,95.15588173621238,22,3,0.0
2560,104.43320908756228,23,2,0.0
2561,85.3186108921617,21,4,0.0
2562,105.45026693686214,23,2,0.0
2563,95.18947993706955,22,3,0.0
2564,95.51442261495504,22,3,0.0
2565,84.72385301503465,21,4,0.0
2566,85.67761398483108,21,4,0.0
2567,85.12044947815123,21,4,0.0
2568,85.08366356936338,21,4,0.0
2569,94.646894648873,22,3,0.0
2570,94.49338651891433,22,3,0.0
2571,84.93309344102077,21,4,0.0
2572,84.5772432346865,21,4,0.0
2573,84.65757909521645,21,4,0.0
2574,84.80098617643704,21,4,0.0
2575,94.7322444613092,22,3,0.0
2576,85.29716780575555,21,4,0.0
2577,85.14644023543899,21,4,0.0
2578,95.58548066264528,22,3,0.0
2579,85.5341259960393,21,4,0.0
2580,84.66205091262071,21,4,0.0
2581,95.48693693133048,22,3,0.0
2582,96.1416362096836,22,3,0.0
2583,94.53925200107273,22,3,0.0
2584,94.99790323177544,22,3,0.0
2585,85.95871649100954,21,4,0.0
2586,95.34162579748006,22,3,0.0
2587,85.43041058719653,21,4,0.0
2588,94.99305642611196,22,3,0.0
2589,94.88065474594613,22,3,0.0
2590,95.08696742316876,22,3,0.0
2591,94.50672034288169,22,3,0.0
2592,85.61936623898606,21,4,0.0
2593,84.98347530350775,21,4,0.0
2594,85.25984768477899,21,4,0.0
2595,85.7749839417627,21,4,0.0
2596,95.28818297003806,22,3,0.0
2597,104.6756748681052,23,2,0.0
2598,94.6331091071406,22,3,0.0
2599,84.44678733639111,21,4,0.0
2600,75.72923063563128,20,5,0.0
2601,105.60255780141135,23,2,0.0
2602,95.86613683484367,22,3,0.0
2603,86.66120230639027,21,4,0.0
2604,94.75357666951972,22,3,0.0
2605,95.03148654095955,22,3,0.0
2606,84.37312518208196,21,4,0.0
2607,85.4263811909643,21,4,0.0
2608,85.55905623981852,21,4,0.0
2609,95.11191232877967,22,3,0.0
2610,95.4339062234231,22,3,0.0
2611,75.32986508367263,20,5,0.0
2612,94.29550860696159,22,3,0.0
2613,95.31597850865744,22,3,0.0
2614,95.04180544322338,22,3,0.0
2615,85.32917357275649,21,4,0.0
2616,95.7577575307512,22,3,0.0
2617,94.39901340006142,22,3,0.0
2618,85.68001752854885,21,4,0.0
2619,95.65392415198842,22,3,0.0
2620,84.70592462498485,21,4,0.0
2621,95.15558114785793,22,3,0.0
2622,75.30895081869907,20,5,0.0
2623,85.21077497596333,21,4,0.0
2624,95.11030840891557,22,3,0.0
2625,85.2639307739877,21,4,0.0
2626,84.89364481902585,21,4,0.0
2627,94.75204486721027,22,3,0.0
2628,84.46981570223679,21,4,0.0
2629,85.28007029202556,21,4,0.0
2630,84.85081528247851,21,4,0.0
2631,104.59823775521713,23,2,0.0
2632,95.77798188402079,22,3,0.0
2633,84.7310929895779,21,4,0.0
2634,84.00714606300764,21,4,0.0
2635,105.2482576018537,23,2,0.0
2636,95.46347689712782,22,3,0.0
2637,94.95836409920017,22,3,0.0
2638,74.31493547149483,20,5,0.0
2639,94.59118377759712,22,3,0.0
2640,75.0865668530752,20,5,0.0
2641,85.3736303078672,21,4,0.0
2642,105.03478582019592,23,2,0.0
2643,84.97100569970195,21,4,0.0
2644,75.75171471758574,20,5,0.0
2645,94.65077426604034,22,3,0.0
2646,84.759868657985,21,4,0.0
2647,94.50958423445164,22,3,0.0
2648,84.22296664301145,21,4,0.0
2649,85.17754255972014,21,4,0.0
2650,84.81859329928754,21,4,0.0
2651,95.32155894206514,22,3,0.0
2652,74.49013768283919,20,5,0.0
2653,84.9730534665336,21,4,0.0
2654,94.55233444161303,22,3,0.0
2655,85.179240390847,21,4,0.0
2656,94.69403928219951,22,3,0.0
2657,84.55460745484277,21,4,0.0
2658,84.28734701990702,21,4,0.0
2659,84.17494772196343,21,4,0.0
2660,84.85696775110628,21,4,0.0
2661,84.3813727281331,21,4,0.0
2662,74.32908858651984,20,5,0.0
2663,75.36912532460303,20,5,0.0
2664,84.87590114877804,21,4,0.0
2665,84.19500011877919,21,4,0.0
2666,94.7493990336614,22,3,0.0
2667,84.15423325456878,21,4,0.0
2668,74.40912793673718,20,5,0.0
2669,73.47726768371419,20,5,0.0
2670,94.46418508291663,22,3,0.0
2671,95.1857196888931,22,3,0.0
2672,85.13202186974425,21,4,0.0
2673,105.26416196599398,23,2,0.0
2674,94.55660493679642,22,3,0.0
2675,93.76864999358068,22,3,0.0
2676,94.93333357913689,22,3,0.0
2677,94.39172179126523,22,3,0.0
2678,95.49310096923226,22,3,0.0
2679,94.36743079037511,22,3,0.0
2680,94.01258934541752,22,3,0.0
2681,84.09856623785916,21,4,0.0
2682,75.16880163984091,20,5,0.0
2683,84.22748604588556,21,4,0.0
2684,94.7506251167084,22,3,0.0
2685,95.38423588200189,22,3,0.0
2686,94.29947002565494,22,3,0.0
2687,85.0146733264066,21,4,0.0
2688,94.69990784596584,22,3,0.0
2689,74.86114602140673,20,5,0.0
2690,74.2253441957317,20,5,0.0
2691,85.59327010309492,21,4,0.0
2692,85.72484826193103,21,4,0.0
2693,75.3222831206156,20,5,0.0
2694,84.9374209804786,21,4,0.0
2695,94.12313752158812,22,3,0.0
2696,94.71028628189796,22,3,0.0
2697,93.72247413882154,22,3,0.0
2698,84.4397646578348,21,4,0.0
2699,94.36145710988828,22,3,0.0
2700,94.64438193999585,22,3,0.0
2701,84.64962360919033,21,4,0.0
2702,84.60885047989854,21,4,0.0
2703,84.0563357025905,21,4,0.0
2704,84.47425464107148,21,4,0.0
2705,84.87655374149382,21,4,0.0
2706,94.75075165184438,22,3,0.0
2707,75.16203651489371,20,5,0.0
2708,94.54907099492216,22,3,0.0
2709,75.2351695426562,20,5,0.0
2710,83.92491222646461,21,4,0.0
2711,94.96562636833316,22,3,0.0
2712,95.2710266233316,22,3,0.0
2713,85.49241651987724,21,4,0.0
2714,84.81056180424106,21,4,0.0
2715,74.17981636020727,20,5,0.0
2716,95.15412390733248,22,3,0.0
2717,85.10785442793237,21,4,0.0
2718,73.93294099114142,20,5,0.0
2719,74.99827761495773,20,5,0.0
2720,65.62183405082213,19,6,0.0
2721,95.14146140204485,22,3,0.0
2722,84.95255967782883,21,4,0.0
2723,95.97584345809788,22,3,0.0
2724,93.56959507651615,22,3,0.0
2725,65.02457146038785,19,6,0.0
2726,95.97515650169053,22,3,0.0
2727,74.88708211708287,20,5,0.0
2728,84.2979774191899,21,4,0.0
2729,84.5200744059114,21,4,0.0
2730,75.22232372130719,20,5,0.0
2731,95.47354586456846,22,3,0.0
2732,75.31676451886959,20,5,0.0
2733,74.78759956896967,20,5,0.0
2734,94.47661949476321,22,3,0.0
2735,74.14414883613847,20,5,0.0
2736,104.89762392463945,23,2,0.0
2737,74.47351661170335,20,5,0.0
2738,74.6379341747635,20,5,0.0
2739,84.94712557788274,21,4,0.0
2740,84.02125854973659,21,4,0.0
2741,84.15597094436939,21,4,0.0
2742,76.33918167708009,20,5,0.0
2743,75.13538461105823,20,5,0.0
2744,94.46179055783922,22,3,0.0
2745,65.46435774253466,19,6,0.0
2746,74.88427455966377,20,5,0.0
2747,85.70601141488434,21,4,0.0
2748,84.53094863221247,21,4,0.0
2749,75.19999143411218,20,5,0.0
2750,75.91316878769439,20,5,0.0
2751,75.73769124573363,20,5,0.0
2752,75.73424899381695,20,5,0.0
2753,84.57455163087741,21,4,0.0
2754,65.70575561390342,19,6,0.0
2755,75.51892105694314,20,5,0.0
2756,95.03286815503874,22,3,0.0
2757,85.03250127608383,21,4,0.0
2758,84.1418717467285,21,4,0.0
2759,75.25267961982279,20,5,0.0
2760,84.73145110481605,21,4,0.0
2761,95.44898679505351,22,3,0.0
2762,85.50148004091324,21,4,0.0
2763,85.37681029133576,21,4,0.0
2764,75.04601982817827,20,5,0.0
2765,75.19739644279417,20,5,0.0
2766,95.652587927536,22,3,0.0
2767,84.79660302109438,21,4,0.0
2768,84.73489451074626,21,4,0.0
2769,95.51252968485879,22,3,0.0
2770,74.93300832145236,20,5,0.0
2771,65.99348992693584,19,6,0.0
2772,84.75706297900251,21,4,0.0
2773,65.18385153040722,19,6,0.0
2774,65.08288464890738,19,6,0.0
2775,75.69730004751501,20,5,0.0
2776,85.36369612710291,21,4,0.0
2777,74.82892884731325,20,5,0.0
2778,84.94370698482967,21,4,0.0
2779,75.07196247063419,20,5,0.0
2780,74.77502999822218,20,5,0.0
2781,75.2936045510031,20,5,0.0
2782,95.11013929959002,22,3,0.0
2783,75.18035976295583,20,5,0.0
2784,85.98563655085124,21,4,0.0
2785,95.2069715284049,22,3,0.0
2786,84.6997641917155,21,4,0.0
2787,85.25567311378698,21,4,0.0
2788,94.30897409118867,22,3,0.0
2789,84.40439231405108,21,4,0.0
2790,85.76930222928866,21,4,0.0
2791,85.22239999258065,21,4,0.0
2792,85.24609656159937,21,4,0.0
2793,94.5776482256612,22,3,0.0
2794,84.87276679164937,21,4,0.0
2795,93.01043348538313,22,3,0.0
2796,84.65161371339376,21,4,0.0
2797,74.85627407213988,20,5,0.0
2798,64.29701356121787,19,6,0.0
2799,74.663360594156,20,5,0.0
2800,85.51861379134148,21,4,0.0
2801,83.54945294702316,21,4,0.0
2802,74.59357987361805,20,5,0.0
2803,95.53487698163568,22,3,0.0
2804,85.64786722710998,21,4,0.0
2805,65.16135027095267,19,6,0.0
2806,85.47853099643662,21,4,0.0
2807,75.13363066003532,20,5,0.0
2808,85.34192817875386,21,4,0.0
2809,94.46696649952405,22,3,0.0
2810,85.43370862792986,21,4,0.0
2811,74.38371849489828,20,5,0.0
2812,95.57853567384385,22,3,0.0
2813,75.26549307115306,20,5,0.0
2814,75.66415339479532,20,5,0.0
2815,84.07221581098962,21,4,0.0
2816,85.44415068887007,21,4,0.0
2817,85.32048877238589,21,4,0.0
2818,74.83431616712205,20,5,0.0
2819,85.25611489550957,21,4,0.0
2820,95.6783917735066,22,3,0.0
2821,85.34018664424856,21,4,0.0
2822,85.35490144535213,21,4,0.0
2823,74.74524582835711,20,5,0.0
2824,85.19302546214989,21,4,0.0
2825,95.52678909006366,22,3,0.0
2826,65.58500573025485,19,6,0.0
2827,64.44133168058488,19,6,0.0
2828,75.5079359820379,20,5,0.0
2829,85.31204274645087,21,4,0.0
2830,95.24733783723283,22,3,0.0
2831,84.693012471318,21,4,0.0
2832,95.27822648219606,22,3,0.0
2833,74.85636954112027,20,5,0.0
2834,84.8555956157686,21,4,0.0
2835,86.05385998743482,21,4,0.0
2836,84.65911819731409,21,4,0.0
2837,95.83750484745049,22,3,0.0
2838,65.86925245529486,19,6,0.0
2839,85.2989740527806,21,4,0.0
2840,95.99073927797839,22,3,0.0
2841,85.79497405986619,21,4,0.0
2842,75.42129722906668,20,5,0.0
2843,75.05859087780752,20,5,0.0
2844,84.87409603011399,21,4,0.0
2845,75.57550848431575,20,5,0.0
2846,75.09736466008822,20,5,0.0
2847,94.33963700083923,22,3,0.0
2848,94.52333545808004,22,3,0.0
2849,94.4264085787048,22,3,0.0
2850,75.08658025565657,20,5,0.0
2851,95.14906057482662,22,3,0.0
2852,84.27021944151369,21,4,0.0
2853,94.94037926897701,22,3,0.0
2854,84.28434397960328,21,4,0.0
2855,105.52767932597607,23,2,0.0
2856,85.65413207931248,21,4,0.0
2857,85.1743260572662,21,4,0.0
2858,95.02930497177212,22,3,0.0
2859,95.03172739207287,22,3,0.0
2860,84.38507514883356,21,4,0.0
2861,85.37310201116595,21,4,0.0
2862,55.43557777205279,18,7,0.0
2863,105.07236241134882,23,2,0.0
2864,95.22154491009456,22,3,0.0
2865,74.33248257424489,20,5,0.0
2866,75.30275016167093,20,5,0.0
2867,64.87762276251665,19,6,0.0
2868,85.46275450607592,21,4,0.0
2869,94.61269792166371,22,3,0.0
2870,95.05947508854342,22,3,0.0
2871,65.09022939001638,19,6,0.0
2872,84.36789450482227,21,4,0.0
2873,94.59520956815112,22,3,0.0
2874,95.51199227746397,22,3,0.0
2875,85.50046502013694,21,4,0.0
2876,84.90112850899429,21,4,0.0
2877,93.92159693965667,22,3,0.0
2878,85.60230812885385,21,4,0.0
2879,84.91496321634955,21,4,0.0
2880,95.36378123489251,22,3,0.0
2881,94.79370023415395,22,3,0.0
2882,94.90724602106238,22,3,0.0
2883,84.31425775100752,21,4,0.0
2884,85.14800573251715,21,4,0.0
2885,84.04432821348166,21,4,0.0
2886,85.13716346891383,21,4,0.0
2887,85.50162692504749,21,4,0.0
2888,94.8284016462511,22,3,0.0
2889,94.45314684113879,22,3,0.0
2890,85.34009651939984,21,4,0.0
2891,84.44141906197899,21,4,0.0
2892,94.73519756068025,22,3,0.0
2893,94.59341783344959,22,3,0.0
2894,96.14301567754895,22,3,0.0
2895,84.78216161105662,21,4,0.0
2896,94.93600160256432,22,3,0.0
2897,95.56392998395818,22,3,0.0
2898,75.50755043942489,20,5,0.0
2899,94.58078360949399,22,3,0.0
2900,85.56505572881736,21,4,0.0
2901,95.07994289919068,22,3,0.0
2902,86.19936040975767,21,4,0.0
2903,95.36630398459123,22,3,0.0
2904,85.12550188923844,21,4,0.0
2905,85.7156718909624,21,4,0.0
2906,95.55947654101924,22,3,0.0
2907,76.0144614570189,20,5,0.0
2908,85.77781404157942,21,4,0.0
2909,74.83722397210303,20,5,0.0
2910,95.06855678622199,22,3,0.0
2911,95.18726090441686,22,3,0.0
2912,85.49863999857888,21,4,0.0
2913,84.66861920460062,21,4,0.0
2914,96.28168021070954,22,3,0.0
2915,84.89697791127116,21,4,0.0
2916,94.38484321127683,22,3,0.0
2917,95.11633861567475,22,3,0.0
2918,85.8045057299702,21,4,0.0
2919,95.79681193014854,22,3,0.0
2920,85.15346043063613,21,4,0.0
2921,85.48183807004389,21,4,0.0
2922,85.3238961634449,21,4,0.0
2923,94.82143716990872,22,3,0.0
2924,95.92265919874585,22,3,0.0
2925,85.04167829399319,21,4,0.0
2926,94.20059228273472,22,3,0.0
2927,84.92464715531017,21,4,0.0
2928,65.1706231063862,19,6,0.0
2929,64.4605900071979,19,6,0.0
2930,85.60864016938686,21,4,0.0
2931,75.09271766248354,20,5,0.0
2932,95.21949570542404,22,3,0.0
2933,95.34646261139571,22,3,0.0
2934,85.11711495162376,21,4,0.0
2935,95.37466265398515,22,3,0.0
2936,85.24328590271558,21,4,0.0
2937,95.42127079967774,22,3,0.0
2938,104.63939079571173,23,2,0.0
2939,85.92153117443132,21,4,0.0
2940,105.03418196780135,23,2,0.0
2941,86.27039328109838,21,4,0.0
2942,75.86595868467377,20,5,0.0
2943,94.99462512549437,22,3,0.0
2944,84.8930705520602,21,4,0.0
2945,55.68206493766432,18,7,0.0
2946,104.87526074320576,23,2,0.0
2947,95.68726237196934,22,3,0.0
2948,75.91951476587124,20,5,0.0
2949,74.85526024468531,20,5,0.0
2950,85.32541541004058,21,4,0.0
2951,94.19451119269611,22,3,0.0
2952,85.36804548573313,21,4,0.0
2953,95.42723259923486,22,3,0.0
2954,94.69967168258431,22,3,0.0
2955,75.3467144088905,20,5,0.0
2956,95.4797470026287,22,3,0.0
2957,85.71339265205626,21,4,0.0
2958,65.53342030559784,19,6,0.0
2959,105.35340964508379,23,2,0.0
2960,63.80756254562671,19,6,0.0
2961,94.7632662795989,22,3,0.0
2962,85.4058398939662,21,4,0.0
2963,83.33515083247639,21,4,0.0
2964,85.35659890168154,21,4,0.0
2965,73.58694114164354,20,5,0.0
2966,86.43893074203196,21,4,0.0
2967,64.07016042075684,19,6,0.0
2968,74.50689534136227,20,5,0.0
2969,94.97135116326982,22,3,0.0
2970,94.92721395363886,22,3,0.0
2971,84.13063224636994,21,4,0.0
2972,94.47186547976332,22,3,0.0
2973,84.72894853462935,21,4,0.0
2974,54.8802738120188,18,7,0.0
2975,86.22037753281954,21,4,0.0
2976,83.3058584115818,21,4,0.0
2977,104.28549539378895,23,2,0.0
2978,94.5002976972445,22,3,0.0
2979,92.98390042507603,22,3,0.0
2980,94.3255676371023,22,3,0.0
2981,85.26480264182428,21,4,0.0
2982,84.6329295116621,21,4,0.0
2983,94.69772417250334,22,3,0.0
2984,85.15172904023905,21,4,0.0
2985,94.74317011834488,22,3,0.0
2986,93.62711299676627,22,3,0.0
2987,84.54065372222023,21,4,0.0
2988,85.87965837671345,21,4,0.0
2989,83.89711075220242,21,4,0.0
2990,95.03292092460882,22,3,0.0
2991,94.24473313055097,22,3,0.0
2992,83.9189575237171,21,4,0.0
2993,84.44844678287775,21,4,0.0
2994,94.68936735697983,22,3,0.0
2995,93.69848082279735,22,3,0.0
2996,73.86572077773093,20,5,0.0
2997,73.91295694154621,20,5,0.0
2998,83.81881838922227,21,4,0.0
2999,83.60733799003236,21,4,0.0
3000,86.09192009064509,21,4,0.0
