"# mode=fixed d_value=1 d=[0,0] p=0.50 dr=0 seed=3 topology=fixed n_agents=5 obs_dim=34 n_episodes=3000"
episode,sum_reward,success,fail,mean_delay
1,43.1227159650076,17,8,1.0
2,41.91294916597508,17,8,1.0
3,51.20552672924511,18,7,1.0
4,73.46575341740423,20,5,1.0
5,62.93211051874415,19,6,1.0
6,43.542997466161125,17,8,1.0
7,53.2172898837933,18,7,1.0
8,72.87931552329601,20,5,1.0
9,63.692115756167524,19,6,1.0
10,33.26819357890711,16,9,1.0
11,74.74821307419734,20,5,1.0
12,54.163135890200465,18,7,1.0
13,62.50846144792736,19,6,1.0
14,24.524941777859404,15,10,1.0
15,62.94450565963923,19,6,1.0
16,51.88659122537846,18,7,1.0
17,43.19539068153721,17,8,1.0
18,73.33794774588651,20,5,1.0
19,52.57974680472662,18,7,1.0
20,43.73797829949098,17,8,1.0
21,73.60435163920654,20,5,1.0
22,63.455529919555204,19,6,1.0
23,64.04587918056488,19,6,1.0
24,73.66266812149811,20,5,1.0
25,54.53448653548774,18,7,1.0
26,42.85896254816031,17,8,1.0
27,73.84437400139413,20,5,1.0
28,94.09035308588724,22,3,1.0
29,84.10313767438656,21,4,1.0
30,65.47334061924795,19,6,1.0
31,42.902738100099455,17,8,1.0
32,53.78508702431202,18,7,1.0
33,52.669864582534245,18,7,1.0
34,73.81685222125023,20,5,1.0
35,83.01172692639635,21,4,1.0
36,75.60552363835029,20,5,1.0
37,94.59109932371135,22,3,1.0
38,53.56981467615789,18,7,1.0
39,53.63965198119768,18,7,1.0
40,33.997584027503535,16,9,1.0
41,54.27303117091472,18,7,1.0
42,82.57192241823924,21,4,1.0
43,42.47469752181151,17,8,1.0
44,62.40904851659045,19,6,1.0
45,63.48447985583178,19,6,1.0
46,73.31405307479984,20,5,1.0
47,63.415960785945586,19,6,1.0
48,54.45832653674505,18,7,1.0
49,75.17585651295633,20,5,1.0
50,63.70423302229485,19,6,1.0
51,82.9559934948696,21,4,1.0
52,53.98259129541309,18,7,1.0
53,73.86056832536542,20,5,1.0
54,62.2305604618236,19,6,1.0
55,43.06619345240966,17,8,1.0
56,50.13209082537269,18,7,1.0
57,62.744298020511565,19,6,1.0
58,83.74923459307733,21,4,1.0
59,54.83288527480892,18,7,1.0
60,73.63493925201189,20,5,1.0
61,42.86068851216082,17,8,1.0
62,64.86045376023532,19,6,1.0
63,64.60566699655925,19,6,1.0
64,63.79246536188384,19,6,1.0
65,84.20019544789673,21,4,1.0
66,71.69975898087945,20,5,1.0
67,45.10028671445888,17,8,1.0
68,84.44209835807806,21,4,1.0
69,44.74358221694306,17,8,1.0
70,71.12433972257631,20,5,1.0
71,75.46577532528721,20,5,1.0
72,64.27678182682405,19,6,1.0
73,64.55136504093178,19,6,1.0
74,93.66365622773802,22,3,1.0
75,53.90499190647191,18,7,1.0
76,64.05813135139793,19,6,1.0
77,62.05555108551165,19,6,1.0
78,34.08605049781847,16,9,1.0
79,53.432675898134825,18,7,1.0
80,33.17684583480633,16,9,1.0
81,62.0323970958069,19,6,1.0
82,63.90728441332894,19,6,1.0
83,74.4140401480598,20,5,1.0
84,72.93422527438406,20,5,1.0
85,65.87662155877494,19,6,1.0
86,84.37082513328222,21,4,1.0
87,64.97379119652956,19,6,1.0
88,44.68962340066282,17,8,1.0
89,43.84600897948421,17,8,1.0
90,55.155009784853604,18,7,1.0
91,52.26092344981609,18,7,1.0
92,73.21171345592094,20,5,1.0
93,63.97334201132011,19,6,1.0
94,31.236787115981983,16,9,1.0
95,43.40826700626195,17,8,1.0
96,62.66318607691724,19,6,1.0
97,54.13977662891082,18,7,1.0
98,41.76597809893413,17,8,1.0
99,53.41920865797492,18,7,1.0
100,63.85405145113927,19,6,1.0
101,42.09985624998952,17,8,1.0
102,53.98666112712448,18,7,1.0
103,73.65011513276185,20,5,1.0
104,23.0084264261797,15,10,1.0
105,54.643978881798304,18,7,1.0
106,51.350458789497395,18,7,1.0
107,42.16143662311085,17,8,1.0
108,43.16664618876155,17,8,1.0
109,51.750141283257506,18,7,1.0
110,51.8765220245872,18,7,1.0
111,31.55246226374486,16,9,1.0
112,62.9490064317536,19,6,1.0
113,42.212130984197785,17,8,1.0
114,61.76036793030796,19,6,1.0
115,31.81512474622252,16,9,1.0
116,62.110803861851466,19,6,1.0
117,53.35976035405185,18,7,1.0
118,33.50947205388989,16,9,1.0
119,84.2308945616212,21,4,1.0
120,54.45058676958399,18,7,1.0
121,32.74410047535006,16,9,1.0
122,74.05538780027901,20,5,1.0
123,84.5327668415463,21,4,1.0
124,64.65141680594743,19,6,1.0
125,34.918407422185716,16,9,1.0
126,73.97908399420605,20,5,1.0
127,61.6719646393165,19,6,1.0
128,62.37351957900468,19,6,1.0
129,62.055858526114605,19,6,1.0
130,43.20994428063846,17,8,1.0
131,61.78501564048952,19,6,1.0
132,53.095226028839875,18,7,1.0
133,52.29176466847313,18,7,1.0
134,53.31377950019145,18,7,1.0
135,41.53680092186989,17,8,1.0
136,62.26211210071304,19,6,1.0
137,52.19608064247858,18,7,1.0
138,22.460166633521297,15,10,1.0
139,41.68926380404183,17,8,1.0
140,62.42742348852725,19,6,1.0
141,73.31526749465134,20,5,1.0
142,65.67821907369274,19,6,1.0
143,54.1509478865154,18,7,1.0
144,42.82163507000206,17,8,1.0
145,52.39563786945959,18,7,1.0
146,40.041769234756686,17,8,1.0
147,61.53038803579091,19,6,1.0
148,70.72432339801355,20,5,1.0
149,64.0513388167857,19,6,1.0
150,64.25519583775491,19,6,1.0
151,50.43711749947258,18,7,1.0
152,63.13788968186451,19,6,1.0
153,82.90837836950652,21,4,1.0
154,63.43574554951833,19,6,1.0
155,51.52371606233797,18,7,1.0
156,73.93102045808367,20,5,1.0
157,61.33154598218885,19,6,1.0
158,42.33348602431486,17,8,1.0
159,80.57352283987876,21,4,1.0
160,52.775082154037335,18,7,1.0
161,61.3702419066133,19,6,1.0
162,62.35175801379549,19,6,1.0
163,49.59999992896236,18,7,1.0
164,62.12251751555764,19,6,1.0
165,82.60043431705975,21,4,1.0
166,73.24018696401625,20,5,1.0
167,72.65965233284395,20,5,1.0
168,83.52744324847076,21,4,1.0
169,33.792190546770904,16,9,1.0
170,31.734161616449473,16,9,1.0
171,62.54024072702258,19,6,1.0
172,64.5613934300383,19,6,1.0
173,43.946598478550214,17,8,1.0
174,51.326924448067864,18,7,1.0
175,42.499295719290956,17,8,1.0
176,33.88486315236892,16,9,1.0
177,62.13077861241831,19,6,1.0
178,60.52247155282838,19,6,1.0
179,41.89445095435582,17,8,1.0
180,81.85620857064747,21,4,1.0
181,72.04331900923535,20,5,1.0
182,59.591646023861784,19,6,1.0
183,63.291770782675044,19,6,1.0
184,52.41798478011199,18,7,1.0
185,51.10833299212481,18,7,1.0
186,52.74338686807831,18,7,1.0
187,62.13969000443666,19,6,1.0
188,52.76991059660518,18,7,1.0
189,41.12353319071615,17,8,1.0
190,42.62704173939204,17,8,1.0
191,50.84056328803977,18,7,1.0
192,42.40725698052706,17,8,1.0
193,41.10323439338612,17,8,1.0
194,62.71126041062668,19,6,1.0
195,51.710436455422084,18,7,1.0
196,42.28533528227308,17,8,1.0
197,60.83601481797912,19,6,1.0
198,59.98333176141581,19,6,1.0
199,60.974717086422174,19,6,1.0
200,60.68458230442214,19,6,1.0
201,59.727910176499634,19,6,1.0
202,91.81256759457234,22,3,1.0
203,61.188999217325964,19,6,1.0
204,60.82370723471887,19,6,1.0
205,61.54755863137531,19,6,1.0
206,61.399830577201534,19,6,1.0
207,59.33522286319179,19,6,1.0
208,58.73154836643621,19,6,1.0
209,61.0496397167593,19,6,1.0
210,70.0152292339998,20,5,1.0
211,60.58656867065659,19,6,1.0
212,59.33636031167535,19,6,1.0
213,58.4247699793433,19,6,1.0
214,81.63811042314121,21,4,1.0
215,39.95186857149955,17,8,1.0
216,50.06879287399731,18,7,1.0
217,51.15165034062103,18,7,1.0
218,90.79526311501913,22,3,1.0
219,60.904843372718204,19,6,1.0
220,61.72385063018328,19,6,1.0
221,50.546293254362915,18,7,1.0
222,50.93765974036139,18,7,1.0
223,69.94945886792328,20,5,1.0
224,39.416803190336736,17,8,1.0
225,61.07771057518573,19,6,1.0
226,69.58448480634078,20,5,1.0
227,38.61906161219303,17,8,1.0
228,39.58084666332375,17,8,1.0
229,69.53668818227419,20,5,1.0
230,50.674648934057636,18,7,1.0
231,61.33754321052859,19,6,1.0
232,49.25114481831757,18,7,1.0
233,38.833837560499916,17,8,1.0
234,77.611197468106,21,4,1.0
235,49.48695589739104,18,7,1.0
236,59.60808718635258,19,6,1.0
237,59.85871270206991,19,6,1.0
238,37.68163445191554,17,8,1.0
239,70.29584803851296,20,5,1.0
240,39.430966024889486,17,8,1.0
241,40.11735088534877,17,8,1.0
242,51.50254104685363,18,7,1.0
243,71.10089517192772,20,5,1.0
244,59.69030423778898,19,6,1.0
245,51.37933336458538,18,7,1.0
246,61.519611351872726,19,6,1.0
247,50.483005589625506,18,7,1.0
248,50.34495392614228,18,7,1.0
249,59.77424714434485,19,6,1.0
250,41.25952455310113,17,8,1.0
251,48.565338511884974,18,7,1.0
252,28.350046452766087,16,9,1.0
253,60.86459406117311,19,6,1.0
254,39.67444711909503,17,8,1.0
255,60.98457998174129,19,6,1.0
256,71.20535936251345,20,5,1.0
257,62.006409203190294,19,6,1.0
258,70.97394630004133,20,5,1.0
259,39.07646613026629,17,8,1.0
260,61.1042638924433,19,6,1.0
261,39.70285164823618,17,8,1.0
262,41.83900009689778,17,8,1.0
263,40.477006911882455,17,8,1.0
264,49.81280753478632,18,7,1.0
265,50.79427392450181,18,7,1.0
266,51.43614160901286,18,7,1.0
267,50.873103257558085,18,7,1.0
268,59.06569057079685,19,6,1.0
269,80.80337809599072,21,4,1.0
270,49.274494075258346,18,7,1.0
271,71.56588085357674,20,5,1.0
272,51.579128188271085,18,7,1.0
273,81.79547125798783,21,4,1.0
274,60.30462796277994,19,6,1.0
275,80.71964747751655,21,4,1.0
276,59.50425945154845,19,6,1.0
277,57.403331612866246,19,6,1.0
278,59.724854143524084,19,6,1.0
279,60.87801223072388,19,6,1.0
280,49.37373845919623,18,7,1.0
281,61.668475501363645,19,6,1.0
282,41.7212572792043,17,8,1.0
283,48.30768942151619,18,7,1.0
284,49.87706468819209,18,7,1.0
285,40.76107738071945,17,8,1.0
286,51.21049480301383,18,7,1.0
287,81.00387867140533,21,4,1.0
288,70.5870610955911,20,5,1.0
289,58.25613229260367,19,6,1.0
290,52.1687055927446,18,7,1.0
291,71.14188813252254,20,5,1.0
292,40.59198935847668,17,8,1.0
293,50.38434753756163,18,7,1.0
294,40.87198366214198,17,8,1.0
295,69.59042337048736,20,5,1.0
296,50.96906924165673,18,7,1.0
297,41.40065935730979,17,8,1.0
298,39.15004483538004,17,8,1.0
299,70.88499160500423,20,5,1.0
300,60.66120718487042,19,6,1.0
301,70.955870377351,20,5,1.0
302,39.377738028021746,17,8,1.0
303,50.390629125217465,18,7,1.0
304,40.26943022844043,17,8,1.0
305,59.66056840171108,19,6,1.0
306,79.17039280834818,21,4,1.0
307,59.94693344350297,19,6,1.0
308,71.03213848499455,20,5,1.0
309,49.53543500542864,18,7,1.0
310,38.79421576803388,17,8,1.0
311,50.96475341144364,18,7,1.0
312,60.386394789954764,19,6,1.0
313,61.3391894930308,19,6,1.0
314,50.862930454383246,18,7,1.0
315,50.537222745283934,18,7,1.0
316,59.31371673443391,19,6,1.0
317,50.307870230904584,18,7,1.0
318,60.10670913933021,19,6,1.0
319,70.55364853708998,20,5,1.0
320,53.22906343816063,18,7,1.0
321,62.10830770665866,19,6,1.0
322,70.3079879563118,20,5,1.0
323,62.719867452593505,19,6,1.0
324,71.5332973488816,20,5,1.0
325,39.65081212801389,17,8,1.0
326,81.92183967407507,21,4,1.0
327,72.31068096858993,20,5,1.0
328,30.552390115845867,16,9,1.0
329,42.52625782783205,17,8,1.0
330,61.06335467980158,19,6,1.0
331,60.74699655651622,19,6,1.0
332,94.09734351433993,22,3,1.0
333,43.25638194706527,17,8,1.0
334,50.890312728465254,18,7,1.0
335,49.69735580783791,18,7,1.0
336,40.43861316990961,17,8,1.0
337,42.06697648651084,17,8,1.0
338,70.80839793281366,20,5,1.0
339,70.69621240311729,20,5,1.0
340,50.880623723540005,18,7,1.0
341,82.28233522460992,21,4,1.0
342,59.21654167762401,19,6,1.0
343,51.897823377075184,18,7,1.0
344,70.34497173024924,20,5,1.0
345,59.24138565323529,19,6,1.0
346,71.02993211589585,20,5,1.0
347,71.28107554775413,20,5,1.0
348,62.589873085317095,19,6,1.0
349,60.51985859384773,19,6,1.0
350,71.82759202323709,20,5,1.0
351,50.94041585096833,18,7,1.0
352,79.42523636445148,21,4,1.0
353,80.42463555970872,21,4,1.0
354,61.64230720385636,19,6,1.0
355,59.97147318813554,19,6,1.0
356,71.3962861414251,20,5,1.0
357,29.821656713702843,16,9,1.0
358,68.56196362840133,20,5,1.0
359,60.23513307150739,19,6,1.0
360,49.8289620775549,18,7,1.0
361,60.07589202117468,19,6,1.0
362,31.455150471601712,16,9,1.0
363,60.164527730499756,19,6,1.0
364,69.86029798375161,20,5,1.0
365,60.59769055435849,19,6,1.0
366,60.652778978984266,19,6,1.0
367,82.25868517351253,21,4,1.0
368,72.71947507980728,20,5,1.0
369,61.05919941741725,19,6,1.0
370,81.7999558407206,21,4,1.0
371,50.77554429603301,18,7,1.0
372,60.79488448818855,19,6,1.0
373,60.341478373824174,19,6,1.0
374,62.62927015594076,19,6,1.0
375,51.29932936115097,18,7,1.0
376,58.94999886846922,19,6,1.0
377,61.09891453160232,19,6,1.0
378,71.13490725782087,20,5,1.0
379,70.8293209866015,20,5,1.0
380,71.20104100513981,20,5,1.0
381,72.19384500413878,20,5,1.0
382,70.5332608164812,20,5,1.0
383,51.67457615066424,18,7,1.0
384,61.35990979711636,19,6,1.0
385,53.33647974161342,18,7,1.0
386,71.72249878521224,20,5,1.0
387,61.98224039383113,19,6,1.0
388,41.21316971133551,17,8,1.0
389,62.14900329514636,19,6,1.0
390,53.452878049010586,18,7,1.0
391,60.15589657676779,19,6,1.0
392,62.426767646175726,19,6,1.0
393,61.70569026092503,19,6,1.0
394,62.07239572654492,19,6,1.0
395,70.72873641225019,20,5,1.0
396,72.49937769341554,20,5,1.0
397,71.84989313553078,20,5,1.0
398,40.591976829760554,17,8,1.0
399,52.43352896723828,18,7,1.0
400,42.424728099785355,17,8,1.0
401,71.44571542247743,20,5,1.0
402,62.35748355286375,19,6,1.0
403,52.28857572679157,18,7,1.0
404,62.644522673972496,19,6,1.0
405,72.18669927786843,20,5,1.0
406,62.093834211163525,19,6,1.0
407,52.82121812421922,18,7,1.0
408,61.64606462677899,19,6,1.0
409,71.7704244175279,20,5,1.0
410,40.93514644421593,17,8,1.0
411,30.38632125419612,16,9,1.0
412,30.98970238219166,16,9,1.0
413,31.99589349728457,16,9,1.0
414,72.87460619637616,20,5,1.0
415,71.38182650469572,20,5,1.0
416,52.76434861836748,18,7,1.0
417,51.362805353645285,18,7,1.0
418,61.791080447010856,19,6,1.0
419,61.746816531598824,19,6,1.0
420,61.981490548396636,19,6,1.0
421,70.84798733681446,20,5,1.0
422,72.61540124740448,20,5,1.0
423,41.20251858421289,17,8,1.0
424,52.02594079862223,18,7,1.0
425,61.887515607886016,19,6,1.0
426,62.1701491488363,19,6,1.0
427,63.11630773419762,19,6,1.0
428,62.364642960550086,19,6,1.0
429,50.97243592300469,18,7,1.0
430,61.21088547639995,19,6,1.0
431,52.38492591181092,18,7,1.0
432,52.736973849304206,18,7,1.0
433,20.12132609328831,15,10,1.0
434,62.927215676580715,19,6,1.0
435,63.55326370935205,19,6,1.0
436,41.4939171055725,17,8,1.0
437,63.06605436470894,19,6,1.0
438,40.743964938966506,17,8,1.0
439,71.99046144285548,20,5,1.0
440,64.13576528793405,19,6,1.0
441,51.21607747162598,18,7,1.0
442,61.46363777060846,19,6,1.0
443,41.48617461039776,17,8,1.0
444,40.77016455791881,17,8,1.0
445,63.156615241307776,19,6,1.0
446,61.57389091136787,19,6,1.0
447,63.284835441400304,19,6,1.0
448,82.31389900644784,21,4,1.0
449,62.807967614151316,19,6,1.0
450,62.49789966987649,19,6,1.0
451,53.37418505822041,18,7,1.0
452,32.95521788327377,16,9,1.0
453,42.39418966054602,17,8,1.0
454,61.41620856249784,19,6,1.0
455,60.56665913182267,19,6,1.0
456,52.52801771202407,18,7,1.0
457,61.578106574456825,19,6,1.0
458,63.02038040364397,19,6,1.0
459,63.42693225800451,19,6,1.0
460,42.72665245171467,17,8,1.0
461,82.22793918081165,21,4,1.0
462,93.28942611805394,22,3,1.0
463,53.207496617190344,18,7,1.0
464,72.17665548083289,20,5,1.0
465,31.40053779767699,16,9,1.0
466,43.10553338874437,17,8,1.0
467,62.30637063854287,19,6,1.0
468,42.01423356967835,17,8,1.0
469,62.90440531247516,19,6,1.0
470,51.0195802524581,18,7,1.0
471,62.17775350462482,19,6,1.0
472,62.63742309408548,19,6,1.0
473,42.805248659049155,17,8,1.0
474,52.42035992270011,18,7,1.0
475,62.10158278279567,19,6,1.0
476,51.00847895688635,18,7,1.0
477,51.64861486752761,18,7,1.0
478,71.50540947550589,20,5,1.0
479,72.20481829850563,20,5,1.0
480,52.331026146463685,18,7,1.0
481,72.07416088956882,20,5,1.0
482,52.020542968850854,18,7,1.0
483,62.46344318819223,19,6,1.0
484,73.2802922282525,20,5,1.0
485,61.27457123512093,19,6,1.0
486,71.56448540215897,20,5,1.0
487,61.72161334306094,19,6,1.0
488,80.7183390974773,21,4,1.0
489,72.30874135253511,20,5,1.0
490,80.59590382321926,21,4,1.0
491,81.47083764701361,21,4,1.0
492,62.02759324739269,19,6,1.0
493,70.29721476434756,20,5,1.0
494,70.30926232481522,20,5,1.0
495,71.13451957282916,20,5,1.0
496,50.6713231441706,18,7,1.0
497,70.9969087502756,20,5,1.0
498,82.08245219659328,21,4,1.0
499,62.02108082542114,19,6,1.0
500,71.49197087351877,20,5,1.0
501,61.341786680231046,19,6,1.0
502,71.11993906529587,20,5,1.0
503,71.84602719823091,20,5,1.0
504,72.50287856215347,20,5,1.0
505,82.23805394684136,21,4,1.0
506,81.83580382369767,21,4,1.0
507,51.25176742079753,18,7,1.0
508,50.457038492834464,18,7,1.0
509,62.59975003089156,19,6,1.0
510,71.98526148821637,20,5,1.0
511,41.56856020568923,17,8,1.0
512,82.53331963091037,21,4,1.0
513,61.64760301336068,19,6,1.0
514,60.56079095265239,19,6,1.0
515,82.01376885848573,21,4,1.0
516,90.8291861327251,22,3,1.0
517,81.7954942152797,21,4,1.0
518,93.19328857408622,22,3,1.0
519,60.8453594049328,19,6,1.0
520,60.21772332100922,19,6,1.0
521,71.8565031280935,20,5,1.0
522,62.038243780300945,19,6,1.0
523,61.76100111977399,19,6,1.0
524,70.88514863989349,20,5,1.0
525,70.00896309498664,20,5,1.0
526,60.78776783782149,19,6,1.0
527,52.41454978612093,18,7,1.0
528,71.52735487894427,20,5,1.0
529,40.775473976135345,17,8,1.0
530,70.5422389799334,20,5,1.0
531,71.21787258413161,20,5,1.0
532,79.65445595263947,21,4,1.0
533,80.8082112990701,21,4,1.0
534,91.54736723707465,22,3,1.0
535,70.40944905544902,20,5,1.0
536,59.68078567545426,19,6,1.0
537,72.02189166391126,20,5,1.0
538,70.15371578397156,20,5,1.0
539,72.41399191435781,20,5,1.0
540,70.74026000226374,20,5,1.0
541,71.2090414205777,20,5,1.0
542,61.69186089982164,19,6,1.0
543,61.46867935348878,19,6,1.0
544,50.433867613469936,18,7,1.0
545,61.734984458265515,19,6,1.0
546,70.75296948996021,20,5,1.0
547,70.52066427760944,20,5,1.0
548,82.62433588561815,21,4,1.0
549,60.82737387138578,19,6,1.0
550,50.99484999110493,18,7,1.0
551,51.9956628003476,18,7,1.0
552,60.662628297395266,19,6,1.0
553,91.876481811777,22,3,1.0
554,61.61096816260368,19,6,1.0
555,81.93956269127908,21,4,1.0
556,72.73549965364177,20,5,1.0
557,71.99143476344412,20,5,1.0
558,70.82561709360922,20,5,1.0
559,50.87880293599572,18,7,1.0
560,69.93735232819161,20,5,1.0
561,51.930432881816294,18,7,1.0
562,71.76995327967526,20,5,1.0
563,61.13052949666604,19,6,1.0
564,51.16076007130983,18,7,1.0
565,82.74674983951978,21,4,1.0
566,70.60694278848418,20,5,1.0
567,61.94161833832953,19,6,1.0
568,61.569406162319304,19,6,1.0
569,62.00152464318373,19,6,1.0
570,50.713653800546105,18,7,1.0
571,81.35557422591391,21,4,1.0
572,81.99224926123775,21,4,1.0
573,31.571525691365736,16,9,1.0
574,71.87839212581925,20,5,1.0
575,70.8624332926901,20,5,1.0
576,51.24601392583394,18,7,1.0
577,71.24495131756046,20,5,1.0
578,81.02912387331679,21,4,1.0
579,62.09916756416355,19,6,1.0
580,30.07919391324846,16,9,1.0
581,40.86715763285041,17,8,1.0
582,63.38726805747998,19,6,1.0
583,61.8664981586583,19,6,1.0
584,71.13882308138197,20,5,1.0
585,71.53105311984663,20,5,1.0
586,61.31335585476738,19,6,1.0
587,92.99924098813183,22,3,1.0
588,61.37217573620481,19,6,1.0
589,40.18134424555798,17,8,1.0
590,50.51365518318765,18,7,1.0
591,61.48538721100432,19,6,1.0
592,81.75086214513442,21,4,1.0
593,61.43496929542365,19,6,1.0
594,40.84675246858964,17,8,1.0
595,71.38897080542876,20,5,1.0
596,60.36310902411242,19,6,1.0
597,71.47096030070911,20,5,1.0
598,82.46091632881193,21,4,1.0
599,31.109515330945044,16,9,1.0
600,59.131672902703514,19,6,1.0
601,71.00133461582656,20,5,1.0
602,71.65390827906751,20,5,1.0
603,60.99375126109902,19,6,1.0
604,51.83826302321671,18,7,1.0
605,71.37233866401748,20,5,1.0
606,71.32023562698515,20,5,1.0
607,81.26263098180864,21,4,1.0
608,61.52073873469661,19,6,1.0
609,69.51880989750532,20,5,1.0
610,82.00425213714662,21,4,1.0
611,61.67265673976863,19,6,1.0
612,60.37145983327692,19,6,1.0
613,71.13015793632566,20,5,1.0
614,51.37882004509797,18,7,1.0
615,40.598522746589026,17,8,1.0
616,38.191577708821455,17,8,1.0
617,82.8962486443352,21,4,1.0
618,81.75450359040899,21,4,1.0
619,62.68339052987299,19,6,1.0
620,82.05989628357162,21,4,1.0
621,71.48224443312988,20,5,1.0
622,59.89672412550982,19,6,1.0
623,60.9774798216139,19,6,1.0
624,71.16203252558074,20,5,1.0
625,72.7075701051022,20,5,1.0
626,61.00042541762238,19,6,1.0
627,81.26064866672803,21,4,1.0
628,61.555547129654684,19,6,1.0
629,70.34125769543536,20,5,1.0
630,82.57450992898278,21,4,1.0
631,91.76889954656428,22,3,1.0
632,71.06702308712032,20,5,1.0
633,81.64328371500129,21,4,1.0
634,61.47008920775629,19,6,1.0
635,62.70908443146661,19,6,1.0
636,61.82120981241766,19,6,1.0
637,60.22652757740626,19,6,1.0
638,70.50854248157776,20,5,1.0
639,71.01957468848293,20,5,1.0
640,50.37372231694071,18,7,1.0
641,81.56199597955626,21,4,1.0
642,90.44341892080055,22,3,1.0
643,80.21012977093172,21,4,1.0
644,70.56692395096061,20,5,1.0
645,80.52517999070488,21,4,1.0
646,41.801857459408865,17,8,1.0
647,70.24052940925793,20,5,1.0
648,79.71579480223579,21,4,1.0
649,51.77927555927339,18,7,1.0
650,69.91804526758669,20,5,1.0
651,70.94026502366248,20,5,1.0
652,72.42384040267017,20,5,1.0
653,69.9517560354511,20,5,1.0
654,80.23503905179406,21,4,1.0
655,89.48328832192973,22,3,1.0
656,80.19117279093258,21,4,1.0
657,69.83888468633228,20,5,1.0
658,79.78340307062804,21,4,1.0
659,71.53040008422353,20,5,1.0
660,69.78723434280127,20,5,1.0
661,60.35142704636442,19,6,1.0
662,80.20137920750845,21,4,1.0
663,80.64423063342029,21,4,1.0
664,79.64911207683501,21,4,1.0
665,71.60349976572105,20,5,1.0
666,60.346218159945806,19,6,1.0
667,80.22714042755831,21,4,1.0
668,49.956179796495995,18,7,1.0
669,90.55429335112854,22,3,1.0
670,80.24326718461681,21,4,1.0
671,81.65285350846938,21,4,1.0
672,50.840061112736365,18,7,1.0
673,69.96402832128983,20,5,1.0
674,79.67180792007262,21,4,1.0
675,80.56213499473819,21,4,1.0
676,81.25549082923612,21,4,1.0
677,60.185541080438014,19,6,1.0
678,80.49471443380436,21,4,1.0
679,61.14802390375645,19,6,1.0
680,90.51912694692477,22,3,1.0
681,79.88498161910752,21,4,1.0
682,91.09004080489444,22,3,1.0
683,81.49194161027849,21,4,1.0
684,70.22317119986266,20,5,1.0
685,90.29685251195502,22,3,1.0
686,68.74743746705904,20,5,1.0
687,60.97640030844705,19,6,1.0
688,90.0277157857085,22,3,1.0
689,60.34991729015678,19,6,1.0
690,78.158980971211,21,4,1.0
691,60.58292815732618,19,6,1.0
692,80.17005110459007,21,4,1.0
693,80.38715955945709,21,4,1.0
694,71.09946866877544,20,5,1.0
695,70.20111677698732,20,5,1.0
696,80.23933817690487,21,4,1.0
697,79.92128498092144,21,4,1.0
698,80.08338562195735,21,4,1.0
699,90.34187580136931,22,3,1.0
700,69.55791079587723,20,5,1.0
701,90.22363279006798,22,3,1.0
702,60.817698533986814,19,6,1.0
703,80.29970559545097,21,4,1.0
704,69.43319953749445,20,5,1.0
705,69.17359549286324,20,5,1.0
706,68.77063671323873,20,5,1.0
707,69.86684803202039,20,5,1.0
708,70.7113059990752,20,5,1.0
709,80.21614969482859,21,4,1.0
710,59.983338895275814,19,6,1.0
711,60.01283685407442,19,6,1.0
712,70.91621434203135,20,5,1.0
713,70.63266684389774,20,5,1.0
714,82.53374259485263,21,4,1.0
715,69.85697576951695,20,5,1.0
716,60.71795652294051,19,6,1.0
717,79.64982768023233,21,4,1.0
718,58.54322735272234,19,6,1.0
719,81.0374109337636,21,4,1.0
720,59.8625488368844,19,6,1.0
721,39.59274439930677,17,8,1.0
722,60.64898907546294,19,6,1.0
723,61.56015836693568,19,6,1.0
724,71.1400473642528,20,5,1.0
725,59.79327471982039,19,6,1.0
726,70.25996997630342,20,5,1.0
727,80.64377590113999,21,4,1.0
728,70.59914072972825,20,5,1.0
729,49.80685689103965,18,7,1.0
730,49.23315842666032,18,7,1.0
731,80.64174887041459,21,4,1.0
732,80.78228901051246,21,4,1.0
733,51.48455461303592,18,7,1.0
734,60.8904047111924,19,6,1.0
735,70.65426892087704,20,5,1.0
736,39.74443237087763,17,8,1.0
737,61.753551175570664,19,6,1.0
738,80.03673801305165,21,4,1.0
739,58.679843602527505,19,6,1.0
740,72.02626989861554,20,5,1.0
741,79.89981204090442,21,4,1.0
742,80.2598974937822,21,4,1.0
743,70.40155531854045,20,5,1.0
744,39.088346432546935,17,8,1.0
745,81.18661142253063,21,4,1.0
746,81.72907711492607,21,4,1.0
747,69.13841566389382,20,5,1.0
748,60.991429963227944,19,6,1.0
749,81.15860433147837,21,4,1.0
750,70.24846729203317,20,5,1.0
751,61.37050019907754,19,6,1.0
752,71.25240035057993,20,5,1.0
753,62.10003906343179,19,6,1.0
754,71.74833775089331,20,5,1.0
755,72.31652034278501,20,5,1.0
756,49.911714533728166,18,7,1.0
757,71.71337653187028,20,5,1.0
758,70.58082019138708,20,5,1.0
759,81.27658538793494,21,4,1.0
760,80.7046510826709,21,4,1.0
761,92.29343762690797,22,3,1.0
762,72.58680977249354,20,5,1.0
763,91.61665421371237,22,3,1.0
764,60.83182076323743,19,6,1.0
765,71.60677065387749,20,5,1.0
766,83.25950980296895,21,4,1.0
767,51.52741346384157,18,7,1.0
768,70.09566783735751,20,5,1.0
769,82.75338885695032,21,4,1.0
770,61.55560889294887,19,6,1.0
771,61.41629384261836,19,6,1.0
772,71.6353383618625,20,5,1.0
773,62.04012533960081,19,6,1.0
774,61.83194806389048,19,6,1.0
775,63.49122254156697,19,6,1.0
776,93.38899596792889,22,3,1.0
777,52.7359037417761,18,7,1.0
778,63.02973571233173,19,6,1.0
779,71.30408687033614,20,5,1.0
780,72.5812891100069,20,5,1.0
781,82.6347560382352,21,4,1.0
782,93.0157695754309,22,3,1.0
783,81.80057724472574,21,4,1.0
784,52.14487838773981,18,7,1.0
785,73.06713289712444,20,5,1.0
786,71.26372104868031,20,5,1.0
787,63.90954619934798,19,6,1.0
788,61.319913698092456,19,6,1.0
789,53.121206172129696,18,7,1.0
790,72.78478449992555,20,5,1.0
791,81.28083158505348,21,4,1.0
792,82.39352656660321,21,4,1.0
793,71.6263623378637,20,5,1.0
794,71.83333098627321,20,5,1.0
795,60.92113076608702,19,6,1.0
796,71.97704078388725,20,5,1.0
797,72.13968590554667,20,5,1.0
798,50.11571303043405,18,7,1.0
799,73.26726716320985,20,5,1.0
800,81.80541272359709,21,4,1.0
801,51.903117548143086,18,7,1.0
802,82.00189241319157,21,4,1.0
803,72.56355760720808,20,5,1.0
804,42.36722221528028,17,8,1.0
805,83.51171367308169,21,4,1.0
806,82.86805850065402,21,4,1.0
807,71.72576359298262,20,5,1.0
808,63.09051704470814,19,6,1.0
809,72.80650596655029,20,5,1.0
810,72.74568419272047,20,5,1.0
811,72.6288469630002,20,5,1.0
812,81.78743732837316,21,4,1.0
813,71.83783953833637,20,5,1.0
814,83.06962182558192,21,4,1.0
815,61.532354182913046,19,6,1.0
816,61.45561475558912,19,6,1.0
817,71.2965863385389,20,5,1.0
818,82.01626823424331,21,4,1.0
819,90.86637466559365,22,3,1.0
820,72.8967379714049,20,5,1.0
821,50.61205101170499,18,7,1.0
822,92.24270623961485,22,3,1.0
823,81.8173496386956,21,4,1.0
824,62.20763280923725,19,6,1.0
825,51.93018594074249,18,7,1.0
826,71.6105781370161,20,5,1.0
827,71.15485682574389,20,5,1.0
828,71.27894618675255,20,5,1.0
829,61.837251138051684,19,6,1.0
830,61.19422906101778,19,6,1.0
831,81.47507187928848,21,4,1.0
832,91.67445463663749,22,3,1.0
833,69.49018159256808,20,5,1.0
834,50.6868175662201,18,7,1.0
835,72.2914631406868,20,5,1.0
836,81.94871095130739,21,4,1.0
837,62.24547035746108,19,6,1.0
838,60.74555560741809,19,6,1.0
839,60.64215389949932,19,6,1.0
840,62.61418695574328,19,6,1.0
841,81.81560704761847,21,4,1.0
842,70.65641478919403,20,5,1.0
843,62.007668689596855,19,6,1.0
844,70.87681228620099,20,5,1.0
845,92.63271224008325,22,3,1.0
846,71.58988986293596,20,5,1.0
847,82.33425600285688,21,4,1.0
848,60.536403564332296,19,6,1.0
849,61.71538631135059,19,6,1.0
850,61.14384432776464,19,6,1.0
851,92.61759165519857,22,3,1.0
852,72.52724296314096,20,5,1.0
853,62.93872597876049,19,6,1.0
854,41.471628274001674,17,8,1.0
855,70.88737307752046,20,5,1.0
856,81.45158887851166,21,4,1.0
857,51.041781031080745,18,7,1.0
858,72.11779510271667,20,5,1.0
859,71.90111612898538,20,5,1.0
860,73.0563270091461,20,5,1.0
861,81.10726438075754,21,4,1.0
862,82.64947674823357,21,4,1.0
863,73.70757661620601,20,5,1.0
864,50.943613972217705,18,7,1.0
865,80.02705381848588,21,4,1.0
866,61.49811027222809,19,6,1.0
867,62.14313668235084,19,6,1.0
868,50.7715459238123,18,7,1.0
869,80.86814871390007,21,4,1.0
870,72.28010922045225,20,5,1.0
871,71.25434817044646,20,5,1.0
872,71.94810278572467,20,5,1.0
873,51.42279485671848,18,7,1.0
874,71.49328608333171,20,5,1.0
875,70.6629261571975,20,5,1.0
876,60.45313892179372,19,6,1.0
877,62.03886756404033,19,6,1.0
878,70.73077677473788,20,5,1.0
879,71.0491181534388,20,5,1.0
880,70.01534094916255,20,5,1.0
881,72.36463451678281,20,5,1.0
882,81.26335191628458,21,4,1.0
883,92.63553660605307,22,3,1.0
884,92.63646093587485,22,3,1.0
885,71.03591570383246,20,5,1.0
886,81.46969122019566,21,4,1.0
887,80.55972837570668,21,4,1.0
888,51.078295138273404,18,7,1.0
889,80.71794143204575,21,4,1.0
890,70.78571641853478,20,5,1.0
891,50.617840350750804,18,7,1.0
892,69.24502030109859,20,5,1.0
893,60.5807638079157,19,6,1.0
894,61.6827049689946,19,6,1.0
895,60.40812555253922,19,6,1.0
896,61.18240756657512,19,6,1.0
897,71.88887955031565,20,5,1.0
898,60.6480942740058,19,6,1.0
899,82.01138390603548,21,4,1.0
900,69.89323663087342,20,5,1.0
901,81.22553680123285,21,4,1.0
902,70.39542399293107,20,5,1.0
903,71.34228751037867,20,5,1.0
904,61.528514975803354,19,6,1.0
905,70.44018104853568,20,5,1.0
906,81.14821890094777,21,4,1.0
907,61.4003827298134,19,6,1.0
908,61.86551281359422,19,6,1.0
909,80.95364334654765,21,4,1.0
910,92.02479227526405,22,3,1.0
911,82.12286197104186,21,4,1.0
912,81.5661933797722,21,4,1.0
913,60.893994993246125,19,6,1.0
914,71.05764825069488,20,5,1.0
915,60.260575480077534,19,6,1.0
916,61.54356972953437,19,6,1.0
917,71.69056432576812,20,5,1.0
918,50.95454743783863,18,7,1.0
919,82.29004212249936,21,4,1.0
920,59.94915950924327,19,6,1.0
921,80.5083511901467,21,4,1.0
922,60.314965101934604,19,6,1.0
923,72.29051822073362,20,5,1.0
924,81.45555659753457,21,4,1.0
925,80.45567418497708,21,4,1.0
926,71.67677837342528,20,5,1.0
927,80.66952769892485,21,4,1.0
928,69.56777324226779,20,5,1.0
929,70.62277263517655,20,5,1.0
930,71.01802360974062,20,5,1.0
931,61.58664332160433,19,6,1.0
932,71.36088238620232,20,5,1.0
933,81.87759105028803,21,4,1.0
934,51.465292412034856,18,7,1.0
935,82.10047915670113,21,4,1.0
936,89.17195430389614,22,3,1.0
937,68.9460329581673,20,5,1.0
938,69.95203113899161,20,5,1.0
939,60.59340662048814,19,6,1.0
940,69.79165586852162,20,5,1.0
941,70.88077260502519,20,5,1.0
942,82.10308843041626,21,4,1.0
943,70.1078704457089,20,5,1.0
944,80.75898926551369,21,4,1.0
945,80.80501974098334,21,4,1.0
946,71.09648662162314,20,5,1.0
947,90.41046229660239,22,3,1.0
948,80.47258644097649,21,4,1.0
949,91.05555838179512,22,3,1.0
950,59.9454656436633,19,6,1.0
951,79.82112003391686,21,4,1.0
952,80.3265620442638,21,4,1.0
953,91.05184471558465,22,3,1.0
954,81.4655845280908,21,4,1.0
955,81.20356507224238,21,4,1.0
956,80.34238382191684,21,4,1.0
957,79.0102288598729,21,4,1.0
958,82.46557581212,21,4,1.0
959,80.34080483017483,21,4,1.0
960,81.59293187351962,21,4,1.0
961,59.80416110286167,19,6,1.0
962,70.97663756053328,20,5,1.0
963,51.050548537714334,18,7,1.0
964,81.10419088780364,21,4,1.0
965,59.578929741158774,19,6,1.0
966,70.2605482635038,20,5,1.0
967,69.5421302999185,20,5,1.0
968,77.80586000306901,21,4,1.0
969,70.39066866336117,20,5,1.0
970,69.55661411764487,20,5,1.0
971,69.41483513014303,20,5,1.0
972,69.81139387503006,20,5,1.0
973,78.83706694700753,21,4,1.0
974,70.11691877549885,20,5,1.0
975,81.37757748311604,21,4,1.0
976,69.83546551955313,20,5,1.0
977,78.62496678902676,21,4,1.0
978,91.11619040701122,22,3,1.0
979,79.75118845752112,21,4,1.0
980,59.87769291767046,19,6,1.0
981,71.77785584198561,20,5,1.0
982,59.05150972773267,19,6,1.0
983,69.53648427057412,20,5,1.0
984,80.71069242563411,21,4,1.0
985,80.61896552260512,21,4,1.0
986,60.342648854639435,19,6,1.0
987,79.94164231707441,21,4,1.0
988,80.2218662090315,21,4,1.0
989,59.81423242964216,19,6,1.0
990,80.04887860408083,21,4,1.0
991,80.66866675579597,21,4,1.0
992,70.8694170481443,20,5,1.0
993,88.62365586081496,22,3,1.0
994,59.56625590609158,19,6,1.0
995,79.64786796380115,21,4,1.0
996,81.23273071844824,21,4,1.0
997,69.49709749139845,20,5,1.0
998,70.18437682144027,20,5,1.0
999,72.09114827969971,20,5,1.0
1000,81.49753933138186,21,4,1.0
1001,70.05133825893992,20,5,1.0
1002,89.50334418154955,22,3,1.0
1003,78.89862853751528,21,4,1.0
1004,90.20051682011997,22,3,1.0
1005,89.09080567388733,22,3,1.0
1006,89.07508606070559,22,3,1.0
1007,69.0228328651754,20,5,1.0
1008,90.73429605229846,22,3,1.0
1009,89.5294029038472,22,3,1.0
1010,98.63080685973645,23,2,1.0
1011,88.36356761607225,22,3,1.0
1012,80.67008684369374,21,4,1.0
1013,89.29481637213264,22,3,1.0
1014,80.3695138212333,21,4,1.0
1015,89.39342381161038,22,3,1.0
1016,89.7961302233087,22,3,1.0
1017,78.27862636952155,21,4,1.0
1018,101.09835002294184,23,2,1.0
1019,87.94273082267225,22,3,1.0
1020,78.93223852480891,21,4,1.0
1021,68.39555391043959,20,5,1.0
1022,69.64476823717956,20,5,1.0
1023,90.79884707282928,22,3,1.0
1024,89.67941752494794,22,3,1.0
1025,80.36023081659526,21,4,1.0
1026,88.4504428620323,22,3,1.0
1027,68.42564339200221,20,5,1.0
1028,78.30578916901496,21,4,1.0
1029,80.20840317634783,21,4,1.0
1030,102.11596681698958,23,2,1.0
1031,78.31576055344414,21,4,1.0
1032,99.17004755161669,23,2,1.0
1033,58.46585959394604,19,6,1.0
1034,89.59579628025702,22,3,1.0
1035,71.10813863444646,20,5,1.0
1036,87.75346076539417,22,3,1.0
1037,69.07577078636606,20,5,1.0
1038,90.94344257798343,22,3,1.0
1039,80.59270091843145,21,4,1.0
1040,67.92378515531706,20,5,1.0
1041,92.09797932929229,22,3,1.0
1042,89.73656384473922,22,3,1.0
1043,79.00893410521005,21,4,1.0
1044,78.91889627505607,21,4,1.0
1045,69.77784116374816,20,5,1.0
1046,79.77739781107037,21,4,1.0
1047,80.49313904400347,21,4,1.0
1048,69.70006033312544,20,5,1.0
1049,80.00959861843445,21,4,1.0
1050,79.88001360035064,21,4,1.0
1051,81.32542667526496,21,4,1.0
1052,70.73385209408511,20,5,1.0
1053,69.17515265913566,20,5,1.0
1054,70.29008429495246,20,5,1.0
1055,80.95588554993905,21,4,1.0
1056,69.98187221150484,20,5,1.0
1057,62.276394121146765,19,6,1.0
1058,71.49697702310078,20,5,1.0
1059,70.85653076893277,20,5,1.0
1060,70.87533793232141,20,5,1.0
1061,69.82379161187751,20,5,1.0
1062,81.36845347717556,21,4,1.0
1063,61.352586235803095,19,6,1.0
1064,70.64076456684153,20,5,1.0
1065,80.18190642672245,21,4,1.0
1066,79.5817552583553,21,4,1.0
1067,51.51785961595577,18,7,1.0
1068,71.07355510761275,20,5,1.0
1069,70.10288952783823,20,5,1.0
1070,79.5891429722663,21,4,1.0
1071,59.83464151142703,19,6,1.0
1072,80.30175001479007,21,4,1.0
1073,60.181979532024414,19,6,1.0
1074,70.33564585031861,20,5,1.0
1075,70.044313427768,20,5,1.0
1076,71.63709742530901,20,5,1.0
1077,89.50971996661487,22,3,1.0
1078,69.68673756297534,20,5,1.0
1079,90.44437441380799,22,3,1.0
1080,80.3335912957262,21,4,1.0
1081,70.90883879083428,20,5,1.0
1082,70.38630765943812,20,5,1.0
1083,80.00314270393797,21,4,1.0
1084,71.24315057307787,20,5,1.0
1085,72.46040854039764,20,5,1.0
1086,79.99824399448306,21,4,1.0
1087,59.63620757995854,19,6,1.0
1088,68.70504763689009,20,5,1.0
1089,70.53803777086779,20,5,1.0
1090,99.57793815957082,23,2,1.0
1091,79.61589734566843,21,4,1.0
1092,79.65411073374412,21,4,1.0
1093,91.13687177660016,22,3,1.0
1094,78.78618832825424,21,4,1.0
1095,89.32814757682266,22,3,1.0
1096,90.8527016411381,22,3,1.0
1097,70.07116751880329,20,5,1.0
1098,61.380730900616825,19,6,1.0
1099,59.60245590480572,19,6,1.0
1100,81.10473562987536,21,4,1.0
1101,70.24048364863961,20,5,1.0
1102,69.94066541430932,20,5,1.0
1103,80.51328697637253,21,4,1.0
1104,78.74190723176729,21,4,1.0
1105,69.67525386847434,20,5,1.0
1106,90.6996440335739,22,3,1.0
1107,71.39751913974102,20,5,1.0
1108,90.42976666931965,22,3,1.0
1109,69.74931562641171,20,5,1.0
1110,80.62651125004605,21,4,1.0
1111,68.39572440088023,20,5,1.0
1112,90.70236927466871,22,3,1.0
1113,90.09447178942241,22,3,1.0
1114,79.68820073576518,21,4,1.0
1115,80.74746787067085,21,4,1.0
1116,59.719072423219565,19,6,1.0
1117,80.37242086899485,21,4,1.0
1118,91.22446958284455,22,3,1.0
1119,80.49648634798825,21,4,1.0
1120,60.34130690370677,19,6,1.0
1121,81.24676629265693,21,4,1.0
1122,71.75603289102672,20,5,1.0
1123,69.52437690923345,20,5,1.0
1124,70.95631132469167,20,5,1.0
1125,69.2436962420136,20,5,1.0
1126,80.6927326585571,21,4,1.0
1127,60.207441826063615,19,6,1.0
1128,81.25229254016966,21,4,1.0
1129,80.3763791793919,21,4,1.0
1130,70.98614815094611,20,5,1.0
1131,70.0943529271624,20,5,1.0
1132,71.8206929527108,20,5,1.0
1133,70.38846097983202,20,5,1.0
1134,90.96211239514169,22,3,1.0
1135,79.06308849297176,21,4,1.0
1136,80.6849060548686,21,4,1.0
1137,69.36624419626737,20,5,1.0
1138,81.1362231020723,21,4,1.0
1139,81.51257461564677,21,4,1.0
1140,81.41288893487584,21,4,1.0
1141,61.298631195821315,19,6,1.0
1142,71.21729706953415,20,5,1.0
1143,71.53884001193164,20,5,1.0
1144,62.54181989321238,19,6,1.0
1145,72.00982204347608,20,5,1.0
1146,71.44356809031729,20,5,1.0
1147,70.87023403675545,20,5,1.0
1148,70.96570265019938,20,5,1.0
1149,60.53225473393563,19,6,1.0
1150,80.21718258515386,21,4,1.0
1151,71.41539170299707,20,5,1.0
1152,61.15565337662704,19,6,1.0
1153,81.23562161744273,21,4,1.0
1154,81.82862934196334,21,4,1.0
1155,71.88245343349331,20,5,1.0
1156,91.49393242092124,22,3,1.0
1157,61.56467278472431,19,6,1.0
1158,60.430229575175645,19,6,1.0
1159,80.81612528859601,21,4,1.0
1160,60.94132428368373,19,6,1.0
1161,52.159513995130126,18,7,1.0
1162,59.53094397990407,19,6,1.0
1163,71.43362967875069,20,5,1.0
1164,70.39596306303025,20,5,1.0
1165,70.25895868906855,20,5,1.0
1166,60.67151318527136,19,6,1.0
1167,80.79144975503851,21,4,1.0
1168,60.29731449097342,19,6,1.0
1169,60.87620143293141,19,6,1.0
1170,70.71678752778038,20,5,1.0
1171,61.68730169294952,19,6,1.0
1172,70.14165553811424,20,5,1.0
1173,71.36728230525243,20,5,1.0
1174,61.01015115377582,19,6,1.0
1175,82.68155053006532,21,4,1.0
1176,91.71721525806076,22,3,1.0
1177,61.517387274241585,19,6,1.0
1178,71.10646133266768,20,5,1.0
1179,70.15464782778099,20,5,1.0
1180,70.81179474726501,20,5,1.0
1181,70.57587909107632,20,5,1.0
1182,60.465596049655176,19,6,1.0
1183,59.849539789129246,19,6,1.0
1184,80.34966669227424,21,4,1.0
1185,70.28577772314341,20,5,1.0
1186,59.49977358923505,19,6,1.0
1187,98.90746027921054,23,2,1.0
1188,60.790510095090916,19,6,1.0
1189,70.83101451544465,20,5,1.0
1190,80.62111062208035,21,4,1.0
1191,59.8312646766329,19,6,1.0
1192,60.81555023563794,19,6,1.0
1193,59.674412744121554,19,6,1.0
1194,60.32936281253686,19,6,1.0
1195,79.67689483931791,21,4,1.0
1196,70.31714774147862,20,5,1.0
1197,70.59801949505257,20,5,1.0
1198,70.06390737150684,20,5,1.0
1199,80.48194217315915,21,4,1.0
1200,60.7417068004285,19,6,1.0
1201,70.24048962610613,20,5,1.0
1202,79.77949645101835,21,4,1.0
1203,61.22211789649714,19,6,1.0
1204,80.8985318825888,21,4,1.0
1205,90.49726480688723,22,3,1.0
1206,80.04982079904849,21,4,1.0
1207,70.00906198021858,20,5,1.0
1208,81.03676853485096,21,4,1.0
1209,90.81174702533993,22,3,1.0
1210,59.687602986865144,19,6,1.0
1211,79.97377108684864,21,4,1.0
1212,50.72058070126806,18,7,1.0
1213,59.685544484288755,19,6,1.0
1214,59.94389166380211,19,6,1.0
1215,60.248968777956534,19,6,1.0
1216,69.86724905033824,20,5,1.0
1217,70.1587415705866,20,5,1.0
1218,69.57617029963819,20,5,1.0
1219,59.53945475525847,19,6,1.0
1220,49.43442669644223,18,7,1.0
1221,60.587966176580395,19,6,1.0
1222,59.355546154521136,19,6,1.0
1223,60.55648414491502,19,6,1.0
1224,60.31220288658055,19,6,1.0
1225,80.91924238605958,21,4,1.0
1226,70.58282196126439,20,5,1.0
1227,69.58273337079521,20,5,1.0
1228,70.90071449577181,20,5,1.0
1229,49.88848459328644,18,7,1.0
1230,69.79721417558815,20,5,1.0
1231,70.50664437669747,20,5,1.0
1232,61.415335517622424,19,6,1.0
1233,70.79807681588109,20,5,1.0
1234,69.44048042327769,20,5,1.0
1235,50.88525517905688,18,7,1.0
1236,51.22573203005368,18,7,1.0
1237,80.73761431226956,21,4,1.0
1238,50.02160450956421,18,7,1.0
1239,51.099414027086844,18,7,1.0
1240,69.79519327762287,20,5,1.0
1241,71.07502571076512,20,5,1.0
1242,81.51539801345295,21,4,1.0
1243,59.36200692171565,19,6,1.0
1244,59.488473010004995,19,6,1.0
1245,51.30128904812932,18,7,1.0
1246,69.87967622977018,20,5,1.0
1247,50.39359376662305,18,7,1.0
1248,59.96544516053723,19,6,1.0
1249,70.5533099481491,20,5,1.0
1250,60.602567090441596,19,6,1.0
1251,59.916089625265926,19,6,1.0
1252,71.5603535187087,20,5,1.0
1253,59.52538574307856,19,6,1.0
1254,49.85980704640873,18,7,1.0
1255,71.14640526557281,20,5,1.0
1256,60.53288500182779,19,6,1.0
1257,50.95813722026591,18,7,1.0
1258,70.53034961415497,20,5,1.0
1259,49.59767614683943,18,7,1.0
1260,71.24081489136157,20,5,1.0
1261,71.03748780318679,20,5,1.0
1262,60.492569178150404,19,6,1.0
1263,60.28993296903094,19,6,1.0
1264,60.379808144789706,19,6,1.0
1265,60.415967547713684,19,6,1.0
1266,60.43536943201512,19,6,1.0
1267,59.82296839386237,19,6,1.0
1268,50.58397907376795,18,7,1.0
1269,69.69983004970558,20,5,1.0
1270,50.17894261148801,18,7,1.0
1271,70.06592250324523,20,5,1.0
1272,50.67182731835226,18,7,1.0
1273,70.91881282021056,20,5,1.0
1274,71.13144668655596,20,5,1.0
1275,51.32822691194022,18,7,1.0
1276,50.61700243235565,18,7,1.0
1277,50.28727995305605,18,7,1.0
1278,71.46131799173976,20,5,1.0
1279,70.0609566137309,20,5,1.0
1280,60.59732442724115,19,6,1.0
1281,51.05660958245094,18,7,1.0
1282,50.88750457490163,18,7,1.0
1283,61.582190245439904,19,6,1.0
1284,60.869536529878516,19,6,1.0
1285,71.32215793372238,20,5,1.0
1286,60.04780653229179,19,6,1.0
1287,50.719558488968744,18,7,1.0
1288,40.37748097060309,17,8,1.0
1289,59.53614085532645,19,6,1.0
1290,60.129603084684376,19,6,1.0
1291,71.08328016453696,20,5,1.0
1292,70.8557758956985,20,5,1.0
1293,70.57701530094646,20,5,1.0
1294,60.08640414399052,19,6,1.0
1295,70.91126946621411,20,5,1.0
1296,69.60594582867985,20,5,1.0
1297,50.48761937038738,18,7,1.0
1298,60.27267787294077,19,6,1.0
1299,60.38063979435542,19,6,1.0
1300,60.5472053118924,19,6,1.0
1301,51.06117847101277,18,7,1.0
1302,60.27248339400586,19,6,1.0
1303,50.520696656786114,18,7,1.0
1304,80.38058586845234,21,4,1.0
1305,60.03161586344673,19,6,1.0
1306,51.84265936439314,18,7,1.0
1307,60.92250921209839,19,6,1.0
1308,70.0399581319877,20,5,1.0
1309,60.87457537675998,19,6,1.0
1310,61.298341943328,19,6,1.0
1311,60.33821108310201,19,6,1.0
1312,80.6036737267138,21,4,1.0
1313,60.73521427628032,19,6,1.0
1314,60.6626917598698,19,6,1.0
1315,60.21008375760243,19,6,1.0
1316,80.71420475145092,21,4,1.0
1317,60.797318693141605,19,6,1.0
1318,60.21684595092401,19,6,1.0
1319,71.10905453105198,20,5,1.0
1320,40.637587895103536,17,8,1.0
1321,61.10914134059373,19,6,1.0
1322,50.591670333085524,18,7,1.0
1323,60.85474818197682,19,6,1.0
1324,81.04019226868404,21,4,1.0
1325,50.50204827855762,18,7,1.0
1326,60.468155607039805,19,6,1.0
1327,60.86132017548739,19,6,1.0
1328,60.07443179194931,19,6,1.0
1329,60.510809204936365,19,6,1.0
1330,70.31663859034673,20,5,1.0
1331,51.05934962215676,18,7,1.0
1332,81.3245068757685,21,4,1.0
1333,60.71245053795464,19,6,1.0
1334,60.88963352937486,19,6,1.0
1335,59.919286179014165,19,6,1.0
1336,50.325261476103975,18,7,1.0
1337,59.51010958559745,19,6,1.0
1338,60.61044395607802,19,6,1.0
1339,60.91511931532401,19,6,1.0
1340,61.05296621943424,19,6,1.0
1341,81.87189246598663,21,4,1.0
1342,60.45578734367596,19,6,1.0
1343,70.19321140776927,20,5,1.0
1344,50.886658719166334,18,7,1.0
1345,69.79307444114629,20,5,1.0
1346,70.62278903782294,20,5,1.0
1347,51.347676913878956,18,7,1.0
1348,70.09870814427266,20,5,1.0
1349,51.2158831831594,18,7,1.0
1350,70.11211975397836,20,5,1.0
1351,61.66115625484566,19,6,1.0
1352,50.866632629976465,18,7,1.0
1353,71.25357121759035,20,5,1.0
1354,71.14721805326867,20,5,1.0
1355,51.9228055216421,18,7,1.0
1356,71.6047627419933,20,5,1.0
1357,62.14831620521049,19,6,1.0
1358,61.620361762104004,19,6,1.0
1359,41.98347922883187,17,8,1.0
1360,71.1593494612354,20,5,1.0
1361,61.719458282194864,19,6,1.0
1362,61.746317473302916,19,6,1.0
1363,71.77283899437967,20,5,1.0
1364,71.09771851309145,20,5,1.0
1365,70.8344141037708,20,5,1.0
1366,42.1795575922447,17,8,1.0
1367,70.54094001454332,20,5,1.0
1368,51.63170324147245,18,7,1.0
1369,71.79526308194804,20,5,1.0
1370,71.92334521185552,20,5,1.0
1371,72.11410493455097,20,5,1.0
1372,51.95579362666007,18,7,1.0
1373,62.09852485310951,19,6,1.0
1374,62.02974131766007,19,6,1.0
1375,40.80391076676225,17,8,1.0
1376,72.60055331575919,20,5,1.0
1377,52.040732830509505,18,7,1.0
1378,62.0670154186254,19,6,1.0
1379,60.484182281754855,19,6,1.0
1380,62.59799118206739,19,6,1.0
1381,72.46845368057262,20,5,1.0
1382,90.72519495107353,22,3,1.0
1383,80.68953081532284,21,4,1.0
1384,61.55818498823763,19,6,1.0
1385,82.24926247857252,21,4,1.0
1386,72.06032477355585,20,5,1.0
1387,71.35411031593584,20,5,1.0
1388,83.04330421126554,21,4,1.0
1389,70.58133514056458,20,5,1.0
1390,60.72995697945356,19,6,1.0
1391,71.29997449102937,20,5,1.0
1392,71.65278191086165,20,5,1.0
1393,70.81847463773862,20,5,1.0
1394,62.009535945037584,19,6,1.0
1395,50.93422059251405,18,7,1.0
1396,61.33232332872536,19,6,1.0
1397,61.19502946901978,19,6,1.0
1398,61.556643678255554,19,6,1.0
1399,61.53025212890347,19,6,1.0
1400,70.93280001382655,20,5,1.0
1401,81.16736183950125,21,4,1.0
1402,60.35268268218387,19,6,1.0
1403,71.31863052476028,20,5,1.0
1404,60.8438639177039,19,6,1.0
1405,51.03942304786362,18,7,1.0
1406,50.520903093514434,18,7,1.0
1407,60.885757806408414,19,6,1.0
1408,60.79250581119207,19,6,1.0
1409,60.98593051983843,19,6,1.0
1410,50.65354820965326,18,7,1.0
1411,50.145898572112635,18,7,1.0
1412,61.28463573008902,19,6,1.0
1413,61.4830622491442,19,6,1.0
1414,41.088284688921824,17,8,1.0
1415,71.01386955669136,20,5,1.0
1416,59.69104381336652,19,6,1.0
1417,70.53388297994672,20,5,1.0
1418,71.75371319437563,20,5,1.0
1419,70.97362397669204,20,5,1.0
1420,70.7525209038419,20,5,1.0
1421,70.98077167674276,20,5,1.0
1422,70.41613872300188,20,5,1.0
1423,60.47899470151285,19,6,1.0
1424,51.358299626944564,18,7,1.0
1425,70.8932104230919,20,5,1.0
1426,61.636142418842496,19,6,1.0
1427,81.3384068615289,21,4,1.0
1428,51.42090363345197,18,7,1.0
1429,70.23033875382819,20,5,1.0
1430,50.26220607645585,18,7,1.0
1431,61.58816575956273,19,6,1.0
1432,51.02196700344196,18,7,1.0
1433,61.34189548615838,19,6,1.0
1434,61.01833235617187,19,6,1.0
1435,60.76429143305434,19,6,1.0
1436,61.598428610259354,19,6,1.0
1437,71.5197688630671,20,5,1.0
1438,71.26820153508264,20,5,1.0
1439,70.68060448211371,20,5,1.0
1440,81.28872319996164,21,4,1.0
1441,70.94093711518217,20,5,1.0
1442,51.729210547458585,18,7,1.0
1443,71.45784294855899,20,5,1.0
1444,61.84238495222027,19,6,1.0
1445,70.54930388687112,20,5,1.0
1446,81.02869714781197,21,4,1.0
1447,70.42833667756199,20,5,1.0
1448,60.927222406177066,19,6,1.0
1449,41.816755002948526,17,8,1.0
1450,40.2023957290045,17,8,1.0
1451,61.98210481806381,19,6,1.0
1452,60.80801889706814,19,6,1.0
1453,50.691860128588246,18,7,1.0
1454,60.640486162537684,19,6,1.0
1455,50.64282717457682,18,7,1.0
1456,61.70617809843779,19,6,1.0
1457,71.93340837808034,20,5,1.0
1458,81.40890200400408,21,4,1.0
1459,60.92662338223416,19,6,1.0
1460,70.8529390895311,20,5,1.0
1461,71.08527018519061,20,5,1.0
1462,91.46842061937514,22,3,1.0
1463,70.62058289472317,20,5,1.0
1464,70.79348827703262,20,5,1.0
1465,69.96946414262679,20,5,1.0
1466,71.10055552022543,20,5,1.0
1467,71.89713816028724,20,5,1.0
1468,80.64679811931089,21,4,1.0
1469,50.22071595287074,18,7,1.0
1470,61.42842125326197,19,6,1.0
1471,60.853390185441725,19,6,1.0
1472,72.13436814620789,20,5,1.0
1473,70.85253406243585,20,5,1.0
1474,81.77406674829544,21,4,1.0
1475,80.80367387938716,21,4,1.0
1476,91.58154654418077,22,3,1.0
1477,70.62098524793137,20,5,1.0
1478,61.59775316195007,19,6,1.0
1479,72.25031094477202,20,5,1.0
1480,60.14193113740272,19,6,1.0
1481,60.86604336877183,19,6,1.0
1482,50.681654896735324,18,7,1.0
1483,70.6308706502281,20,5,1.0
1484,70.74933850158145,20,5,1.0
1485,71.1363054061455,20,5,1.0
1486,70.75910561979336,20,5,1.0
1487,51.14587108328503,18,7,1.0
1488,59.82415754279784,19,6,1.0
1489,71.01722960986206,20,5,1.0
1490,61.74038259067093,19,6,1.0
1491,80.82875470720319,21,4,1.0
1492,69.98155974700981,20,5,1.0
1493,90.27140215930433,22,3,1.0
1494,61.066179937126904,19,6,1.0
1495,60.2496380903025,19,6,1.0
1496,60.09823821533304,19,6,1.0
1497,61.390816987514725,19,6,1.0
1498,70.84148222744406,20,5,1.0
1499,71.05595307951788,20,5,1.0
1500,70.41488407011379,20,5,1.0
1501,70.0654601966381,20,5,1.0
1502,71.36425483532797,20,5,1.0
1503,70.22081167690042,20,5,1.0
1504,80.74623217367585,21,4,1.0
1505,70.56247258540537,20,5,1.0
1506,79.92006622168849,21,4,1.0
1507,60.49485544626332,19,6,1.0
1508,61.54010651016705,19,6,1.0
1509,71.16924989377151,20,5,1.0
1510,70.61088256495115,20,5,1.0
1511,70.53998586904277,20,5,1.0
1512,70.54073585550573,20,5,1.0
1513,60.33034874865746,19,6,1.0
1514,70.38504148421181,20,5,1.0
1515,70.40244687096235,20,5,1.0
1516,60.09427208138007,19,6,1.0
1517,70.99722946150432,20,5,1.0
1518,60.650020711771774,19,6,1.0
1519,80.91072384031271,21,4,1.0
1520,61.30333627537677,19,6,1.0
1521,71.0997675318682,20,5,1.0
1522,70.06843065599094,20,5,1.0
1523,70.90785028055848,20,5,1.0
1524,61.50938555193984,19,6,1.0
1525,79.91393047487564,21,4,1.0
1526,50.07035046850554,18,7,1.0
1527,60.35153293722501,19,6,1.0
1528,60.54283808935442,19,6,1.0
1529,70.33827897727261,20,5,1.0
1530,70.90805342334338,20,5,1.0
1531,61.08080339139529,19,6,1.0
1532,70.5638180306515,20,5,1.0
1533,50.630596050752274,18,7,1.0
1534,61.27368979844424,19,6,1.0
1535,70.89037991243036,20,5,1.0
1536,61.30871900875022,19,6,1.0
1537,70.85214573327583,20,5,1.0
1538,61.33971433448353,19,6,1.0
1539,70.18990484077095,20,5,1.0
1540,60.89836455283904,19,6,1.0
1541,81.76258950538266,21,4,1.0
1542,70.22846302110374,20,5,1.0
1543,70.83007552779416,20,5,1.0
1544,71.10572884844571,20,5,1.0
1545,61.29641778655699,19,6,1.0
1546,70.56849561924805,20,5,1.0
1547,70.6942208151221,20,5,1.0
1548,60.81629799822446,19,6,1.0
1549,60.60317181207017,19,6,1.0
1550,60.84608532484677,19,6,1.0
1551,60.59955373620525,19,6,1.0
1552,70.68852432639619,20,5,1.0
1553,61.09012288279943,19,6,1.0
1554,61.64233729844496,19,6,1.0
1555,70.85634464531398,20,5,1.0
1556,70.50194098285141,20,5,1.0
1557,50.89154012576703,18,7,1.0
1558,71.26314824937496,20,5,1.0
1559,70.32812465039802,20,5,1.0
1560,71.73706669969529,20,5,1.0
1561,61.72818276833512,19,6,1.0
1562,60.15900138981935,19,6,1.0
1563,59.72214891054631,19,6,1.0
1564,70.94550138834956,20,5,1.0
1565,70.34971565076182,20,5,1.0
1566,71.01765762868249,20,5,1.0
1567,61.43756030854273,19,6,1.0
1568,71.22741273374812,20,5,1.0
1569,80.33846027466883,21,4,1.0
1570,70.6980603616349,20,5,1.0
1571,70.84402459619798,20,5,1.0
1572,70.36391858893586,20,5,1.0
1573,61.19896226385235,19,6,1.0
1574,50.50750536705966,18,7,1.0
1575,70.33808129174713,20,5,1.0
1576,60.50065816222106,19,6,1.0
1577,80.33631532784281,21,4,1.0
1578,70.33942040535132,20,5,1.0
1579,70.98631799917668,20,5,1.0
1580,80.49623826908444,21,4,1.0
1581,70.71610945770124,20,5,1.0
1582,70.76376161788453,20,5,1.0
1583,80.64892083798603,21,4,1.0
1584,71.28352163300684,20,5,1.0
1585,71.58709318014581,20,5,1.0
1586,60.63186696297586,19,6,1.0
1587,60.10503677603779,19,6,1.0
1588,70.62587805975858,20,5,1.0
1589,81.040979878907,21,4,1.0
1590,70.52316531265384,20,5,1.0
1591,71.4025489646419,20,5,1.0
1592,60.95225920348955,19,6,1.0
1593,61.475780345468095,19,6,1.0
1594,71.74822520664112,20,5,1.0
1595,60.79863223357441,19,6,1.0
1596,60.61925251228175,19,6,1.0
1597,81.13871756868829,21,4,1.0
1598,60.96064401502619,19,6,1.0
1599,70.9645734834475,20,5,1.0
1600,70.73111249530726,20,5,1.0
1601,70.76275862640766,20,5,1.0
1602,71.01180884270161,20,5,1.0
1603,70.83982902119078,20,5,1.0
1604,71.35673497656158,20,5,1.0
1605,70.94593909210838,20,5,1.0
1606,51.18183108365039,18,7,1.0
1607,71.06026370079566,20,5,1.0
1608,60.33245924817543,19,6,1.0
1609,71.57492912594684,20,5,1.0
1610,60.22209072485299,19,6,1.0
1611,60.65859396716893,19,6,1.0
1612,80.1401591413899,21,4,1.0
1613,70.7896177131041,20,5,1.0
1614,71.2505110199803,20,5,1.0
1615,71.06924234161743,20,5,1.0
1616,81.51250761038804,21,4,1.0
1617,60.170642595909506,19,6,1.0
1618,80.72929139599839,21,4,1.0
1619,60.838347959834294,19,6,1.0
1620,61.219760346090226,19,6,1.0
1621,50.73186261229856,18,7,1.0
1622,71.45956896003244,20,5,1.0
1623,60.79660505806022,19,6,1.0
1624,71.3806509889483,20,5,1.0
1625,60.7925604891596,19,6,1.0
1626,70.89895510953589,20,5,1.0
1627,60.917564011602835,19,6,1.0
1628,80.7238523826298,21,4,1.0
1629,60.59049416905031,19,6,1.0
1630,60.66113119912549,19,6,1.0
1631,60.68259802959783,19,6,1.0
1632,71.38270485567506,20,5,1.0
1633,70.66290159615967,20,5,1.0
1634,61.32480623252266,19,6,1.0
1635,70.93595625810029,20,5,1.0
1636,70.50980743594843,20,5,1.0
1637,80.74388419946035,21,4,1.0
1638,80.37013082741994,21,4,1.0
1639,70.26790513176026,20,5,1.0
1640,50.81860421833017,18,7,1.0
1641,70.46302415601441,20,5,1.0
1642,60.993530122920745,19,6,1.0
1643,81.25360720890315,21,4,1.0
1644,80.84828004326592,21,4,1.0
1645,69.82883929837853,20,5,1.0
1646,80.23897026734645,21,4,1.0
1647,61.02967982687976,19,6,1.0
1648,81.14812100218344,21,4,1.0
1649,69.88233273665203,20,5,1.0
1650,70.78441459122564,20,5,1.0
1651,60.45283885321068,19,6,1.0
1652,91.17446881980757,22,3,1.0
1653,80.5346766125612,21,4,1.0
1654,70.67808928173483,20,5,1.0
1655,70.69235094452745,20,5,1.0
1656,80.71784358109501,21,4,1.0
1657,71.2148404843477,20,5,1.0
1658,69.8398384903168,20,5,1.0
1659,70.60896410545747,20,5,1.0
1660,59.79456671977322,19,6,1.0
1661,70.37883925592267,20,5,1.0
1662,59.672083645383736,19,6,1.0
1663,70.80936847193864,20,5,1.0
1664,59.94744096757887,19,6,1.0
1665,70.56320015461402,20,5,1.0
1666,69.72345128536358,20,5,1.0
1667,51.03653988542261,18,7,1.0
1668,60.80903931035287,19,6,1.0
1669,50.224516796397616,18,7,1.0
1670,59.90814386260638,19,6,1.0
1671,70.06008883880835,20,5,1.0
1672,80.9727793797698,21,4,1.0
1673,70.60438993490841,20,5,1.0
1674,70.38207201561278,20,5,1.0
1675,70.62933922648112,20,5,1.0
1676,80.55096535458911,21,4,1.0
1677,50.395761418837296,18,7,1.0
1678,70.48207924723654,20,5,1.0
1679,80.40820430015386,21,4,1.0
1680,70.748978013521,20,5,1.0
1681,80.6425784076195,21,4,1.0
1682,70.73136912434904,20,5,1.0
1683,71.17830427487172,20,5,1.0
1684,81.0613712070208,21,4,1.0
1685,70.26352092360713,20,5,1.0
1686,80.8681006290035,21,4,1.0
1687,60.14330041715617,19,6,1.0
1688,90.78059169179072,22,3,1.0
1689,81.77159961984994,21,4,1.0
1690,70.85726958324429,20,5,1.0
1691,70.8425672251963,20,5,1.0
1692,70.88273425799599,20,5,1.0
1693,60.3870641689505,19,6,1.0
1694,60.94725595141075,19,6,1.0
1695,72.08754167518703,20,5,1.0
1696,61.19103021792311,19,6,1.0
1697,60.95149657768907,19,6,1.0
1698,69.59281472289501,20,5,1.0
1699,80.60551311892102,21,4,1.0
1700,80.52822437999062,21,4,1.0
1701,70.75162551408144,20,5,1.0
1702,70.81048919322946,20,5,1.0
1703,71.705586309355,20,5,1.0
1704,70.45175176020243,20,5,1.0
1705,60.79873872243037,19,6,1.0
1706,71.0568613615181,20,5,1.0
1707,50.845421544032014,18,7,1.0
1708,70.90290524149306,20,5,1.0
1709,61.43771433318243,19,6,1.0
1710,70.676825230147,20,5,1.0
1711,70.7760273687315,20,5,1.0
1712,51.15672401968435,18,7,1.0
1713,50.63675927991068,18,7,1.0
1714,81.06275143092292,21,4,1.0
1715,70.05133407341236,20,5,1.0
1716,60.12322799547256,19,6,1.0
1717,70.99466222129612,20,5,1.0
1718,70.48571038300354,20,5,1.0
1719,70.46074996376036,20,5,1.0
1720,50.778716028766056,18,7,1.0
1721,70.62896345046666,20,5,1.0
1722,69.92937504248981,20,5,1.0
1723,80.38552838185828,21,4,1.0
1724,40.70554750986928,17,8,1.0
1725,60.78568594636975,19,6,1.0
1726,39.99141475589446,17,8,1.0
1727,59.71813400055723,19,6,1.0
1728,50.23995821070327,18,7,1.0
1729,59.75633900944114,19,6,1.0
1730,70.2583917663111,20,5,1.0
1731,60.154148213579774,19,6,1.0
1732,70.92511995358969,20,5,1.0
1733,70.67824604297113,20,5,1.0
1734,70.55037341944448,20,5,1.0
1735,70.71955253666525,20,5,1.0
1736,69.94770440398268,20,5,1.0
1737,50.201636832253904,18,7,1.0
1738,70.96997806989971,20,5,1.0
1739,61.6706427981501,19,6,1.0
1740,60.854536536795486,19,6,1.0
1741,70.04284742324641,20,5,1.0
1742,60.35024481467246,19,6,1.0
1743,70.2150037317264,20,5,1.0
1744,80.55443635425407,21,4,1.0
1745,70.53221705638788,20,5,1.0
1746,49.4777318589442,18,7,1.0
1747,70.20786499209807,20,5,1.0
1748,60.29422419701577,19,6,1.0
1749,59.824178250049144,19,6,1.0
1750,70.72558003580961,20,5,1.0
1751,70.93558080528011,20,5,1.0
1752,80.98599868349085,21,4,1.0
1753,60.53306080581564,19,6,1.0
1754,60.654269837213945,19,6,1.0
1755,60.94218881384328,19,6,1.0
1756,60.48368496662907,19,6,1.0
1757,50.14663636898702,18,7,1.0
1758,70.2691375303573,20,5,1.0
1759,60.494653304234454,19,6,1.0
1760,60.24396989939231,19,6,1.0
1761,61.568486613171814,19,6,1.0
1762,50.76188931340475,18,7,1.0
1763,70.27289165970186,20,5,1.0
1764,60.21731896598975,19,6,1.0
1765,61.089333765509025,19,6,1.0
1766,60.32879330557127,19,6,1.0
1767,49.872389210074594,18,7,1.0
1768,60.045091037288074,19,6,1.0
1769,59.57190783340076,19,6,1.0
1770,70.37577442626622,20,5,1.0
1771,70.91592601756915,20,5,1.0
1772,61.39642570949212,19,6,1.0
1773,69.82648313494316,20,5,1.0
1774,60.252208167962195,19,6,1.0
1775,70.85371733295689,20,5,1.0
1776,69.81105931590238,20,5,1.0
1777,69.9783223813412,20,5,1.0
1778,70.7918913960236,20,5,1.0
1779,59.32837270329376,19,6,1.0
1780,79.81475650586496,21,4,1.0
1781,50.53957034663962,18,7,1.0
1782,69.19565646044141,20,5,1.0
1783,70.08264354753439,20,5,1.0
1784,70.48941201690783,20,5,1.0
1785,60.14235116299288,19,6,1.0
1786,70.57218283380907,20,5,1.0
1787,79.83273023378804,21,4,1.0
1788,69.19825708387684,20,5,1.0
1789,79.24795803322888,21,4,1.0
1790,58.97659283475383,19,6,1.0
1791,59.992618984709054,19,6,1.0
1792,80.4493550207607,21,4,1.0
1793,50.65122407934247,18,7,1.0
1794,79.12893298180062,21,4,1.0
1795,79.66992763785431,21,4,1.0
1796,58.89095370002033,19,6,1.0
1797,80.16822975145958,21,4,1.0
1798,69.34072772420676,20,5,1.0
1799,69.25779257885362,20,5,1.0
1800,69.4464068806481,20,5,1.0
1801,69.87510261056721,20,5,1.0
1802,59.04286811533315,19,6,1.0
1803,79.65264668475646,21,4,1.0
1804,79.55793902612989,21,4,1.0
1805,69.370423956344,20,5,1.0
1806,79.22523747165451,21,4,1.0
1807,60.55251478707876,19,6,1.0
1808,59.194356536822895,19,6,1.0
1809,79.85746363684115,21,4,1.0
1810,70.04199172829183,20,5,1.0
1811,59.97499597747877,19,6,1.0
1812,60.33009586506351,19,6,1.0
1813,70.82627339261,20,5,1.0
1814,80.61052515333088,21,4,1.0
1815,69.75509808229967,20,5,1.0
1816,69.74009802549803,20,5,1.0
1817,60.17798752177043,19,6,1.0
1818,79.4297704889213,21,4,1.0
1819,90.33422165857797,22,3,1.0
1820,69.83942734745567,20,5,1.0
1821,80.05688332370907,21,4,1.0
1822,70.19473041246404,20,5,1.0
1823,70.08367204917505,20,5,1.0
1824,60.023130290570734,19,6,1.0
1825,79.193237902402,21,4,1.0
1826,78.86073119346175,21,4,1.0
1827,59.03790944059939,19,6,1.0
1828,80.53065786498055,21,4,1.0
1829,68.93307547490471,20,5,1.0
1830,69.9605967425975,20,5,1.0
1831,59.60319957577009,19,6,1.0
1832,80.15095611374618,21,4,1.0
1833,70.14182740901222,20,5,1.0
1834,81.10292541507354,21,4,1.0
1835,79.61848788074076,21,4,1.0
1836,60.75484896187642,19,6,1.0
1837,79.83822249673618,21,4,1.0
1838,79.65279050817958,21,4,1.0
1839,69.94600511300754,20,5,1.0
1840,60.23359434208869,19,6,1.0
1841,69.96767889447418,20,5,1.0
1842,80.54321583764073,21,4,1.0
1843,60.11709071686529,19,6,1.0
1844,79.7906008936558,21,4,1.0
1845,69.40165513976399,20,5,1.0
1846,49.57798450910495,18,7,1.0
1847,69.60914181954648,20,5,1.0
1848,70.12410337783734,20,5,1.0
1849,79.70645385859888,21,4,1.0
1850,69.29231787225042,20,5,1.0
1851,70.45034088041369,20,5,1.0
1852,79.67464266857071,21,4,1.0
1853,59.06909558719781,19,6,1.0
1854,69.36402112339539,20,5,1.0
1855,59.462624445764675,19,6,1.0
1856,80.32491838195494,21,4,1.0
1857,68.75081072284074,20,5,1.0
1858,79.81439820338977,21,4,1.0
1859,69.50222134963404,20,5,1.0
1860,80.25344311199265,21,4,1.0
1861,70.26746110458352,20,5,1.0
1862,80.58923958117875,21,4,1.0
1863,80.22922682118391,21,4,1.0
1864,69.0732832311465,20,5,1.0
1865,89.85136018600171,22,3,1.0
1866,79.65938661994224,21,4,1.0
1867,80.0468013839393,21,4,1.0
1868,70.14700973203408,20,5,1.0
1869,79.76245192356724,21,4,1.0
1870,79.81411588382554,21,4,1.0
1871,69.55795465800198,20,5,1.0
1872,69.99951979959624,20,5,1.0
1873,80.23093824009021,21,4,1.0
1874,69.65292233433688,20,5,1.0
1875,69.96125762842047,20,5,1.0
1876,70.32565939267883,20,5,1.0
1877,69.88827340118723,20,5,1.0
1878,70.12760343420341,20,5,1.0
1879,80.44255215714792,21,4,1.0
1880,50.25237969569416,18,7,1.0
1881,79.91477122214529,21,4,1.0
1882,69.36931701500131,20,5,1.0
1883,79.68635033265525,21,4,1.0
1884,69.86328499178877,20,5,1.0
1885,69.75593760138439,20,5,1.0
1886,79.4828834131392,21,4,1.0
1887,79.99764255936532,21,4,1.0
1888,70.41427117713397,20,5,1.0
1889,50.60554232699571,18,7,1.0
1890,69.06712058023606,20,5,1.0
1891,70.38490889644632,20,5,1.0
1892,60.017902143466074,19,6,1.0
1893,80.36433127079157,21,4,1.0
1894,60.234964720832856,19,6,1.0
1895,59.986253881387526,19,6,1.0
1896,60.00693880028646,19,6,1.0
1897,59.86325263093309,19,6,1.0
1898,79.25800534216945,21,4,1.0
1899,79.91506487453853,21,4,1.0
1900,80.01165560618122,21,4,1.0
1901,80.56179523431626,21,4,1.0
1902,70.02548143370161,20,5,1.0
1903,59.23062627396928,19,6,1.0
1904,59.459910498418026,19,6,1.0
1905,80.04269048923953,21,4,1.0
1906,80.02618378908221,21,4,1.0
1907,69.7484330124472,20,5,1.0
1908,70.23263536010602,20,5,1.0
1909,69.44938790911351,20,5,1.0
1910,59.826578051563374,19,6,1.0
1911,60.55262825348606,19,6,1.0
1912,59.714110941755294,19,6,1.0
1913,79.90709966220432,21,4,1.0
1914,69.10787530925927,20,5,1.0
1915,70.20111366496324,20,5,1.0
1916,69.73357421286596,20,5,1.0
1917,69.87578816132978,20,5,1.0
1918,69.90961907210179,20,5,1.0
1919,59.8035449725745,19,6,1.0
1920,59.00875171393636,19,6,1.0
1921,77.77073002051608,21,4,1.0
1922,59.22862833616127,19,6,1.0
1923,78.75361533300472,21,4,1.0
1924,69.18495933151176,20,5,1.0
1925,80.16173668661293,21,4,1.0
1926,78.76271254796747,21,4,1.0
1927,78.94658526714383,21,4,1.0
1928,68.44737189654785,20,5,1.0
1929,68.62929018366157,20,5,1.0
1930,78.4858849304549,21,4,1.0
1931,68.15168849805417,20,5,1.0
1932,79.29411490032999,21,4,1.0
1933,68.76080634613687,20,5,1.0
1934,69.08734769277608,20,5,1.0
1935,59.81563585281371,19,6,1.0
1936,69.98698930598967,20,5,1.0
1937,69.7225765003948,20,5,1.0
1938,79.4150667230887,21,4,1.0
1939,69.98526870611632,20,5,1.0
1940,79.86536494191998,21,4,1.0
1941,78.92894449617809,21,4,1.0
1942,80.50255604327431,21,4,1.0
1943,79.06944922917712,21,4,1.0
1944,80.26553246820443,21,4,1.0
1945,69.32119507624287,20,5,1.0
1946,79.63180911949414,21,4,1.0
1947,79.7407836142358,21,4,1.0
1948,69.32452507398982,20,5,1.0
1949,79.90730664971603,21,4,1.0
1950,80.44479483602001,21,4,1.0
1951,69.82745121304006,20,5,1.0
1952,79.68419431328053,21,4,1.0
1953,59.63932132105968,19,6,1.0
1954,79.03741929452669,21,4,1.0
1955,59.133769098188786,19,6,1.0
1956,70.89908131647098,20,5,1.0
1957,69.9669027133943,20,5,1.0
1958,80.22002808374947,21,4,1.0
1959,68.41470404495911,20,5,1.0
1960,70.164583812405,20,5,1.0
1961,70.41983333126115,20,5,1.0
1962,70.4143259011555,20,5,1.0
1963,60.21787958466847,19,6,1.0
1964,81.13495257551784,21,4,1.0
1965,60.11993334185021,19,6,1.0
1966,70.2814526826364,20,5,1.0
1967,79.78733925780924,21,4,1.0
1968,80.6285305330313,21,4,1.0
1969,69.58231833304568,20,5,1.0
1970,80.44436493420909,21,4,1.0
1971,70.35954702965094,20,5,1.0
1972,79.9255537892683,21,4,1.0
1973,69.49325274767335,20,5,1.0
1974,79.8960770579277,21,4,1.0
1975,70.71901685993956,20,5,1.0
1976,60.745627118606734,19,6,1.0
1977,60.165055208327075,19,6,1.0
1978,80.5677516352185,21,4,1.0
1979,69.43026471974382,20,5,1.0
1980,49.39515016046137,18,7,1.0
1981,80.39526357296361,21,4,1.0
1982,70.50839583666087,20,5,1.0
1983,70.93946609437872,20,5,1.0
1984,70.17268366261834,20,5,1.0
1985,79.60064885708786,21,4,1.0
1986,50.05825491302748,18,7,1.0
1987,70.22306006511707,20,5,1.0
1988,80.37583749864822,21,4,1.0
1989,70.18174509818502,20,5,1.0
1990,69.6723405630745,20,5,1.0
1991,78.68956007250698,21,4,1.0
1992,60.65696267858806,19,6,1.0
1993,70.04424016380734,20,5,1.0
1994,79.00534272619453,21,4,1.0
1995,80.21982488029946,21,4,1.0
1996,49.30893594642063,18,7,1.0
1997,69.22848993773283,20,5,1.0
1998,50.09263235701129,18,7,1.0
1999,69.51300249669224,20,5,1.0
2000,68.77385934351611,20,5,1.0
2001,69.70011203117629,20,5,1.0
2002,59.16318208504178,19,6,1.0
2003,79.6950492590766,21,4,1.0
2004,58.88638895883588,19,6,1.0
2005,59.544619262533125,19,6,1.0
2006,69.02691422962768,20,5,1.0
2007,70.66668320941562,20,5,1.0
2008,70.2242275574274,20,5,1.0
2009,60.04453672589237,19,6,1.0
2010,70.04050574125235,20,5,1.0
2011,59.24212808854399,19,6,1.0
2012,69.11455907868199,20,5,1.0
2013,69.49831355777194,20,5,1.0
2014,59.69039266722223,19,6,1.0
2015,49.364754108307324,18,7,1.0
2016,49.77102790523894,18,7,1.0
2017,69.52627128849038,20,5,1.0
2018,49.80612946032034,18,7,1.0
2019,60.305681324543514,19,6,1.0
2020,60.78350423793205,19,6,1.0
2021,70.29093855600756,20,5,1.0
2022,58.22982651265805,19,6,1.0
2023,60.40846343241045,19,6,1.0
2024,90.29169627990427,22,3,1.0
2025,60.82219025890632,19,6,1.0
2026,60.46491523091845,19,6,1.0
2027,69.69455582386469,20,5,1.0
2028,79.83002026000688,21,4,1.0
2029,69.19039704167032,20,5,1.0
2030,60.10573157117557,19,6,1.0
2031,80.4761411595203,21,4,1.0
2032,60.05501028347548,19,6,1.0
2033,59.63570273250393,19,6,1.0
2034,60.432840882614855,19,6,1.0
2035,79.29190314906563,21,4,1.0
2036,70.11023688385042,20,5,1.0
2037,79.6960845245526,21,4,1.0
2038,69.51565551006003,20,5,1.0
2039,69.24989622255937,20,5,1.0
2040,79.74218095439817,21,4,1.0
2041,80.34969417444194,21,4,1.0
2042,89.00647342725284,22,3,1.0
2043,60.455639186036265,19,6,1.0
2044,79.90905839710074,21,4,1.0
2045,60.50830991934761,19,6,1.0
2046,69.31098298621252,20,5,1.0
2047,80.13029804963104,21,4,1.0
2048,69.81105335791848,20,5,1.0
2049,79.8202246000021,21,4,1.0
2050,50.86500866771651,18,7,1.0
2051,61.00473047992572,19,6,1.0
2052,50.265741194783615,18,7,1.0
2053,60.79962709073827,19,6,1.0
2054,69.41799576333386,20,5,1.0
2055,79.65303938027371,21,4,1.0
2056,49.88870947935952,18,7,1.0
2057,81.00762129497416,21,4,1.0
2058,70.13276179893273,20,5,1.0
2059,50.666158733204924,18,7,1.0
2060,60.27751801133887,19,6,1.0
2061,80.13069543669877,21,4,1.0
2062,80.27431415530094,21,4,1.0
2063,70.28871238357472,20,5,1.0
2064,50.3051755852335,18,7,1.0
2065,69.92999665366635,20,5,1.0
2066,60.19988130128081,19,6,1.0
2067,50.61393243676231,18,7,1.0
2068,70.1649874174391,20,5,1.0
2069,79.95118711819762,21,4,1.0
2070,49.793480746854414,18,7,1.0
2071,70.36330373683465,20,5,1.0
2072,60.15600497758388,19,6,1.0
2073,60.71553420909191,19,6,1.0
2074,50.16200063826993,18,7,1.0
2075,49.95236653079901,18,7,1.0
2076,49.52298423763558,18,7,1.0
2077,59.60275173537859,19,6,1.0
2078,59.610037215103866,19,6,1.0
2079,59.65285847298307,19,6,1.0
2080,69.57172509738727,20,5,1.0
2081,49.72099613392828,18,7,1.0
2082,60.20331334087453,19,6,1.0
2083,49.13724259745909,18,7,1.0
2084,60.54628082773026,19,6,1.0
2085,59.54932195964227,19,6,1.0
2086,69.71997962897034,20,5,1.0
2087,60.25450007749228,19,6,1.0
2088,49.75671551895895,18,7,1.0
2089,60.31093919910862,19,6,1.0
2090,49.77207777129762,18,7,1.0
2091,70.24235165730627,20,5,1.0
2092,60.425894557447094,19,6,1.0
2093,60.79469098632504,19,6,1.0
2094,49.860385531851605,18,7,1.0
2095,50.1771998377648,18,7,1.0
2096,40.627954335830935,17,8,1.0
2097,71.08151618168088,20,5,1.0
2098,60.73392362526927,19,6,1.0
2099,59.866449161343226,19,6,1.0
2100,70.91865979249718,20,5,1.0
2101,50.14245970667344,18,7,1.0
2102,51.15232710647137,18,7,1.0
2103,40.46539085622173,17,8,1.0
2104,41.411364471781496,17,8,1.0
2105,79.93099513215074,21,4,1.0
2106,60.64402355396852,19,6,1.0
2107,50.17597952896881,18,7,1.0
2108,61.36239078026074,19,6,1.0
2109,39.99119192718345,17,8,1.0
2110,40.7422490913584,17,8,1.0
2111,59.625701786399226,19,6,1.0
2112,50.2809578176403,18,7,1.0
2113,60.18525841820457,19,6,1.0
2114,59.64449459981344,19,6,1.0
2115,50.6303165805315,18,7,1.0
2116,71.04691972590085,20,5,1.0
2117,70.15986327993001,20,5,1.0
2118,60.963979412080015,19,6,1.0
2119,59.26978809505367,19,6,1.0
2120,49.63654999282788,18,7,1.0
2121,69.94549222720941,20,5,1.0
2122,60.35388174648992,19,6,1.0
2123,50.393832497546526,18,7,1.0
2124,49.854909732086895,18,7,1.0
2125,59.4950428646213,19,6,1.0
2126,60.515325415034354,19,6,1.0
2127,50.43848882599787,18,7,1.0
2128,60.70003306444798,19,6,1.0
2129,59.98278369771505,19,6,1.0
2130,41.047169124409685,17,8,1.0
2131,60.45456653575388,19,6,1.0
2132,51.01724649779082,18,7,1.0
2133,70.32014363531357,20,5,1.0
2134,59.82539338065294,19,6,1.0
2135,59.94862513984663,19,6,1.0
2136,41.0017244368922,17,8,1.0
2137,40.360800226669426,17,8,1.0
2138,60.71317368846704,19,6,1.0
2139,49.962194442665144,18,7,1.0
2140,40.099955607993266,17,8,1.0
2141,40.40960734240103,17,8,1.0
2142,40.54921475100117,17,8,1.0
2143,41.2217570132277,17,8,1.0
2144,70.82867932493163,20,5,1.0
2145,79.71858109607945,21,4,1.0
2146,69.3266928502919,20,5,1.0
2147,70.14701956734018,20,5,1.0
2148,59.14296625152837,19,6,1.0
2149,80.86868667986566,21,4,1.0
2150,60.08366922050911,19,6,1.0
2151,61.27063543929639,19,6,1.0
2152,70.14205829183275,20,5,1.0
2153,59.86273885010144,19,6,1.0
2154,80.7426371179251,21,4,1.0
2155,70.04782137924597,20,5,1.0
2156,69.74097015275078,20,5,1.0
2157,71.03386518340635,20,5,1.0
2158,79.94562887164481,21,4,1.0
2159,60.842545758624965,19,6,1.0
2160,60.226792165252895,19,6,1.0
2161,49.8602765639411,18,7,1.0
2162,60.563484768227724,19,6,1.0
2163,70.70905162495569,20,5,1.0
2164,50.155496804337005,18,7,1.0
2165,70.80535648017826,20,5,1.0
2166,60.43694119478289,19,6,1.0
2167,50.80535707152015,18,7,1.0
2168,59.791093120799786,19,6,1.0
2169,70.90223605206671,20,5,1.0
2170,50.329822999968044,18,7,1.0
2171,60.56153544432071,19,6,1.0
2172,50.852065672828346,18,7,1.0
2173,69.78415417257007,20,5,1.0
2174,80.00121179475866,21,4,1.0
2175,60.48686325046302,19,6,1.0
2176,60.142852099399946,19,6,1.0
2177,50.96909303529178,18,7,1.0
2178,90.01060849204767,22,3,1.0
2179,60.41992950459171,19,6,1.0
2180,60.528868754237735,19,6,1.0
2181,70.31464102065272,20,5,1.0
2182,51.42044435171859,18,7,1.0
2183,80.61596528070652,21,4,1.0
2184,81.1449429143826,21,4,1.0
2185,71.414350278858,20,5,1.0
2186,69.85990401782033,20,5,1.0
2187,90.04503107400738,22,3,1.0
2188,70.39233466029538,20,5,1.0
2189,79.33254965613705,21,4,1.0
2190,80.37604715581018,21,4,1.0
2191,90.81625918411041,22,3,1.0
2192,89.43721326879543,22,3,1.0
2193,79.85394945980113,21,4,1.0
2194,79.26314420796595,21,4,1.0
2195,80.46530316439465,21,4,1.0
2196,60.564393134943984,19,6,1.0
2197,71.19524782329452,20,5,1.0
2198,90.03068896295721,22,3,1.0
2199,80.32229040546875,21,4,1.0
2200,79.98165512780285,21,4,1.0
2201,70.19992612904092,20,5,1.0
2202,49.65818123392012,18,7,1.0
2203,80.49605069467897,21,4,1.0
2204,70.69362359823907,20,5,1.0
2205,70.27233247103406,20,5,1.0
2206,70.9379920434866,20,5,1.0
2207,69.88220546370192,20,5,1.0
2208,89.77702685834376,22,3,1.0
2209,60.082220506374654,19,6,1.0
2210,60.49083042203866,19,6,1.0
2211,69.77248748196371,20,5,1.0
2212,70.3460041578785,20,5,1.0
2213,69.7779926089274,20,5,1.0
2214,60.47783142046427,19,6,1.0
2215,61.00427476701576,19,6,1.0
2216,80.04785740233596,21,4,1.0
2217,60.82343960294533,19,6,1.0
2218,70.67738336821333,20,5,1.0
2219,69.84561148703233,20,5,1.0
2220,70.94280757840748,20,5,1.0
2221,50.082571624349825,18,7,1.0
2222,60.32626684604051,19,6,1.0
2223,60.24708271663542,19,6,1.0
2224,59.861960091144084,19,6,1.0
2225,59.902312195410076,19,6,1.0
2226,59.73455386837769,19,6,1.0
2227,59.58500775273086,19,6,1.0
2228,51.058871447479135,18,7,1.0
2229,50.59904961590684,18,7,1.0
2230,60.03584118466708,19,6,1.0
2231,70.20429302116598,20,5,1.0
2232,58.66466455851213,19,6,1.0
2233,69.4911672753655,20,5,1.0
2234,59.27758374796503,19,6,1.0
2235,59.66387897576678,19,6,1.0
2236,68.75177281726332,20,5,1.0
2237,60.006662268853695,19,6,1.0
2238,69.73775710496714,20,5,1.0
2239,69.95970837940517,20,5,1.0
2240,79.48332478412411,21,4,1.0
2241,59.73161617966436,19,6,1.0
2242,59.28400931846268,19,6,1.0
2243,69.31652353851952,20,5,1.0
2244,60.85112392642509,19,6,1.0
2245,39.66054816570036,17,8,1.0
2246,68.91275818579311,20,5,1.0
2247,59.088854621557246,19,6,1.0
2248,58.07878314293319,19,6,1.0
2249,69.65788374546904,20,5,1.0
2250,68.63856039416342,20,5,1.0
2251,59.466408546725354,19,6,1.0
2252,68.99758389599818,20,5,1.0
2253,58.65933450030268,19,6,1.0
2254,69.04128152155204,20,5,1.0
2255,58.995754816697584,19,6,1.0
2256,59.30163671914465,19,6,1.0
2257,58.42333232656439,19,6,1.0
2258,59.063473891399696,19,6,1.0
2259,58.87316639065887,19,6,1.0
2260,69.00253095056183,20,5,1.0
2261,59.098333589268165,19,6,1.0
2262,59.194064785013694,19,6,1.0
2263,69.7718495021928,20,5,1.0
2264,68.98637479357848,20,5,1.0
2265,60.45563837810529,19,6,1.0
2266,58.99954044864751,19,6,1.0
2267,69.80759527768643,20,5,1.0
2268,59.320458605149845,19,6,1.0
2269,39.657292012896846,17,8,1.0
2270,59.92398107768767,19,6,1.0
2271,69.72731039925873,20,5,1.0
2272,69.51206702427017,20,5,1.0
2273,69.69089802605143,20,5,1.0
2274,59.468742817921616,19,6,1.0
2275,69.90552118838784,20,5,1.0
2276,48.91358216063961,18,7,1.0
2277,58.96695622263255,19,6,1.0
2278,59.567118381366,19,6,1.0
2279,69.49499354185514,20,5,1.0
2280,39.69876586324453,17,8,1.0
2281,69.63919967973682,20,5,1.0
2282,69.18237071047515,20,5,1.0
2283,59.22108786067992,19,6,1.0
2284,50.15537359357939,18,7,1.0
2285,69.44624541702682,20,5,1.0
2286,49.664688921693596,18,7,1.0
2287,59.57540961308203,19,6,1.0
2288,50.13369788630203,18,7,1.0
2289,59.331113107525056,19,6,1.0
2290,69.25169122403096,20,5,1.0
2291,50.59613536793983,18,7,1.0
2292,49.52198012092241,18,7,1.0
2293,68.4330388755548,20,5,1.0
2294,79.12355181613479,21,4,1.0
2295,69.59969445530062,20,5,1.0
2296,59.50892899572168,19,6,1.0
2297,49.973878388744794,18,7,1.0
2298,60.3701761754623,19,6,1.0
2299,59.99911516073122,19,6,1.0
2300,59.01936859009784,19,6,1.0
2301,48.81699563534187,18,7,1.0
2302,59.68625139346792,19,6,1.0
2303,59.643955059649954,19,6,1.0
2304,59.55144766917112,19,6,1.0
2305,40.0482489544724,17,8,1.0
2306,69.94002825896648,20,5,1.0
2307,50.04017049293782,18,7,1.0
2308,59.46768188872642,19,6,1.0
2309,59.56880760874711,19,6,1.0
2310,59.327484772503894,19,6,1.0
2311,49.59037533236703,18,7,1.0
2312,59.7403603418395,19,6,1.0
2313,59.023548479719956,19,6,1.0
2314,59.38397882910581,19,6,1.0
2315,49.97386119218404,18,7,1.0
2316,69.00045862603912,20,5,1.0
2317,59.32890554161541,19,6,1.0
2318,49.27693989858674,18,7,1.0
2319,59.86819514817889,19,6,1.0
2320,59.70120324631232,19,6,1.0
2321,59.91580245179722,19,6,1.0
2322,59.25700453812634,19,6,1.0
2323,70.11244813300853,20,5,1.0
2324,69.22267334720034,20,5,1.0
2325,60.32428617276466,19,6,1.0
2326,59.660057596278946,19,6,1.0
2327,49.81153392585851,18,7,1.0
2328,59.64931506833578,19,6,1.0
2329,59.653320314545404,19,6,1.0
2330,50.3930964421216,18,7,1.0
2331,59.98805873620715,19,6,1.0
2332,59.41098161825488,19,6,1.0
2333,40.234416488454706,17,8,1.0
2334,59.645524643466885,19,6,1.0
2335,49.739872943542736,18,7,1.0
2336,69.36539890753471,20,5,1.0
2337,39.74548605261217,17,8,1.0
2338,59.77595369256922,19,6,1.0
2339,59.25396446238855,19,6,1.0
2340,68.90892032183493,20,5,1.0
2341,59.72003829238693,19,6,1.0
2342,59.63357417924148,19,6,1.0
2343,69.5621865418967,20,5,1.0
2344,69.73334605334061,20,5,1.0
2345,49.71358875444642,18,7,1.0
2346,49.59595125305488,18,7,1.0
2347,50.372727083769036,18,7,1.0
2348,59.390807197951496,19,6,1.0
2349,59.48379162370956,19,6,1.0
2350,49.64715287806061,18,7,1.0
2351,59.906523398278964,19,6,1.0
2352,58.76244458297148,19,6,1.0
2353,60.719676568745754,19,6,1.0
2354,69.30779001856449,20,5,1.0
2355,40.2924860457637,17,8,1.0
2356,60.19823082731834,19,6,1.0
2357,49.513378903644046,18,7,1.0
2358,40.38772489515991,17,8,1.0
2359,50.190482032118,18,7,1.0
2360,58.84024869599017,19,6,1.0
2361,40.47301053148131,17,8,1.0
2362,50.49831290930031,18,7,1.0
2363,59.332068099993,19,6,1.0
2364,60.41345567258374,19,6,1.0
2365,59.95821687100772,19,6,1.0
2366,49.577840905503024,18,7,1.0
2367,59.45439772400995,19,6,1.0
2368,59.4523506998648,19,6,1.0
2369,59.77081112287699,19,6,1.0
2370,70.19550598743263,20,5,1.0
2371,59.470639993051506,19,6,1.0
2372,69.95108404374278,20,5,1.0
2373,50.2100964978673,18,7,1.0
2374,59.95677098733646,19,6,1.0
2375,59.288731876003695,19,6,1.0
2376,69.91828941059615,20,5,1.0
2377,49.93227591800492,18,7,1.0
2378,49.65641250665362,18,7,1.0
2379,60.05927257182695,19,6,1.0
2380,49.00427684898405,18,7,1.0
2381,50.08627920240545,18,7,1.0
2382,59.49804614520082,19,6,1.0
2383,59.96252552861164,19,6,1.0
2384,39.84224517815834,17,8,1.0
2385,60.24268823903492,19,6,1.0
2386,59.94736507664819,19,6,1.0
2387,60.70172023370924,19,6,1.0
2388,59.684018335991425,19,6,1.0
2389,59.78142230275519,19,6,1.0
2390,59.67101728673305,19,6,1.0
2391,49.5266061539691,18,7,1.0
2392,59.609067776033115,19,6,1.0
2393,49.950399233372096,18,7,1.0
2394,59.4103897024864,19,6,1.0
2395,48.99249805821973,18,7,1.0
2396,49.73597331887866,18,7,1.0
2397,59.998355533841135,19,6,1.0
2398,79.53574611854529,21,4,1.0
2399,59.24026798749047,19,6,1.0
2400,59.92298755333894,19,6,1.0
2401,59.68960180107838,19,6,1.0
2402,59.699566310287054,19,6,1.0
2403,59.75861790449592,19,6,1.0
2404,59.47433448712489,19,6,1.0
2405,59.56179502211036,19,6,1.0
2406,59.76386261983771,19,6,1.0
2407,60.08823249290834,19,6,1.0
2408,49.46410389633024,18,7,1.0
2409,60.21103503581216,19,6,1.0
2410,69.71322810207292,20,5,1.0
2411,70.16447170170797,20,5,1.0
2412,49.54004227981895,18,7,1.0
2413,69.7339644945711,20,5,1.0
2414,49.85590279614111,18,7,1.0
2415,59.258060250983235,19,6,1.0
2416,59.37795257064358,19,6,1.0
2417,39.57051007431498,17,8,1.0
2418,59.6173511363624,19,6,1.0
2419,50.5057123894951,18,7,1.0
2420,60.52150514581762,19,6,1.0
2421,59.9460197808239,19,6,1.0
2422,59.35510585778158,19,6,1.0
2423,59.95528358471192,19,6,1.0
2424,59.12288803963335,19,6,1.0
2425,59.061644637179825,19,6,1.0
2426,59.5991317059797,19,6,1.0
2427,58.85279768092142,19,6,1.0
2428,49.75812448208585,18,7,1.0
2429,49.53821497377369,18,7,1.0
2430,49.35540481510402,18,7,1.0
2431,39.15621818138525,17,8,1.0
2432,69.03974874202443,20,5,1.0
2433,69.60342076542499,20,5,1.0
2434,69.64337515926316,20,5,1.0
2435,59.59593178551678,19,6,1.0
2436,59.76807189818962,19,6,1.0
2437,69.7595678025911,20,5,1.0
2438,59.675276161684664,19,6,1.0
2439,68.52475955922114,20,5,1.0
2440,59.27249554078384,19,6,1.0
2441,69.38262605670896,20,5,1.0
2442,68.98220221843711,20,5,1.0
2443,49.52005275859411,18,7,1.0
2444,69.60007355755394,20,5,1.0
2445,59.702777034970296,19,6,1.0
2446,40.21709444102365,17,8,1.0
2447,59.89435957217525,19,6,1.0
2448,59.73061092275462,19,6,1.0
2449,59.64770692787515,19,6,1.0
2450,49.47308357972561,18,7,1.0
2451,90.40488246417196,22,3,1.0
2452,70.06098241538487,20,5,1.0
2453,59.28495296675169,19,6,1.0
2454,69.61619834279044,20,5,1.0
2455,69.25415604072244,20,5,1.0
2456,40.781478368118016,17,8,1.0
2457,50.5183716779262,18,7,1.0
2458,49.97306274711951,18,7,1.0
2459,39.77019588588674,17,8,1.0
2460,60.00449976194328,19,6,1.0
2461,49.54508039695267,18,7,1.0
2462,59.33552864796668,19,6,1.0
2463,69.5894999755608,20,5,1.0
2464,69.38255914926305,20,5,1.0
2465,59.70327755015344,19,6,1.0
2466,59.83929262574169,19,6,1.0
2467,59.88936669982162,19,6,1.0
2468,59.52687872104395,19,6,1.0
2469,78.78451403932351,21,4,1.0
2470,49.55914244200086,18,7,1.0
2471,49.598413579913455,18,7,1.0
2472,69.10603261348128,20,5,1.0
2473,59.32077127912909,19,6,1.0
2474,59.31541015099744,19,6,1.0
2475,59.31089820546285,19,6,1.0
2476,69.4773892688764,20,5,1.0
2477,69.38654052825592,20,5,1.0
2478,49.51993362756443,18,7,1.0
2479,59.442470029932494,19,6,1.0
2480,59.08041443313097,19,6,1.0
2481,59.57983925026166,19,6,1.0
2482,59.001878350341734,19,6,1.0
2483,59.540011861011536,19,6,1.0
2484,59.127678240229045,19,6,1.0
2485,49.24939616281787,18,7,1.0
2486,69.83318704137906,20,5,1.0
2487,69.18856017331842,20,5,1.0
2488,78.14607656708027,21,4,1.0
2489,69.00608284505914,20,5,1.0
2490,70.56900132253134,20,5,1.0
2491,69.87166159056626,20,5,1.0
2492,69.56626042095313,20,5,1.0
2493,69.8104699801046,20,5,1.0
2494,59.17285315757595,19,6,1.0
2495,49.96119921916091,18,7,1.0
2496,69.341276238728,20,5,1.0
2497,59.9512617024575,19,6,1.0
2498,58.48705361317037,19,6,1.0
2499,68.98201106249626,20,5,1.0
2500,59.56204268080113,19,6,1.0
2501,59.428631454256006,19,6,1.0
2502,49.680529754796574,18,7,1.0
2503,69.93256659644948,20,5,1.0
2504,79.42643753169232,21,4,1.0
2505,59.505037564724546,19,6,1.0
2506,69.60482066218171,20,5,1.0
2507,59.01822018392264,19,6,1.0
2508,59.7860467871845,19,6,1.0
2509,69.00912521279652,20,5,1.0
2510,59.40759864891815,19,6,1.0
2511,49.51248175002755,18,7,1.0
2512,60.01586528061925,19,6,1.0
2513,49.75996351520216,18,7,1.0
2514,69.94828554336479,20,5,1.0
2515,49.46916657219447,18,7,1.0
2516,69.69870697656081,20,5,1.0
2517,59.82693019032287,19,6,1.0
2518,69.36921779243423,20,5,1.0
2519,59.996909823090604,19,6,1.0
2520,59.66044606172545,19,6,1.0
2521,59.74765862479889,19,6,1.0
2522,69.37576333895304,20,5,1.0
2523,49.870122364600206,18,7,1.0
2524,60.48440058570667,19,6,1.0
2525,49.83830911850913,18,7,1.0
2526,59.76554861071369,19,6,1.0
2527,49.81408388757741,18,7,1.0
2528,58.818560263313344,19,6,1.0
2529,49.446209533104664,18,7,1.0
2530,49.95836049050253,18,7,1.0
2531,49.70950011942675,18,7,1.0
2532,49.9033174794596,18,7,1.0
2533,59.88226716305266,19,6,1.0
2534,59.5501452948707,19,6,1.0
2535,59.23830227873594,19,6,1.0
2536,58.853198397136794,19,6,1.0
2537,59.749899533901115,19,6,1.0
2538,39.65271803138047,17,8,1.0
2539,59.3588092010977,19,6,1.0
2540,59.34808898203467,19,6,1.0
2541,49.36909176448076,18,7,1.0
2542,60.10048068733012,19,6,1.0
2543,49.78988031918094,18,7,1.0
2544,39.593224013634085,17,8,1.0
2545,49.24416989634068,18,7,1.0
2546,60.18312841045268,19,6,1.0
2547,49.74711260353364,18,7,1.0
2548,58.865205633589376,19,6,1.0
2549,49.51086554418675,18,7,1.0
2550,50.07651843231537,18,7,1.0
2551,39.90106677592635,17,8,1.0
2552,49.95686474780675,18,7,1.0
2553,49.80020043879816,18,7,1.0
2554,69.9327983184346,20,5,1.0
2555,59.43012467963317,19,6,1.0
2556,30.686242746215697,16,9,1.0
2557,59.78184924602934,19,6,1.0
2558,51.0304858044761,18,7,1.0
2559,59.11146488200572,19,6,1.0
2560,59.42740999892918,19,6,1.0
2561,59.59311201079304,19,6,1.0
2562,50.272512710122015,18,7,1.0
2563,60.14244952655538,19,6,1.0
2564,50.97752503612634,18,7,1.0
2565,50.66582329004484,18,7,1.0
2566,59.94789899744873,19,6,1.0
2567,50.97514797414936,18,7,1.0
2568,50.386884256172635,18,7,1.0
2569,40.32683649522739,17,8,1.0
2570,50.545882537885845,18,7,1.0
2571,40.424231194873975,17,8,1.0
2572,49.99696857732235,18,7,1.0
2573,59.11732709299373,19,6,1.0
2574,49.57163003714345,18,7,1.0
2575,40.16480552416648,17,8,1.0
2576,40.47117840484233,17,8,1.0
2577,49.98110055083887,18,7,1.0
2578,50.28620404913835,18,7,1.0
2579,59.69486378693621,19,6,1.0
2580,60.6843593992782,19,6,1.0
2581,71.35461602211602,20,5,1.0
2582,59.38664618174458,19,6,1.0
2583,50.59393740742563,18,7,1.0
2584,39.913185601398716,17,8,1.0
2585,49.90410567387106,18,7,1.0
2586,59.12912808760374,19,6,1.0
2587,70.60397748602752,20,5,1.0
2588,50.329347592941104,18,7,1.0
2589,60.12059245122852,19,6,1.0
2590,69.38817834947632,20,5,1.0
2591,49.067605033228276,18,7,1.0
2592,69.90503969340655,20,5,1.0
2593,59.44085564527364,19,6,1.0
2594,50.268463874338934,18,7,1.0
2595,49.25682636050631,18,7,1.0
2596,39.65857570689183,17,8,1.0
2597,59.853119393933284,19,6,1.0
2598,60.19841157971327,19,6,1.0
2599,59.70603070602532,19,6,1.0
2600,60.32199801323398,19,6,1.0
2601,79.43979004664459,21,4,1.0
2602,49.0915423988684,18,7,1.0
2603,68.83545195734861,20,5,1.0
2604,48.980393454851296,18,7,1.0
2605,49.34414659155509,18,7,1.0
2606,50.40592580940351,18,7,1.0
2607,69.3917990884182,20,5,1.0
2608,59.70440387552499,19,6,1.0
2609,60.562444374255705,19,6,1.0
2610,79.63850993366135,21,4,1.0
2611,70.4715515405044,20,5,1.0
2612,59.853370529855425,19,6,1.0
2613,59.943797065353564,19,6,1.0
2614,50.30575043739221,18,7,1.0
2615,39.91767412222085,17,8,1.0
2616,50.669804675608816,18,7,1.0
2617,60.15160731662037,19,6,1.0
2618,49.69434601683302,18,7,1.0
2619,60.20963493713042,19,6,1.0
2620,61.02311382579543,19,6,1.0
2621,59.842910657809064,19,6,1.0
2622,69.27811690856815,20,5,1.0
2623,59.198915898932384,19,6,1.0
2624,80.83818843794307,21,4,1.0
2625,69.90500525208776,20,5,1.0
2626,69.16591153489466,20,5,1.0
2627,60.065267844649924,19,6,1.0
2628,69.43182285213297,20,5,1.0
2629,59.98337352284422,19,6,1.0
2630,39.78454106540654,17,8,1.0
2631,60.141951221626194,19,6,1.0
2632,60.04161715819461,19,6,1.0
2633,49.683558065864176,18,7,1.0
2634,70.39937247074967,20,5,1.0
2635,40.843764719280045,17,8,1.0
2636,60.53454600880947,19,6,1.0
2637,70.7304086818718,20,5,1.0
2638,60.09131261655807,19,6,1.0
2639,60.305008656023716,19,6,1.0
2640,51.515810410334225,18,7,1.0
2641,60.22558308580821,19,6,1.0
2642,60.687457133765875,19,6,1.0
2643,69.89901717324723,20,5,1.0
2644,69.99792767850667,20,5,1.0
2645,59.242682315546034,19,6,1.0
2646,60.11552376861431,19,6,1.0
2647,60.406677555334085,19,6,1.0
2648,60.08906932937984,19,6,1.0
2649,59.44085411040128,19,6,1.0
2650,59.725103433613654,19,6,1.0
2651,70.04096422007787,20,5,1.0
2652,79.48203474070888,21,4,1.0
2653,49.602420494311374,18,7,1.0
2654,50.31400248015896,18,7,1.0
2655,60.32783472032911,19,6,1.0
2656,60.06108917094628,19,6,1.0
2657,69.20954999482576,20,5,1.0
2658,69.97450445563206,20,5,1.0
2659,69.76720861748355,20,5,1.0
2660,69.78529778133736,20,5,1.0
2661,59.97965962472067,19,6,1.0
2662,50.12235669083711,18,7,1.0
2663,70.11220194414328,20,5,1.0
2664,60.489456001238736,19,6,1.0
2665,59.23854189835296,19,6,1.0
2666,59.81789401184907,19,6,1.0
2667,59.57723369901758,19,6,1.0
2668,60.11856822715151,19,6,1.0
2669,69.72957458841894,20,5,1.0
2670,70.17423284765452,20,5,1.0
2671,49.923569083996114,18,7,1.0
2672,69.55823541800183,20,5,1.0
2673,68.73752043793795,20,5,1.0
2674,69.72032068134718,20,5,1.0
2675,69.55049906767327,20,5,1.0
2676,60.44515336048626,19,6,1.0
2677,69.43300417691391,20,5,1.0
2678,69.98082364879146,20,5,1.0
2679,69.86848724194124,20,5,1.0
2680,50.51373214283126,18,7,1.0
2681,69.84159177667627,20,5,1.0
2682,69.82830524454067,20,5,1.0
2683,50.49148398857858,18,7,1.0
2684,69.52200470127102,20,5,1.0
2685,69.24022451044239,20,5,1.0
2686,69.96559062181763,20,5,1.0
2687,68.39300930676444,20,5,1.0
2688,60.78864597921789,19,6,1.0
2689,59.40492182412149,19,6,1.0
2690,59.97491817309428,19,6,1.0
2691,69.1819013410147,20,5,1.0
2692,69.06698715025908,20,5,1.0
2693,80.1524247323038,21,4,1.0
2694,79.96680730571671,21,4,1.0
2695,69.74801704221743,20,5,1.0
2696,59.540534430314665,19,6,1.0
2697,71.34215339277533,20,5,1.0
2698,60.102789278016374,19,6,1.0
2699,59.83346024767452,19,6,1.0
2700,60.31049461168243,19,6,1.0
2701,59.88044966354485,19,6,1.0
2702,70.68461499194419,20,5,1.0
2703,79.61089855784918,21,4,1.0
2704,59.83970066620334,19,6,1.0
2705,50.312222525719534,18,7,1.0
2706,59.990069703695625,19,6,1.0
2707,59.26286997722235,19,6,1.0
2708,60.20905603434842,19,6,1.0
2709,69.3525900455742,20,5,1.0
2710,49.597273404463635,18,7,1.0
2711,78.82990452836357,21,4,1.0
2712,79.64127188651423,21,4,1.0
2713,69.07458591224642,20,5,1.0
2714,69.9258338485556,20,5,1.0
2715,59.791980495241944,19,6,1.0
2716,78.90308760768897,21,4,1.0
2717,69.19420045891842,20,5,1.0
2718,68.67679486426654,20,5,1.0
2719,79.87317329782066,21,4,1.0
2720,69.17388941469225,20,5,1.0
2721,70.53708814329926,20,5,1.0
2722,50.38456609349251,18,7,1.0
2723,59.79115344878955,19,6,1.0
2724,60.49652751003265,19,6,1.0
2725,50.28658912271564,18,7,1.0
2726,60.008542472445995,19,6,1.0
2727,69.75295588036347,20,5,1.0
2728,49.65772359847127,18,7,1.0
2729,60.479131692142026,19,6,1.0
2730,69.61471790412497,20,5,1.0
2731,60.14314110229503,19,6,1.0
2732,49.709674388096204,18,7,1.0
2733,59.682745185388654,19,6,1.0
2734,59.42273671144536,19,6,1.0
2735,70.18657689731778,20,5,1.0
2736,49.91452752394835,18,7,1.0
2737,59.99288300223574,19,6,1.0
2738,58.97215050179845,19,6,1.0
2739,59.66723543518149,19,6,1.0
2740,69.52057463638256,20,5,1.0
2741,59.67251553675165,19,6,1.0
2742,41.003509842657536,17,8,1.0
2743,69.1215952513814,20,5,1.0
2744,79.92125160621225,21,4,1.0
2745,60.5912809713123,19,6,1.0
2746,60.361764578576825,19,6,1.0
2747,80.41561382060988,21,4,1.0
2748,70.04533348763164,20,5,1.0
2749,40.36929005022001,17,8,1.0
2750,49.879247718395646,18,7,1.0
2751,69.5813071055993,20,5,1.0
2752,70.15632692648265,20,5,1.0
2753,59.328326693582795,19,6,1.0
2754,70.53366365180035,20,5,1.0
2755,70.18778069294488,20,5,1.0
2756,60.01101998202985,19,6,1.0
2757,70.51737714366034,20,5,1.0
2758,70.23945563748913,20,5,1.0
2759,59.704057915972754,19,6,1.0
2760,50.28905843218715,18,7,1.0
2761,69.04877241411549,20,5,1.0
2762,59.555676374748,19,6,1.0
2763,60.483895688086896,19,6,1.0
2764,59.703778109575595,19,6,1.0
2765,50.03595905978882,18,7,1.0
2766,50.54538546547461,18,7,1.0
2767,50.7411877461833,18,7,1.0
2768,80.16291015687625,21,4,1.0
2769,60.32061311004329,19,6,1.0
2770,60.12739352361557,19,6,1.0
2771,60.03215697391478,19,6,1.0
2772,50.58705789185235,18,7,1.0
2773,69.13244467270171,20,5,1.0
2774,70.47113755157822,20,5,1.0
2775,50.26669965570156,18,7,1.0
2776,40.828653704613366,17,8,1.0
2777,79.76036827954545,21,4,1.0
2778,59.91216634352476,19,6,1.0
2779,50.44225092050003,18,7,1.0
2780,50.2323557665821,18,7,1.0
2781,60.75291421499064,19,6,1.0
2782,59.67947767268521,19,6,1.0
2783,59.69658875117503,19,6,1.0
2784,60.040955310502895,19,6,1.0
2785,60.428366604052556,19,6,1.0
2786,80.14087155755682,21,4,1.0
2787,69.37961309452234,20,5,1.0
2788,70.24024292175042,20,5,1.0
2789,59.95041642521821,19,6,1.0
2790,79.82203023551827,21,4,1.0
2791,69.1643431115765,20,5,1.0
2792,69.21282810786366,20,5,1.0
2793,69.40408258202879,20,5,1.0
2794,69.99261385769951,20,5,1.0
2795,69.14464629823524,20,5,1.0
2796,59.17831906699901,19,6,1.0
2797,69.18791112841454,20,5,1.0
2798,59.779375201769724,19,6,1.0
2799,59.0169840113024,19,6,1.0
2800,59.57675508522071,19,6,1.0
2801,50.260256009981035,18,7,1.0
2802,69.81324637732614,20,5,1.0
2803,69.88609852266299,20,5,1.0
2804,60.504677844733195,19,6,1.0
2805,70.55480448391452,20,5,1.0
2806,60.361958254701555,19,6,1.0
2807,69.7864788140407,20,5,1.0
2808,69.59551751948521,20,5,1.0
2809,69.77762493999944,20,5,1.0
2810,48.82507462476133,18,7,1.0
2811,59.530846814146415,19,6,1.0
2812,59.62945851356848,19,6,1.0
2813,59.814283747160474,19,6,1.0
2814,79.33097637179108,21,4,1.0
2815,69.62578779807882,20,5,1.0
2816,68.89581429455431,20,5,1.0
2817,69.41812049339076,20,5,1.0
2818,79.56997892174014,21,4,1.0
2819,59.129989547664564,19,6,1.0
2820,69.6191051986945,20,5,1.0
2821,79.29062789449142,21,4,1.0
2822,79.04274832567825,21,4,1.0
2823,59.40822588352543,19,6,1.0
2824,79.10365533852661,21,4,1.0
2825,88.65606361447166,22,3,1.0
2826,68.67899028613385,20,5,1.0
2827,78.54316081365187,21,4,1.0
2828,59.500913902971064,19,6,1.0
2829,69.21442258302422,20,5,1.0
2830,69.37608758080219,20,5,1.0
2831,59.87428797902287,19,6,1.0
2832,69.33346154048269,20,5,1.0
2833,69.56610906798421,20,5,1.0
2834,79.07204064696101,21,4,1.0
2835,59.118453824022694,19,6,1.0
2836,68.80033037561424,20,5,1.0
2837,69.3812315314258,20,5,1.0
2838,88.63444745553718,22,3,1.0
2839,79.6544794159469,21,4,1.0
2840,79.64035037018027,21,4,1.0
2841,69.54358160440852,20,5,1.0
2842,80.5080361886985,21,4,1.0
2843,69.93573366929911,20,5,1.0
2844,68.54294002712486,20,5,1.0
2845,68.7378500152576,20,5,1.0
2846,69.65256624717793,20,5,1.0
2847,68.44178148721092,20,5,1.0
2848,79.00428847180815,21,4,1.0
2849,69.32479233321368,20,5,1.0
2850,68.6612517611538,20,5,1.0
2851,79.12741229637273,21,4,1.0
2852,78.32977636313194,21,4,1.0
2853,78.50672338115574,21,4,1.0
2854,69.25024368104502,20,5,1.0
2855,79.49774101274791,21,4,1.0
2856,69.74352877836728,20,5,1.0
2857,68.84200091360623,20,5,1.0
2858,69.6575132063871,20,5,1.0
2859,69.04445195060335,20,5,1.0
2860,58.92863565107679,19,6,1.0
2861,69.187422688501,20,5,1.0
2862,69.08651388295132,20,5,1.0
2863,69.72817161619334,20,5,1.0
2864,79.05777547015154,21,4,1.0
2865,69.58563083472583,20,5,1.0
2866,89.75245925142639,22,3,1.0
2867,89.52307103949387,22,3,1.0
2868,68.99704014509155,20,5,1.0
2869,69.22581657496217,20,5,1.0
2870,49.892495167567496,18,7,1.0
2871,69.39100288939393,20,5,1.0
2872,59.50815071430347,19,6,1.0
2873,69.46431956975593,20,5,1.0
2874,69.47010651887143,20,5,1.0
2875,69.31300844487977,20,5,1.0
2876,89.52735892005083,22,3,1.0
2877,59.73763808525831,19,6,1.0
2878,60.01429802108032,19,6,1.0
2879,69.65054597796426,20,5,1.0
2880,68.94559298053157,20,5,1.0
2881,69.3808020289982,20,5,1.0
2882,89.64337175277376,22,3,1.0
2883,78.8676816653779,21,4,1.0
2884,69.33032275853355,20,5,1.0
2885,79.66674414985118,21,4,1.0
2886,68.44752014626974,20,5,1.0
2887,79.57762136982541,21,4,1.0
2888,79.15185474892493,21,4,1.0
2889,78.9882514993005,21,4,1.0
2890,59.308869581210914,19,6,1.0
2891,80.68120942589779,21,4,1.0
2892,68.94302498468052,20,5,1.0
2893,59.54682576574204,19,6,1.0
2894,68.67652312962198,20,5,1.0
2895,89.02376076261869,22,3,1.0
2896,68.91387536529639,20,5,1.0
2897,78.78160269369243,21,4,1.0
2898,69.49611230175825,20,5,1.0
2899,68.8063751857892,20,5,1.0
2900,78.81216021081863,21,4,1.0
2901,69.3524828992422,20,5,1.0
2902,49.24570576690425,18,7,1.0
2903,78.69224990190959,21,4,1.0
2904,59.4528615664568,19,6,1.0
2905,69.35424196448113,20,5,1.0
2906,49.706380942559136,18,7,1.0
2907,68.78617259392824,20,5,1.0
2908,59.318004209488876,19,6,1.0
2909,69.57426380345052,20,5,1.0
2910,68.79538282095318,20,5,1.0
2911,79.09131059868318,21,4,1.0
2912,89.45218845386877,22,3,1.0
2913,89.51110995137111,22,3,1.0
2914,69.47901155694147,20,5,1.0
2915,68.72184332727532,20,5,1.0
2916,79.44418933255382,21,4,1.0
2917,59.10529421178508,19,6,1.0
2918,69.44211651842845,20,5,1.0
2919,70.03722999483574,20,5,1.0
2920,59.517585005591755,19,6,1.0
2921,79.88968598135384,21,4,1.0
2922,79.32648134875397,21,4,1.0
2923,79.7146673490226,21,4,1.0
2924,59.8850969658137,19,6,1.0
2925,79.700765805833,21,4,1.0
2926,49.13883960679518,18,7,1.0
2927,79.88709443506465,21,4,1.0
2928,69.4526655299725,20,5,1.0
2929,90.00688193177119,22,3,1.0
2930,59.47510414386281,19,6,1.0
2931,68.32728689607796,20,5,1.0
2932,69.34570850739622,20,5,1.0
2933,79.70150487614421,21,4,1.0
2934,79.05777354641305,21,4,1.0
2935,79.68329813736221,21,4,1.0
2936,79.79083999804273,21,4,1.0
2937,79.00197989097775,21,4,1.0
2938,69.28243018907595,20,5,1.0
2939,79.71830169836062,21,4,1.0
2940,59.66024573720649,19,6,1.0
2941,69.9367892511405,20,5,1.0
2942,69.50757023617031,20,5,1.0
2943,69.20593510218711,20,5,1.0
2944,49.55001807891868,18,7,1.0
2945,89.00432508674524,22,3,1.0
2946,79.3006851809653,21,4,1.0
2947,69.69161197037869,20,5,1.0
2948,69.62356595016732,20,5,1.0
2949,78.6979996062852,21,4,1.0
2950,69.11311902814208,20,5,1.0
2951,69.27265736489124,20,5,1.0
2952,79.57881212130083,21,4,1.0
2953,79.65320680990212,21,4,1.0
2954,69.47869136511494,20,5,1.0
2955,50.52448677399647,18,7,1.0
2956,79.76789373370555,21,4,1.0
2957,89.42103439213615,22,3,1.0
2958,69.72129089554089,20,5,1.0
2959,60.27323553583736,19,6,1.0
2960,78.92471090255243,21,4,1.0
2961,79.32624265484294,21,4,1.0
2962,69.29595860502702,20,5,1.0
2963,59.39155480630507,19,6,1.0
2964,69.74977685771616,20,5,1.0
2965,79.90037265549523,21,4,1.0
2966,69.53568316955828,20,5,1.0
2967,69.58311893420635,20,5,1.0
2968,59.672546922088614,19,6,1.0
2969,79.5673478472171,21,4,1.0
2970,79.4512479253912,21,4,1.0
2971,79.27412782310931,21,4,1.0
2972,58.98332790769881,19,6,1.0
2973,59.42641957479111,19,6,1.0
2974,79.29357429931767,21,4,1.0
2975,68.97009019418387,20,5,1.0
2976,59.21521654342066,19,6,1.0
2977,80.35201927159495,21,4,1.0
2978,80.2770723806747,21,4,1.0
2979,79.8729942643469,21,4,1.0
2980,79.50376830878479,21,4,1.0
2981,69.18725218549021,20,5,1.0
2982,69.63376584714999,20,5,1.0
2983,79.60364040576007,21,4,1.0
2984,68.70868740765988,20,5,1.0
2985,78.79696491548643,21,4,1.0
2986,79.47730879998906,21,4,1.0
2987,59.769622059380126,19,6,1.0
2988,69.63849944136177,20,5,1.0
2989,69.51099454429746,20,5,1.0
2990,68.28505329547366,20,5,1.0
2991,79.86032936059364,21,4,1.0
2992,79.1110813839262,21,4,1.0
2993,69.75363484976549,20,5,1.0
2994,69.11098529137828,20,5,1.0
2995,69.63382110201321,20,5,1.0
2996,79.06660861343754,21,4,1.0
2997,68.40470596052421,20,5,1.0
2998,68.7018102871375,20,5,1.0
2999,80.0051196141139,21,4,1.0
3000,69.53551258696726,20,5,1.0
