"# dyn mode=none d=0 [0,0] route_mask=free lam_hot=0.60 ch=3 seed=2 eps=1500 ue=25"
episode,reward,success,fail,arrived,route_rate,cond_route_rate,top_share,load_std
1,15.196,15,12,29,0.793,0.5,0.217,7.49
2,-72.429,19,33,55,0.836,0.765,0.239,11.52
3,-97.428,11,30,44,0.886,0.833,0.308,10.12
4,-60.956,12,24,39,0.769,1.0,0.333,9.39
5,-117.907,7,30,40,0.85,0.75,0.265,12.64
6,-60.652,12,24,36,0.806,0.571,0.276,8.38
7,2.893,17,16,39,0.769,0.692,0.367,8.04
8,-54.684,14,25,39,0.846,0.667,0.242,9.93
9,-50.396,11,21,34,0.676,0.75,0.261,8.76
10,-2.199,17,18,36,0.778,0.714,0.393,7.19
11,-86.386,12,29,47,0.809,0.9,0.316,12.87
12,-60.347,11,23,38,0.816,1.0,0.29,10.0
13,-173.845,10,44,56,0.821,0.87,0.239,11.52
14,-18.881,16,20,38,0.868,1.0,0.273,7.65
15,-40.802,19,27,52,0.731,0.765,0.342,8.16
16,81.684,25,9,36,0.722,0.0,0.308,5.23
17,12.165,17,15,34,0.824,0.5,0.286,5.5
18,-36.498,11,18,33,0.697,0.667,0.348,7.77
19,-3.456,21,22,47,0.915,0.8,0.326,7.09
20,-58.105,16,27,45,0.756,0.889,0.294,10.44
21,-66.494,14,27,42,0.833,0.727,0.343,11.82
22,-12.744,13,16,31,0.871,1.0,0.333,6.32
23,-28.035,15,20,41,0.878,0.818,0.306,9.36
24,5.13,18,17,39,0.744,0.4,0.276,6.35
25,27.842,25,20,48,0.854,0.762,0.244,9.8
26,-75.065,17,32,53,0.755,0.727,0.25,10.93
27,-66.411,12,25,41,0.732,0.625,0.267,9.76
28,-45.378,16,25,45,0.8,0.8,0.278,8.97
29,-79.698,15,31,48,0.771,1.0,0.324,10.68
30,-85.903,11,28,41,0.707,0.833,0.483,10.53
31,-116.069,11,34,49,0.837,0.75,0.268,11.45
32,-15.366,18,21,41,0.756,1.0,0.258,7.89
33,-60.932,14,26,43,0.837,0.667,0.306,11.04
34,-39.466,14,22,39,0.641,0.714,0.36,11.63
35,-87.605,13,30,43,0.837,0.857,0.278,10.96
36,-136.171,11,38,52,0.788,0.727,0.341,14.94
37,-87.701,13,30,48,0.854,0.889,0.268,9.44
38,-22.493,18,23,47,0.766,0.727,0.333,9.66
39,5.473,21,20,45,0.867,0.895,0.282,7.24
40,6.329,22,21,49,0.898,0.8,0.295,8.08
41,-77.084,11,26,42,0.714,0.714,0.333,11.57
42,11.294,16,14,34,0.824,0.667,0.286,7.8
43,26.348,25,20,52,0.865,0.857,0.311,8.16
44,-4.88,15,16,32,0.781,0.8,0.4,5.27
45,-51.124,12,22,39,0.846,0.778,0.303,12.85
46,18.546,21,18,40,0.7,0.833,0.321,7.09
47,15.655,21,18,40,0.8,0.8,0.312,7.32
48,16.082,16,13,32,0.75,0.7,0.25,6.45
49,32.324,17,11,32,0.812,1.0,0.231,6.92
50,41.413,23,15,39,0.846,1.0,0.303,7.94
51,-13.733,17,20,44,0.841,0.75,0.243,7.93
52,-65.564,19,32,53,0.66,0.75,0.314,13.05
53,-126.54,8,33,47,0.851,1.0,0.325,10.1
54,-35.651,15,22,41,0.854,0.8,0.286,7.77
55,-136.412,8,35,46,0.696,0.643,0.281,11.86
56,-60.163,13,25,40,0.8,0.818,0.406,7.58
57,-34.755,12,19,34,0.706,0.833,0.333,7.74
58,-39.216,14,22,37,0.811,0.0,0.4,5.72
59,1.133,15,15,34,0.824,0.75,0.321,7.97
60,6.426,13,12,27,0.778,1.0,0.286,8.61
61,-11.826,17,19,42,0.738,0.7,0.29,12.62
62,-53.46,20,31,54,0.741,0.769,0.275,6.21
63,-76.329,8,23,34,0.765,0.5,0.269,9.3
64,11.978,18,16,37,0.757,0.5,0.321,9.73
65,37.177,21,14,37,0.703,0.8,0.269,6.89
66,-77.831,15,30,53,0.811,0.8,0.326,11.86
67,-103.007,13,33,54,0.778,0.765,0.262,11.98
68,53.65,24,14,42,0.786,0.667,0.273,8.55
69,17.369,16,13,34,0.794,1.0,0.296,8.19
70,-86.204,12,29,41,0.732,0.643,0.3,10.64
71,-18.656,18,22,45,0.8,0.75,0.25,8.01
72,-100.124,11,31,45,0.822,0.625,0.27,14.49
73,-35.081,15,22,40,0.875,0.833,0.343,7.37
74,-105.805,12,33,48,0.792,0.636,0.342,12.37
75,-19.459,15,19,39,0.795,0.8,0.258,6.6
76,28.286,19,14,36,0.75,1.0,0.407,5.31
77,-29.572,17,23,41,0.878,0.875,0.306,8.1
78,-131.653,12,38,52,0.923,0.9,0.208,10.43
79,5.349,19,18,43,0.86,1.0,0.27,9.08
80,-51.554,12,22,38,0.868,0.7,0.242,11.48
81,-61.417,17,29,56,0.821,0.92,0.261,13.76
82,-29.373,20,26,47,0.787,0.727,0.243,7.48
83,-40.347,9,17,29,0.828,0.75,0.333,8.4
84,1.822,24,24,49,0.816,0.636,0.3,13.52
85,-54.805,14,25,45,0.822,0.929,0.27,9.34
86,-44.625,17,26,49,0.735,0.8,0.333,10.02
87,-34.849,21,28,51,0.804,0.923,0.341,11.27
88,-58.413,19,31,55,0.727,0.857,0.225,12.94
89,-54.218,20,31,52,0.788,0.625,0.244,11.48
90,-34.511,13,20,35,0.943,1.0,0.364,8.35
91,56.71,20,9,32,0.844,0.0,0.259,5.66
92,-25.415,18,23,44,0.818,0.846,0.278,8.34
93,37.878,23,16,41,0.732,1.0,0.267,5.95
94,-89.837,18,36,57,0.719,0.625,0.293,10.99
95,5.111,19,18,44,0.886,0.5,0.359,6.95
96,-43.528,20,29,53,0.755,0.9,0.225,11.73
97,-40.53,13,21,41,0.878,1.0,0.25,8.11
98,-26.607,16,21,38,0.684,0.786,0.269,7.59
99,-51.081,12,22,37,0.838,0.778,0.29,7.25
100,-66.07,11,24,39,0.897,0.909,0.286,9.54
101,8.651,23,21,49,0.714,0.4,0.286,7.29
102,8.848,16,14,37,0.838,1.0,0.29,8.82
103,-76.709,16,31,53,0.755,0.733,0.3,9.08
104,-67.397,14,27,41,0.78,0.667,0.406,12.31
105,-23.558,13,18,32,0.625,0.727,0.4,8.82
106,-24.791,20,25,52,0.788,0.895,0.268,10.91
107,-51.086,14,24,40,0.8,0.889,0.312,9.36
108,5.582,19,18,39,0.667,0.444,0.269,4.89
109,-5.381,20,21,46,0.739,0.769,0.294,9.21
110,-30.269,14,20,38,0.711,0.778,0.259,10.63
111,-57.111,15,26,46,0.804,0.833,0.297,9.87
112,-18.147,13,17,32,0.812,0.75,0.308,6.17
113,-33.448,23,30,58,0.845,1.0,0.224,9.7
114,-25.001,16,21,41,0.78,0.6,0.5,11.18
115,-13.918,19,22,45,0.778,0.667,0.314,8.52
116,-86.342,13,30,44,0.795,0.9,0.343,8.18
117,-122.345,10,34,49,0.755,0.714,0.243,7.62
118,-50.99,11,21,38,0.895,0.818,0.353,12.15
119,-72.101,10,24,37,0.811,0.571,0.333,12.73
120,-85.812,14,31,47,0.723,0.6,0.353,7.15
121,-108.43,10,31,44,0.886,0.875,0.205,8.32
122,-111.273,10,32,46,0.783,0.5,0.278,11.46
123,24.898,16,11,28,0.821,0.5,0.261,7.45
124,-13.869,19,22,42,0.714,0.545,0.233,11.26
125,-21.483,19,23,48,0.833,0.941,0.275,8.16
126,-25.121,16,21,40,0.75,1.0,0.333,11.69
127,22.002,20,16,43,0.93,0.917,0.275,6.82
128,23.991,22,17,42,0.81,0.857,0.324,7.66
129,-30.633,24,30,61,0.738,0.75,0.333,12.42
130,-40.311,18,26,45,0.778,0.7,0.343,8.99
131,11.59,15,13,34,0.765,0.833,0.269,9.83
132,-46.507,17,26,46,0.804,0.889,0.243,7.71
133,-29.825,17,23,41,0.927,1.0,0.263,10.83
134,-46.444,16,25,48,0.896,0.917,0.233,9.81
135,-35.399,17,24,45,0.844,0.909,0.316,10.52
136,12.703,22,20,42,0.833,0.875,0.4,4.48
137,-31.634,17,23,42,0.786,1.0,0.303,7.95
138,-54.432,14,25,41,0.927,1.0,0.289,10.19
139,-81.762,14,30,49,0.714,0.737,0.286,10.56
140,-55.508,16,27,46,0.826,1.0,0.316,9.1
141,-14.554,14,17,32,0.812,0.833,0.269,9.22
142,6.232,16,15,34,0.676,0.857,0.261,7.93
143,-47.423,12,21,41,0.78,0.833,0.312,9.69
144,-31.192,13,19,38,0.895,1.0,0.324,7.89
145,27.293,18,13,33,0.818,0.5,0.333,6.96
146,-25.1,25,30,57,0.842,0.846,0.292,12.51
147,-14.757,17,20,42,0.762,0.769,0.312,9.0
148,-25.721,18,23,47,0.766,0.733,0.278,12.44
149,-69.796,14,28,43,0.86,1.0,0.324,11.27
150,35.387,21,14,37,0.811,1.0,0.267,6.51
151,-60.329,16,28,47,0.681,0.571,0.281,10.62
152,-61.51,20,32,54,0.741,0.632,0.375,12.5
153,-40.712,17,25,45,0.822,0.929,0.297,8.47
154,-5.706,19,20,43,0.953,1.0,0.293,10.46
155,-46.866,15,24,46,0.826,0.778,0.316,11.19
156,-37.739,15,22,41,0.829,1.0,0.294,8.36
157,4.102,20,19,40,0.5,0.286,0.35,9.19
158,-71.421,12,26,43,0.721,0.778,0.226,11.73
159,67.824,23,10,35,0.771,0.0,0.296,6.25
160,-47.515,17,26,45,0.778,0.909,0.286,10.43
161,31.403,24,18,43,0.86,0.714,0.297,8.39
162,31.164,26,20,49,0.857,0.9,0.286,12.2
163,-58.241,11,22,36,0.778,0.857,0.321,8.71
164,25.524,24,19,46,0.826,0.947,0.263,11.02
165,-45.512,15,24,39,0.744,0.75,0.345,11.59
166,10.798,21,19,40,0.9,1.0,0.278,7.86
167,56.022,28,17,49,0.776,0.688,0.237,8.0
168,58.165,21,10,36,0.694,0.5,0.24,7.82
169,-14.255,15,18,34,0.794,0.5,0.37,7.63
170,-51.055,20,30,53,0.849,0.917,0.244,8.21
171,-36.416,17,24,44,0.841,0.857,0.243,9.67
172,34.758,24,17,46,0.826,0.75,0.289,9.17
173,108.548,26,5,35,0.857,0.0,0.3,3.79
174,25.954,23,18,42,0.857,1.0,0.306,7.81
175,9.886,19,17,41,0.805,0.667,0.273,7.21
176,-41.834,19,27,51,0.863,0.727,0.227,10.25
177,-16.653,14,17,35,0.743,0.875,0.308,7.77
178,24.899,21,16,40,0.85,1.0,0.265,5.38
179,-62.547,17,29,52,0.692,0.87,0.25,11.51
180,-86.894,12,29,43,0.86,1.0,0.243,9.45
181,-68.608,14,27,49,0.755,0.765,0.378,10.77
182,9.561,20,18,40,0.8,0.0,0.312,6.58
183,-22.238,19,23,49,0.816,1.0,0.275,12.39
184,-30.221,15,21,38,0.816,0.875,0.226,10.47
185,16.092,20,17,42,0.833,0.833,0.286,10.5
186,-55.93,17,28,48,0.729,0.75,0.257,9.84
187,-3.542,16,17,39,0.872,1.0,0.294,9.15
188,30.335,21,15,38,0.763,1.0,0.276,4.81
189,-91.323,15,33,48,0.708,0.5,0.235,9.69
190,-19.797,19,23,45,0.778,0.909,0.286,9.0
191,-37.693,15,22,45,0.844,0.833,0.342,10.89
192,-13.339,19,22,42,0.833,0.714,0.257,8.24
193,-45.698,16,25,46,0.826,0.846,0.237,8.33
194,-24.109,20,25,49,0.796,0.8,0.282,8.85
195,46.592,17,8,29,0.759,0.667,0.318,7.09
196,-41.793,12,20,37,0.838,0.833,0.323,11.18
197,-19.198,17,21,42,0.714,0.8,0.3,11.83
198,21.495,20,16,41,0.78,1.0,0.25,5.56
199,-17.743,20,23,53,0.717,0.929,0.263,10.59
200,-36.562,15,22,41,0.756,0.667,0.29,9.44
201,-54.27,17,28,49,0.816,1.0,0.275,8.28
202,0.651,20,20,42,0.714,0.5,0.333,9.01
203,-8.825,16,18,37,0.946,1.0,0.314,8.55
204,87.489,23,6,31,0.871,0.0,0.333,5.15
205,-57.798,16,27,45,0.756,0.889,0.265,8.01
206,-102.456,14,34,52,0.923,0.917,0.271,8.01
207,-30.8,20,26,51,0.784,1.0,0.325,9.1
208,9.072,21,19,49,0.837,0.8,0.244,11.19
209,-10.186,21,23,47,0.83,0.727,0.256,9.3
210,-91.894,13,31,45,0.867,1.0,0.256,8.69
211,-67.244,12,25,37,0.811,0.75,0.4,8.56
212,-103.163,14,34,50,0.8,0.8,0.225,11.03
213,-71.506,15,29,48,0.854,0.818,0.268,11.28
214,60.557,21,9,31,0.774,0.667,0.25,8.34
215,-56.185,11,22,36,0.806,0.75,0.241,8.99
216,11.457,16,14,32,0.812,1.0,0.346,6.67
217,-102.786,13,33,48,0.771,0.636,0.216,11.1
218,-133.882,13,39,54,0.722,0.765,0.282,10.43
219,6.115,14,13,31,0.839,0.5,0.269,8.57
220,46.733,21,12,34,0.824,1.0,0.286,6.46
221,-80.513,12,28,42,0.714,0.636,0.267,10.16
222,1.271,20,20,45,0.867,0.667,0.256,5.06
223,-18.203,18,22,44,0.909,0.818,0.35,9.83
224,-61.019,12,24,41,0.854,0.667,0.314,7.48
225,17.58,20,17,43,0.814,0.857,0.343,8.79
226,-61.134,15,27,43,0.791,0.769,0.235,9.83
227,-4.02,19,20,42,0.738,0.778,0.29,8.75
228,-68.936,18,32,56,0.857,0.857,0.25,11.94
229,48.0,20,11,33,0.818,1.0,0.259,6.04
230,37.207,24,17,43,0.837,1.0,0.306,7.54
231,-24.945,15,20,41,0.78,1.0,0.25,9.23
232,14.729,21,18,41,0.878,1.0,0.389,8.03
233,51.637,18,8,27,0.778,0.0,0.286,5.12
234,6.243,23,22,49,0.816,0.929,0.275,9.82
235,-26.596,15,20,40,0.675,0.875,0.407,8.12
236,29.277,26,20,48,0.854,0.889,0.341,8.41
237,33.059,23,17,42,0.81,0.8,0.265,8.48
238,5.419,21,20,42,0.81,1.0,0.235,7.37
239,17.996,19,15,39,0.744,0.0,0.241,8.12
240,-33.978,14,21,36,0.917,0.909,0.303,9.07
241,16.729,21,18,41,0.854,0.8,0.257,10.13
242,-45.689,14,23,41,0.854,1.0,0.257,11.88
243,81.369,28,12,45,0.911,1.0,0.244,5.62
244,-149.613,10,39,56,0.786,0.81,0.273,9.41
245,-14.266,11,14,28,0.821,1.0,0.261,8.92
246,42.299,24,16,45,0.844,1.0,0.289,7.21
247,78.037,27,12,45,0.8,0.75,0.306,5.56
248,-55.86,9,20,31,0.903,0.0,0.393,8.3
249,-0.907,22,22,48,0.812,0.909,0.282,7.85
250,65.58,25,12,38,0.763,0.667,0.31,6.29
251,30.878,25,19,48,0.833,0.615,0.3,12.06
252,30.62,26,20,48,0.729,0.667,0.257,6.18
253,-52.389,13,23,39,0.949,1.0,0.297,12.01
254,-44.792,21,30,54,0.833,0.833,0.222,9.35
255,-117.154,16,39,60,0.867,0.875,0.327,12.77
256,25.921,22,17,41,0.756,0.75,0.29,8.16
257,71.652,21,7,29,0.966,0.0,0.286,4.22
258,10.255,21,19,41,0.854,0.778,0.286,8.71
259,-35.102,13,20,35,0.743,0.75,0.269,9.94
260,-68.913,16,29,52,0.827,0.733,0.302,11.1
261,26.029,19,14,34,0.824,0.75,0.321,4.46
262,15.363,15,12,27,0.704,1.0,0.316,6.95
263,-25.175,17,22,41,0.732,0.7,0.3,8.99
264,-79.403,15,31,49,0.816,0.8,0.275,9.05
265,-50.414,14,24,41,0.732,0.833,0.3,9.17
266,14.33,20,17,41,0.756,0.75,0.355,9.01
267,-61.327,17,29,51,0.706,0.714,0.333,8.53
268,58.512,23,12,37,0.838,0.0,0.323,13.22
269,15.775,23,20,46,0.935,1.0,0.279,4.69
270,-105.42,10,31,46,0.761,0.667,0.257,8.1
271,14.585,18,15,37,0.838,0.75,0.355,8.25
272,5.643,15,14,30,0.7,0.429,0.238,10.59
273,-1.778,22,22,47,0.894,0.923,0.286,10.38
274,-72.822,14,28,43,0.814,0.75,0.286,9.45
275,-32.199,14,20,38,0.842,1.0,0.281,8.13
276,-47.78,17,26,46,0.87,1.0,0.25,8.7
277,-40.551,16,24,42,0.714,0.714,0.3,12.16
278,-66.94,13,26,41,0.854,0.833,0.229,12.95
279,-103.128,14,34,50,0.86,0.8,0.256,11.79
280,-37.218,16,23,45,0.822,0.846,0.243,9.79
281,4.784,20,19,40,0.85,1.0,0.235,6.97
282,59.596,21,10,32,0.906,0.0,0.241,5.53
283,-33.409,17,24,48,0.792,1.0,0.263,10.26
284,-23.756,12,17,30,0.9,0.75,0.259,7.42
285,-51.95,9,19,32,0.875,1.0,0.25,10.79
286,39.783,20,12,35,0.971,0.8,0.265,5.98
287,7.052,21,20,44,0.773,0.75,0.265,11.93
288,-82.823,13,29,45,0.778,0.9,0.343,11.61
289,-154.613,8,38,51,0.765,0.808,0.359,11.48
290,12.068,17,15,32,0.781,1.0,0.4,6.76
291,-14.869,20,23,45,0.867,0.9,0.256,6.94
292,-17.061,16,19,40,0.75,0.0,0.367,9.6
293,-51.206,15,25,45,0.933,1.0,0.262,10.28
294,-64.968,15,28,44,0.909,1.0,0.225,8.13
295,56.426,21,10,31,0.839,1.0,0.308,3.62
296,-81.604,15,31,49,0.755,0.833,0.297,9.61
297,-24.567,19,24,46,0.761,0.857,0.257,7.2
298,-10.776,19,21,47,0.851,0.938,0.3,8.03
299,-47.223,20,29,54,0.87,0.952,0.277,8.66
300,73.325,24,10,40,0.85,0.667,0.235,5.22
301,-44.671,15,24,40,0.8,0.9,0.312,8.2
302,-23.686,24,29,54,0.796,0.706,0.302,10.21
303,-139.449,12,39,55,0.873,0.846,0.292,11.79
304,20.093,22,18,43,0.744,1.0,0.312,7.65
305,8.873,22,20,45,0.778,0.867,0.343,7.54
306,-33.348,24,30,63,0.889,0.941,0.232,9.24
307,1.772,18,18,40,0.825,0.8,0.273,6.06
308,-52.003,14,24,43,0.767,0.714,0.303,7.53
309,-22.926,20,24,46,0.848,0.818,0.385,6.5
310,90.054,30,12,48,0.792,0.769,0.263,7.41
311,25.956,20,15,38,0.816,1.0,0.29,6.48
312,-29.136,14,20,39,0.821,0.9,0.375,9.08
313,-149.283,9,38,54,0.889,0.909,0.271,8.15
314,-4.92,19,20,45,0.844,0.75,0.368,10.89
315,-32.704,18,24,53,0.811,0.625,0.302,10.94
316,-66.452,15,28,49,0.816,1.0,0.275,9.28
317,96.034,29,10,42,0.833,0.75,0.286,5.39
318,24.704,21,16,41,0.829,1.0,0.294,6.97
319,-56.187,18,29,47,0.723,0.692,0.382,10.05
320,-44.92,19,28,50,0.84,0.917,0.286,6.36
321,-55.331,12,23,38,0.789,0.692,0.267,8.37
322,55.374,24,13,41,0.805,0.5,0.273,4.93
323,-19.474,21,25,47,0.787,0.714,0.297,8.67
324,-50.871,15,25,42,0.762,0.778,0.281,9.3
325,38.016,23,15,40,0.775,0.9,0.258,6.52
326,66.383,24,11,40,0.8,1.0,0.281,4.06
327,-76.568,14,29,45,0.756,0.688,0.324,10.29
328,30.707,19,13,32,0.812,1.0,0.385,5.26
329,18.057,20,16,38,0.921,1.0,0.286,6.07
330,-26.406,16,21,44,0.727,0.733,0.281,10.01
331,-29.981,16,22,41,0.854,0.833,0.314,9.76
332,35.046,21,14,36,0.917,1.0,0.303,7.07
333,-45.669,18,27,49,0.796,0.75,0.41,12.22
334,-35.314,20,27,49,0.816,0.75,0.25,11.18
335,8.761,24,22,55,0.764,0.818,0.262,9.84
336,-9.727,12,14,30,0.733,0.75,0.364,8.49
337,30.645,21,15,37,0.811,1.0,0.4,5.63
338,30.957,20,14,39,0.821,0.9,0.25,6.87
339,-24.672,16,21,38,0.842,0.857,0.344,7.71
340,-43.251,14,22,42,0.857,0.857,0.389,8.81
341,-45.743,20,29,50,0.84,1.0,0.262,10.25
342,-76.252,16,31,48,0.771,0.778,0.297,11.51
343,53.412,24,14,40,0.825,0.7,0.394,7.63
344,34.328,20,13,35,0.686,0.8,0.417,7.45
345,-25.28,14,19,37,0.784,0.833,0.31,9.48
346,-86.081,14,31,46,0.848,0.909,0.282,10.67
347,-72.632,16,30,52,0.942,0.909,0.286,9.73
348,-55.039,15,26,42,0.762,0.769,0.312,8.69
349,25.757,21,16,44,0.841,0.889,0.324,8.53
350,30.296,20,14,40,0.85,0.857,0.294,8.27
351,-47.322,13,22,38,0.816,0.875,0.258,11.39
352,-14.707,15,18,38,0.763,0.667,0.31,6.96
353,54.33,28,17,47,0.872,0.833,0.341,8.58
354,-12.343,20,22,47,0.894,0.923,0.31,10.06
355,29.813,22,16,38,0.842,0.889,0.312,6.06
356,-46.814,21,30,57,0.737,0.818,0.262,12.6
357,24.247,23,18,44,0.864,0.6,0.316,8.89
358,-22.097,19,23,45,0.844,0.917,0.263,7.48
359,-20.865,17,21,41,0.878,1.0,0.278,8.03
360,-22.881,17,21,41,0.829,0.833,0.294,7.68
361,26.681,27,22,49,0.837,0.6,0.317,5.76
362,-41.567,17,25,47,0.809,0.714,0.368,9.23
363,39.155,21,13,40,0.8,1.0,0.281,5.35
364,30.151,20,14,36,0.833,1.0,0.3,7.54
365,-46.377,16,25,45,0.689,0.714,0.323,7.77
366,26.117,24,19,46,0.87,1.0,0.3,7.74
367,17.291,21,18,43,0.884,0.667,0.421,8.04
368,13.942,23,20,44,0.841,0.667,0.243,5.74
369,71.211,25,11,39,0.846,1.0,0.242,9.12
370,-32.427,16,22,47,0.809,0.714,0.289,9.94
371,-65.981,14,27,44,0.795,0.917,0.286,10.04
372,-31.115,15,21,39,0.897,0.857,0.257,7.3
373,-9.957,16,18,37,0.892,1.0,0.242,8.29
374,9.9,18,16,37,0.838,1.0,0.29,5.31
375,-26.149,18,23,46,0.87,1.0,0.25,7.94
376,20.665,20,16,42,0.857,0.8,0.278,8.23
377,57.702,28,17,47,0.851,0.833,0.325,8.1
378,67.401,28,15,49,0.918,0.909,0.289,8.59
379,34.64,19,12,35,0.943,1.0,0.273,7.98
380,-19.182,21,24,48,0.854,0.929,0.463,7.66
381,20.601,19,15,35,0.771,0.0,0.333,6.94
382,46.33,22,13,39,0.846,1.0,0.273,9.34
383,66.13,26,13,41,0.878,0.8,0.278,6.9
384,44.817,21,12,35,0.771,0.0,0.333,6.56
385,62.66,21,9,32,0.75,1.0,0.292,5.05
386,27.497,24,19,44,0.818,0.857,0.306,6.73
387,9.212,22,20,53,0.792,0.667,0.286,9.66
388,13.993,20,17,44,0.818,0.727,0.278,8.96
389,-17.117,17,20,39,0.872,0.8,0.265,5.39
390,33.668,20,13,37,0.757,1.0,0.357,6.22
391,5.709,25,24,51,0.863,0.75,0.295,6.94
392,44.667,23,14,38,0.763,0.0,0.276,6.26
393,17.385,22,18,41,0.854,1.0,0.257,7.65
394,-78.05,12,27,46,0.848,0.714,0.282,10.45
395,-31.225,18,24,43,0.791,0.9,0.265,9.48
396,64.563,27,14,44,0.886,1.0,0.282,7.19
397,29.881,20,14,38,0.842,1.0,0.344,7.67
398,-0.264,21,21,45,0.778,0.692,0.229,7.98
399,10.758,19,17,41,0.805,1.0,0.242,7.46
400,9.575,19,17,39,0.821,1.0,0.281,6.29
401,9.414,17,15,40,0.75,0.571,0.267,7.2
402,0.252,22,22,47,0.766,0.8,0.333,9.61
403,-6.16,18,19,39,0.795,1.0,0.258,7.92
404,-72.221,12,26,38,0.842,1.0,0.344,10.04
405,-52.138,16,26,45,0.867,0.667,0.308,7.1
406,-37.173,17,24,43,0.721,0.5,0.323,8.65
407,17.4,18,15,36,0.833,0.75,0.367,6.57
408,-11.218,18,20,40,0.775,1.0,0.29,6.77
409,-47.742,11,20,34,0.941,1.0,0.281,9.81
410,-16.361,18,21,40,0.825,0.889,0.303,6.23
411,10.457,17,15,33,0.909,0.75,0.333,4.49
412,35.73,18,11,34,0.824,1.0,0.286,6.42
413,76.79,26,11,40,0.85,0.0,0.294,5.33
414,16.121,16,13,30,0.7,0.667,0.286,6.61
415,-35.573,21,28,54,0.704,0.769,0.289,10.88
416,65.214,30,17,48,0.708,0.9,0.353,6.11
417,40.672,26,18,46,0.826,0.857,0.263,4.94
418,8.723,22,20,48,0.771,0.714,0.27,5.18
419,-71.162,16,30,50,0.78,0.857,0.282,9.79
420,-71.57,20,34,55,0.836,0.864,0.283,7.44
421,13.161,21,18,46,0.826,0.9,0.263,10.78
422,14.748,16,13,30,0.833,0.0,0.36,6.64
423,-42.16,12,20,36,0.806,0.778,0.31,8.3
424,-12.458,21,23,48,0.833,0.75,0.3,8.19
425,-35.453,15,22,37,0.892,1.0,0.273,6.55
426,20.413,27,23,54,0.759,0.833,0.268,5.73
427,-9.945,20,22,46,0.913,1.0,0.333,6.13
428,43.644,24,15,42,0.81,0.0,0.294,4.94
429,-92.155,11,29,43,0.86,0.909,0.297,8.96
430,23.976,20,15,42,0.857,1.0,0.306,7.72
431,-31.964,17,23,44,0.705,0.8,0.226,10.38
432,-25.083,20,25,51,0.784,0.733,0.25,8.63
433,-36.247,13,20,38,0.763,0.7,0.241,8.3
434,-70.926,13,27,42,0.69,0.6,0.276,9.13
435,7.488,22,20,43,0.837,0.7,0.278,6.87
436,-38.632,16,23,42,0.762,1.0,0.344,6.97
437,45.3,21,12,36,0.806,0.8,0.31,9.09
438,30.126,23,17,42,0.881,0.0,0.216,7.1
439,-20.025,20,24,47,0.766,0.875,0.25,9.54
440,-15.596,16,19,36,0.833,1.0,0.333,6.57
441,42.704,22,14,40,0.825,0.833,0.273,10.13
442,14.039,17,14,34,0.794,0.8,0.37,7.66
443,-27.546,23,28,51,0.824,0.625,0.31,7.43
444,5.317,18,17,38,0.868,1.0,0.273,8.46
445,-11.441,21,23,47,0.851,0.857,0.4,7.51
446,35.277,20,13,37,0.865,1.0,0.312,8.42
447,-30.27,20,26,53,0.849,1.0,0.222,8.69
448,49.8,21,11,37,0.865,0.5,0.281,5.51
449,-38.605,19,27,47,0.894,1.0,0.238,10.76
450,67.41,25,12,40,0.8,1.0,0.25,6.73
451,-5.036,21,22,47,0.83,1.0,0.359,7.82
452,16.847,18,14,35,0.886,1.0,0.258,6.79
453,-7.731,18,19,41,0.756,0.571,0.258,9.18
454,-67.588,12,25,42,0.786,0.812,0.242,11.67
455,0.56,11,11,26,0.962,0.0,0.32,7.21
456,-10.861,17,19,43,0.93,1.0,0.3,6.17
457,1.679,28,28,57,0.877,0.923,0.3,11.57
458,17.106,21,18,40,0.8,0.8,0.312,6.42
459,-51.176,15,25,42,0.762,1.0,0.281,10.05
460,-72.404,10,24,39,0.769,0.75,0.233,9.14
461,-52.626,19,29,50,0.82,0.765,0.317,12.24
462,1.223,18,18,40,0.85,0.833,0.294,9.15
463,57.54,23,12,37,0.865,1.0,0.281,6.02
464,-40.362,16,24,47,0.83,0.778,0.308,7.89
465,-122.558,11,35,50,0.78,0.778,0.256,9.88
466,20.194,29,25,57,0.807,0.846,0.261,9.53
467,31.434,19,13,34,0.941,1.0,0.281,5.78
468,16.327,19,16,38,0.816,0.667,0.387,8.87
469,8.485,17,15,38,0.789,0.75,0.267,9.29
470,-65.109,18,31,56,0.821,0.913,0.261,8.33
471,-48.35,7,16,33,0.758,0.5,0.32,8.97
472,-15.938,23,26,53,0.736,0.826,0.308,10.8
473,10.737,16,14,32,0.812,1.0,0.385,8.61
474,51.026,24,14,38,0.711,0.75,0.333,6.06
475,-61.188,17,29,48,0.771,1.0,0.351,9.11
476,-58.09,15,26,49,0.857,0.929,0.262,9.92
477,21.373,17,13,32,0.812,0.0,0.269,6.74
478,-143.758,12,40,61,0.836,0.87,0.275,13.1
479,34.52,22,15,39,0.795,0.714,0.258,5.83
480,20.401,22,18,41,0.732,0.833,0.267,7.16
481,34.214,24,17,42,0.738,0.333,0.258,7.47
482,-85.451,9,26,38,0.895,1.0,0.324,10.44
483,-9.704,19,21,44,0.864,0.7,0.237,9.01
484,-15.744,21,24,47,0.872,0.778,0.244,9.76
485,-41.074,18,26,48,0.75,0.762,0.306,11.95
486,-22.277,14,18,37,0.811,0.5,0.3,7.47
487,-52.188,20,30,52,0.865,0.909,0.244,9.77
488,13.015,19,16,38,0.842,0.8,0.219,7.6
489,-93.0,18,36,56,0.75,0.75,0.262,13.11
490,24.857,22,17,46,0.957,1.0,0.295,8.03
491,-45.386,17,26,47,0.872,1.0,0.22,10.0
492,-0.467,21,21,47,0.809,0.857,0.289,9.24
493,-26.953,19,24,43,0.86,0.929,0.243,8.25
494,45.721,23,14,39,0.718,0.857,0.321,4.34
495,6.43,25,24,52,0.865,0.929,0.289,9.8
496,58.34,23,12,38,0.737,0.9,0.393,7.89
497,40.924,16,8,25,0.84,1.0,0.429,7.29
498,20.565,24,20,45,0.756,1.0,0.441,8.11
499,-60.725,13,25,42,0.81,0.643,0.294,10.15
500,49.543,24,14,39,0.667,1.0,0.269,6.74
501,-11.916,22,24,56,0.804,0.889,0.267,12.78
502,-68.193,15,28,43,0.791,0.8,0.265,9.64
503,96.206,27,8,35,0.829,0.0,0.31,4.08
504,-20.169,17,21,40,0.775,0.917,0.323,10.55
505,-0.23,21,21,44,0.886,1.0,0.282,6.46
506,35.68,24,17,47,0.915,1.0,0.279,7.64
507,9.041,16,14,31,0.774,1.0,0.292,5.71
508,-15.652,19,22,45,0.8,0.857,0.25,8.97
509,58.291,23,12,35,0.8,1.0,0.286,5.9
510,27.693,26,20,46,0.761,0.889,0.343,4.33
511,-20.786,18,22,42,0.857,0.857,0.306,9.15
512,-17.605,19,22,46,0.804,1.0,0.297,11.1
513,46.044,27,18,48,0.833,0.889,0.275,7.51
514,29.398,20,14,36,0.917,1.0,0.303,3.74
515,98.411,28,9,39,0.872,0.75,0.324,5.64
516,112.734,33,11,45,0.778,0.75,0.286,5.07
517,-41.574,20,28,49,0.796,0.812,0.282,7.83
518,-19.327,21,25,47,0.83,0.933,0.385,9.55
519,51.544,24,13,39,0.846,1.0,0.242,4.38
520,-11.565,18,20,40,0.775,0.556,0.323,7.99
521,-41.943,22,30,56,0.839,0.957,0.255,11.68
522,-63.514,15,27,44,0.818,0.818,0.333,7.61
523,-15.704,14,17,35,0.8,1.0,0.286,7.44
524,54.871,27,16,49,0.796,1.0,0.282,7.53
525,26.419,18,13,34,0.853,0.0,0.276,6.97
526,-2.12,24,24,51,0.902,1.0,0.239,5.61
527,-46.11,20,29,51,0.824,0.833,0.238,12.07
528,-53.044,18,28,49,0.878,0.889,0.256,7.47
529,-1.842,15,15,36,0.833,0.5,0.267,6.63
530,-4.918,22,23,47,0.872,1.0,0.317,11.24
531,-13.159,17,20,37,0.784,0.667,0.241,7.08
532,20.696,22,18,41,0.854,0.909,0.286,9.54
533,-1.562,17,17,36,0.917,1.0,0.242,6.7
534,-35.346,20,27,54,0.796,0.6,0.279,11.37
535,44.732,26,17,44,0.818,1.0,0.278,5.63
536,-66.204,23,36,60,0.867,0.933,0.231,8.0
537,24.802,18,13,32,0.688,0.5,0.318,5.28
538,25.774,21,16,39,0.692,0.6,0.296,7.44
539,-51.071,16,26,43,0.744,0.778,0.281,8.89
540,18.555,24,20,49,0.776,0.889,0.316,8.95
541,58.8,19,7,35,0.829,0.833,0.276,5.02
542,-38.282,21,28,58,0.845,0.667,0.245,6.28
543,14.167,20,17,40,0.8,1.0,0.344,4.44
544,-67.136,14,27,42,0.81,0.6,0.294,7.43
545,45.635,20,11,34,0.882,1.0,0.267,5.64
546,75.674,25,10,38,0.842,0.75,0.281,5.02
547,4.495,20,19,45,0.8,0.833,0.25,6.83
548,18.837,17,13,35,0.857,1.0,0.3,7.18
549,32.484,22,15,45,0.822,0.875,0.27,7.55
550,20.023,23,19,42,0.833,1.0,0.343,9.24
551,-2.763,20,20,43,0.767,1.0,0.242,8.11
552,-51.828,17,27,45,0.8,0.846,0.361,8.22
553,39.995,24,16,46,0.826,0.833,0.263,5.93
554,-24.998,14,19,33,0.879,0.75,0.276,7.6
555,-41.119,17,25,46,0.826,0.692,0.289,11.1
556,43.409,27,18,52,0.788,0.75,0.415,6.09
557,-9.902,14,16,32,0.875,1.0,0.321,6.57
558,-30.494,19,25,47,0.723,0.556,0.324,7.75
559,42.65,23,14,41,0.659,0.667,0.296,7.2
560,39.817,19,11,32,0.844,1.0,0.333,7.55
561,32.071,21,14,39,0.872,0.667,0.265,7.45
562,75.913,28,13,44,0.818,1.0,0.278,5.96
563,19.965,16,12,34,0.824,1.0,0.321,7.0
564,-64.792,16,29,46,0.783,0.818,0.25,12.11
565,29.461,21,15,42,0.762,0.8,0.312,10.32
566,23.627,20,15,40,0.85,1.0,0.324,9.44
567,20.113,22,18,45,0.889,0.857,0.325,6.54
568,-45.305,14,23,41,0.805,0.846,0.424,9.49
569,-25.302,20,25,46,0.848,0.4,0.308,10.42
570,64.9,28,15,44,0.75,1.0,0.333,4.92
571,14.598,25,22,50,0.94,1.0,0.255,8.15
572,25.242,28,23,53,0.849,0.909,0.244,7.49
573,3.697,18,17,37,0.865,1.0,0.312,6.13
574,-0.058,13,13,29,0.69,1.0,0.25,8.12
575,56.451,21,10,31,0.839,0.0,0.346,4.47
576,79.022,27,11,40,0.85,1.0,0.235,4.56
577,-27.086,16,21,41,0.829,1.0,0.235,9.16
578,28.797,19,13,34,0.706,0.5,0.458,5.81
579,1.616,16,16,39,0.769,0.857,0.367,8.51
580,53.399,22,11,33,0.848,1.0,0.286,4.52
581,12.383,24,21,48,0.75,0.75,0.25,6.11
582,9.392,18,16,35,0.914,1.0,0.25,4.9
583,85.737,25,8,33,0.848,0.5,0.286,5.73
584,-40.253,14,22,37,0.784,1.0,0.241,8.02
585,47.372,23,14,40,0.95,0.0,0.211,6.34
586,-20.169,12,16,31,0.774,0.0,0.333,8.52
587,-47.951,18,27,51,0.804,1.0,0.244,6.78
588,-61.549,20,32,53,0.736,1.0,0.308,6.58
589,122.139,33,9,44,0.795,1.0,0.314,5.07
590,86.872,29,12,44,0.841,1.0,0.243,7.14
591,58.68,23,11,36,0.833,1.0,0.367,6.67
592,-71.643,14,28,46,0.761,0.625,0.286,10.42
593,-90.631,14,32,49,0.776,0.545,0.316,9.9
594,-57.148,18,29,50,0.88,1.0,0.364,7.39
595,-1.137,17,17,35,0.914,0.8,0.219,6.7
596,36.16,19,12,34,0.824,1.0,0.214,6.49
597,-77.474,13,28,44,0.841,0.917,0.324,9.08
598,-47.178,22,31,57,0.754,0.818,0.279,10.04
599,-27.656,21,26,53,0.887,0.929,0.255,8.56
600,-39.344,18,26,49,0.796,1.0,0.256,8.21
601,27.426,28,22,56,0.732,0.765,0.244,10.58
602,-19.526,19,23,45,0.756,0.667,0.294,9.26
603,35.6,23,16,41,0.805,0.4,0.273,4.55
604,-41.919,18,26,46,0.87,1.0,0.3,8.14
605,35.248,22,14,37,0.865,1.0,0.281,5.17
606,-87.158,17,34,53,0.83,0.833,0.364,9.87
607,18.215,30,26,60,0.8,0.722,0.271,8.65
608,-37.935,16,23,39,0.795,0.778,0.29,6.48
609,70.773,22,8,32,0.875,0.0,0.321,5.83
610,-52.453,17,27,47,0.936,0.889,0.295,8.81
611,96.702,25,6,36,0.722,0.0,0.308,5.84
612,95.278,29,10,43,0.814,1.0,0.314,6.35
613,-47.592,18,27,46,0.913,1.0,0.286,7.94
614,45.301,29,20,51,0.902,0.889,0.304,6.06
615,60.1,26,14,43,0.907,1.0,0.333,9.52
616,123.696,27,3,31,0.677,1.0,0.286,4.3
617,-26.545,13,18,34,0.824,0.0,0.286,8.38
618,66.258,24,11,38,0.763,1.0,0.241,5.36
619,3.973,22,21,48,0.771,0.769,0.297,8.6
620,36.597,23,16,45,0.822,0.75,0.378,6.63
621,35.102,16,9,28,0.857,1.0,0.333,7.0
622,-87.056,17,34,56,0.946,1.0,0.283,12.03
623,-11.31,18,20,42,0.857,1.0,0.306,8.57
624,-1.57,14,14,29,0.862,0.857,0.28,6.87
625,19.644,19,15,38,0.789,1.0,0.267,8.13
626,28.894,21,15,36,0.861,1.0,0.323,6.31
627,12.728,22,19,46,0.87,1.0,0.325,9.7
628,65.71,23,10,35,0.914,0.857,0.25,5.38
629,-4.659,16,17,33,0.758,1.0,0.28,6.72
630,-11.09,20,22,45,0.8,0.889,0.278,8.55
631,34.261,24,17,46,0.891,0.857,0.293,6.82
632,55.19,27,16,47,0.915,1.0,0.326,7.26
633,-6.704,17,18,39,0.795,1.0,0.29,11.04
634,48.796,22,12,37,0.838,1.0,0.29,5.78
635,62.415,24,11,35,0.943,1.0,0.273,5.25
636,104.635,32,11,45,0.8,0.6,0.278,6.66
637,-5.746,18,19,37,0.784,1.0,0.345,6.49
638,-7.744,21,22,47,0.936,1.0,0.273,7.76
639,8.417,23,21,50,0.82,0.923,0.244,7.36
640,5.575,20,19,43,0.791,0.833,0.265,7.89
641,-114.44,10,32,44,0.818,0.923,0.361,10.41
642,44.198,24,15,41,0.756,1.0,0.29,6.6
643,8.495,25,23,51,0.804,0.6,0.317,9.08
644,-7.577,25,26,52,0.846,1.0,0.273,8.09
645,-6.999,24,25,50,0.84,0.909,0.262,8.77
646,-5.61,21,22,46,0.739,0.8,0.294,7.61
647,39.502,23,15,39,0.846,0.667,0.273,6.37
648,-41.625,13,21,35,0.714,1.0,0.28,9.38
649,-46.634,21,30,53,0.887,0.923,0.255,10.01
650,-88.271,11,28,45,0.756,0.8,0.265,10.1
651,60.966,27,15,43,0.86,1.0,0.351,7.29
652,22.683,18,13,34,0.794,1.0,0.296,5.51
653,-52.122,15,25,45,0.867,0.929,0.256,8.67
654,-77.704,12,27,42,0.81,1.0,0.294,9.47
655,-8.969,21,23,44,0.75,0.8,0.242,8.19
656,35.991,24,17,41,0.854,0.75,0.4,8.27
657,8.891,19,17,38,0.895,1.0,0.324,7.34
658,51.155,26,16,43,0.744,0.667,0.375,6.31
659,24.983,20,15,39,0.795,1.0,0.323,7.66
660,17.553,17,13,35,0.943,1.0,0.333,5.82
661,33.096,28,21,49,0.878,0.75,0.256,8.73
662,97.613,32,13,48,0.854,1.0,0.244,4.49
663,65.625,25,12,41,0.878,1.0,0.278,5.92
664,-25.827,22,27,49,0.816,0.643,0.325,8.51
665,79.28,26,10,39,0.744,1.0,0.31,6.41
666,-48.798,19,28,49,0.796,0.895,0.256,8.07
667,76.694,27,12,41,0.756,1.0,0.29,6.2
668,20.901,26,22,50,0.78,0.875,0.333,11.13
669,-6.137,21,22,45,0.822,0.9,0.297,7.33
670,-22.738,20,24,45,0.889,0.857,0.25,6.15
671,30.523,22,16,40,0.775,0.0,0.355,7.83
672,87.668,30,13,44,0.75,1.0,0.273,5.22
673,18.961,21,17,38,0.684,1.0,0.231,4.8
674,7.492,18,16,36,0.861,1.0,0.323,8.38
675,38.195,27,19,48,0.771,1.0,0.243,6.47
676,72.848,29,14,47,0.894,1.0,0.31,5.43
677,36.638,20,13,35,0.914,0.0,0.312,5.95
678,5.74,24,23,51,0.824,0.75,0.214,5.83
679,44.271,26,17,44,0.841,0.929,0.297,8.95
680,48.764,23,13,37,0.757,0.833,0.25,8.0
681,4.565,21,20,42,0.786,1.0,0.333,7.79
682,-31.755,23,29,54,0.87,1.0,0.234,7.68
683,-66.87,15,28,44,0.864,1.0,0.289,9.18
684,41.283,25,17,45,0.822,1.0,0.378,7.84
685,30.306,19,13,37,0.865,1.0,0.312,8.13
686,-20.005,13,17,30,0.8,0.6,0.333,8.41
687,64.463,25,12,38,0.842,1.0,0.281,5.15
688,85.496,28,11,39,0.769,1.0,0.267,6.03
689,20.028,22,18,43,0.767,1.0,0.303,5.87
690,-18.054,27,30,62,0.806,0.714,0.26,8.4
691,16.134,25,21,48,0.875,1.0,0.31,6.26
692,35.759,21,14,35,0.8,1.0,0.286,6.01
693,76.958,24,9,37,0.784,0.875,0.379,7.45
694,51.279,23,13,43,0.86,0.0,0.378,7.04
695,-81.038,14,30,47,0.851,1.0,0.25,8.56
696,-16.826,14,17,34,0.676,0.0,0.304,5.13
697,-88.011,11,28,42,0.714,0.818,0.267,8.33
698,13.495,24,21,47,0.809,1.0,0.289,8.18
699,-0.886,20,20,42,0.786,0.5,0.273,7.21
700,26.655,22,17,40,0.8,0.909,0.281,7.76
701,50.116,25,15,42,0.81,1.0,0.353,7.21
702,93.342,29,11,40,0.75,0.0,0.267,4.12
703,-4.264,20,21,44,0.886,0.875,0.282,7.96
704,-31.273,18,24,45,0.889,1.0,0.325,7.91
705,-16.05,18,21,43,0.767,0.643,0.242,7.93
706,55.66,27,16,43,0.884,1.0,0.289,5.92
707,-61.097,18,30,53,0.755,0.846,0.275,10.83
708,43.696,24,15,40,0.8,1.0,0.25,6.0
709,18.97,22,18,42,0.833,0.8,0.371,6.6
710,36.335,19,12,34,0.853,1.0,0.345,7.84
711,25.904,22,17,43,0.884,1.0,0.237,6.9
712,-142.085,13,41,59,0.864,0.87,0.314,11.17
713,19.394,18,14,32,0.719,0.9,0.304,6.12
714,-92.829,12,30,45,0.822,0.905,0.297,11.26
715,3.618,15,14,30,0.9,1.0,0.333,5.22
716,89.753,29,11,42,0.762,0.667,0.344,6.58
717,-25.878,19,24,48,0.917,0.714,0.295,8.15
718,40.689,27,19,47,0.894,0.8,0.333,7.29
719,56.696,26,15,48,0.833,0.857,0.325,7.42
720,-118.355,12,35,51,0.765,0.733,0.282,11.04
721,82.223,28,12,41,0.854,1.0,0.343,6.72
722,54.293,25,14,41,0.829,1.0,0.235,7.49
723,18.937,23,19,51,0.882,1.0,0.311,7.63
724,40.973,24,16,45,0.778,0.75,0.343,6.99
725,41.652,22,14,39,0.769,0.667,0.3,8.79
726,40.577,25,17,44,0.818,0.75,0.25,5.93
727,-92.657,12,30,47,0.851,0.875,0.3,10.32
728,2.723,22,21,48,0.812,0.875,0.308,9.12
729,13.528,23,20,45,0.844,0.0,0.237,7.61
730,-17.126,20,23,46,0.783,0.765,0.278,9.57
731,-77.847,16,31,51,0.843,0.846,0.279,10.7
732,30.796,23,17,43,0.884,0.8,0.289,7.62
733,-37.614,19,26,47,0.809,0.889,0.395,7.72
734,-32.939,23,29,54,0.907,0.889,0.286,6.14
735,51.486,18,8,29,0.69,1.0,0.25,6.12
736,27.346,18,13,33,0.879,0.0,0.31,4.34
737,105.527,30,9,40,0.775,0.0,0.323,4.35
738,60.921,20,8,28,0.821,1.0,0.304,5.26
739,-32.056,16,22,39,0.897,0.889,0.257,9.52
740,84.858,24,7,34,0.676,1.0,0.348,4.28
741,-57.421,19,30,52,0.827,0.812,0.256,11.36
742,-45.286,19,28,49,0.796,1.0,0.308,8.0
743,-34.428,16,23,42,0.881,0.875,0.243,12.56
744,-27.779,19,24,45,0.867,1.0,0.282,6.43
745,-57.785,13,24,41,0.805,0.6,0.364,6.69
746,-103.899,13,33,52,0.885,0.923,0.239,10.07
747,0.857,20,20,45,0.844,1.0,0.289,8.35
748,-87.215,14,31,49,0.816,1.0,0.3,8.73
749,-98.688,15,34,53,0.792,0.8,0.262,8.8
750,13.375,23,20,46,0.783,0.824,0.278,6.74
751,64.842,24,11,38,0.842,1.0,0.312,5.31
752,6.778,25,23,49,0.857,0.938,0.31,8.01
753,-35.841,16,23,41,0.829,0.8,0.382,8.56
754,59.063,23,11,36,0.667,0.6,0.333,7.51
755,113.651,31,9,42,0.786,1.0,0.212,5.95
756,12.837,21,18,43,0.86,1.0,0.216,9.7
757,70.831,25,11,36,0.667,0.5,0.25,4.59
758,-9.502,13,15,32,0.812,1.0,0.269,7.03
759,40.311,25,17,44,0.841,1.0,0.378,7.11
760,-99.262,19,38,61,0.787,0.87,0.25,10.44
761,-5.431,18,19,39,0.769,1.0,0.267,5.95
762,-140.535,14,41,66,0.818,0.926,0.259,11.1
763,44.483,23,14,41,0.732,1.0,0.267,8.32
764,2.089,25,24,51,0.784,0.9,0.325,7.3
765,23.283,21,16,40,0.8,1.0,0.344,5.51
766,53.973,23,12,40,0.85,1.0,0.412,7.61
767,-40.683,18,26,49,0.796,0.846,0.333,10.57
768,90.6,26,8,36,0.806,1.0,0.276,4.71
769,-36.799,18,25,46,0.783,0.833,0.25,7.04
770,-16.1,20,23,47,0.872,0.889,0.268,8.73
771,-50.812,16,26,46,0.891,0.875,0.244,8.02
772,53.73,24,13,40,0.825,1.0,0.303,5.88
773,39.98,26,18,45,0.822,1.0,0.27,4.63
774,56.708,21,10,33,0.818,0.8,0.333,6.86
775,-27.647,17,22,41,0.878,0.909,0.278,8.32
776,23.328,22,17,42,0.786,1.0,0.273,7.9
777,-29.832,14,20,35,0.914,0.923,0.281,9.01
778,-37.222,21,28,56,0.839,0.706,0.298,12.64
779,47.196,20,10,30,0.933,0.8,0.357,5.15
780,17.007,24,20,47,0.872,0.0,0.293,6.56
781,8.443,19,17,44,0.864,0.833,0.237,6.7
782,-31.104,19,25,50,0.9,0.889,0.244,8.31
783,-6.563,22,23,49,0.898,0.889,0.25,6.93
784,38.728,21,13,36,0.75,1.0,0.333,5.62
785,12.971,22,19,42,0.833,0.714,0.286,6.57
786,54.96,24,13,43,0.884,0.667,0.289,5.78
787,8.922,19,17,36,0.778,1.0,0.321,7.67
788,-31.577,12,18,31,0.935,0.75,0.241,6.87
789,56.123,26,15,47,0.872,1.0,0.244,8.15
790,76.119,27,11,40,0.825,0.8,0.333,4.24
791,41.648,21,12,34,0.853,1.0,0.276,6.0
792,46.716,27,17,46,0.913,0.778,0.238,6.58
793,-93.35,10,28,41,0.854,0.889,0.314,7.98
794,31.707,25,18,48,0.917,1.0,0.273,8.02
795,-35.681,20,27,53,0.887,1.0,0.319,7.97
796,-6.2,20,21,45,0.911,1.0,0.244,8.77
797,98.201,29,9,38,0.789,1.0,0.233,5.76
798,13.3,21,18,41,0.707,0.833,0.345,7.59
799,41.888,22,13,36,0.917,1.0,0.333,4.24
800,-18.268,23,26,53,0.906,0.917,0.292,7.04
801,8.898,25,23,49,0.816,0.923,0.25,7.37
802,17.219,18,15,34,0.794,1.0,0.296,6.46
803,41.415,19,11,30,0.9,0.0,0.296,4.69
804,70.67,22,8,33,0.788,0.0,0.269,5.6
805,103.745,30,9,41,0.878,1.0,0.333,5.9
806,-32.4,14,20,37,0.946,1.0,0.314,7.08
807,-0.202,17,17,36,0.861,0.75,0.419,5.67
808,-0.1,25,25,52,0.885,1.0,0.261,9.23
809,25.453,23,18,42,0.81,0.0,0.294,7.34
810,-4.944,21,22,44,0.886,0.909,0.282,8.9
811,38.153,23,15,41,0.854,1.0,0.286,6.27
812,-9.567,25,27,53,0.811,0.8,0.302,7.17
813,-5.157,21,22,49,0.796,0.8,0.282,7.86
814,119.379,29,5,35,0.771,1.0,0.296,5.73
815,44.211,24,15,46,0.826,1.0,0.289,6.51
816,43.961,25,16,44,0.864,1.0,0.237,6.62
817,50.655,30,20,58,0.845,0.733,0.286,8.86
818,6.386,23,22,46,0.913,0.857,0.238,6.96
819,49.37,23,13,39,0.795,0.75,0.355,4.91
820,-7.439,19,20,42,0.81,0.833,0.294,7.64
821,100.279,25,5,31,0.839,0.0,0.308,5.37
822,75.386,26,11,40,0.825,1.0,0.333,4.77
823,-1.19,19,19,38,0.789,0.75,0.233,5.97
824,8.886,19,17,38,0.895,1.0,0.265,5.23
825,-25.041,18,23,45,0.889,1.0,0.225,9.28
826,-25.006,20,25,45,0.889,1.0,0.275,5.86
827,27.936,21,15,36,0.806,0.857,0.379,6.85
828,21.067,23,18,42,0.81,0.818,0.265,7.57
829,-16.374,27,30,59,0.898,0.889,0.283,8.9
830,34.984,23,16,42,0.833,1.0,0.257,7.26
831,-5.755,23,24,49,0.837,0.833,0.317,7.03
832,-19.808,21,25,46,0.848,0.875,0.308,6.47
833,54.06,23,12,36,0.778,0.8,0.321,7.61
834,44.36,21,12,36,0.806,0.5,0.345,8.07
835,-32.981,19,25,45,0.867,1.0,0.333,8.19
836,3.057,20,19,41,0.854,0.8,0.257,7.05
837,80.777,27,11,44,0.818,1.0,0.306,7.25
838,-28.046,12,17,34,0.853,1.0,0.276,6.24
839,13.513,16,13,33,0.879,1.0,0.31,5.71
840,25.057,17,12,31,0.903,1.0,0.286,8.78
841,65.312,22,9,34,0.941,0.0,0.438,5.78
842,-33.225,20,26,47,0.83,0.938,0.231,10.19
843,-72.555,20,34,56,0.857,0.875,0.271,8.92
844,42.468,22,13,38,0.842,1.0,0.312,7.18
845,83.295,32,15,48,0.854,0.833,0.268,6.12
846,44.149,21,12,34,0.794,0.0,0.333,4.74
847,49.46,26,16,45,0.778,0.75,0.286,7.17
848,-1.275,23,23,46,0.891,0.882,0.366,7.39
849,71.379,23,9,34,0.794,0.0,0.37,5.36
850,54.367,26,15,44,0.727,0.9,0.375,8.98
851,39.397,24,16,44,0.864,0.0,0.289,5.62
852,28.935,19,13,38,0.868,1.0,0.333,7.09
853,24.07,19,14,36,0.861,1.0,0.258,6.61
854,3.235,20,19,43,0.791,1.0,0.294,6.43
855,-35.06,19,25,49,0.959,1.0,0.234,6.5
856,121.355,30,6,40,0.875,1.0,0.314,6.53
857,22.598,19,14,37,0.838,1.0,0.323,5.51
858,-11.374,21,23,48,0.854,1.0,0.268,6.85
859,37.481,22,15,39,0.769,1.0,0.267,6.55
860,24.002,23,18,41,0.951,0.5,0.256,5.11
861,-9.475,23,25,49,0.898,0.933,0.273,7.94
862,53.639,25,14,41,0.854,1.0,0.286,5.19
863,55.891,25,14,41,0.805,1.0,0.303,6.7
864,126.321,34,9,43,0.86,1.0,0.297,4.96
865,24.657,20,15,37,0.865,0.0,0.344,6.89
866,9.573,23,21,44,0.818,0.75,0.278,5.51
867,-87.772,18,35,56,0.786,0.875,0.364,11.05
868,6.404,27,25,54,0.778,1.0,0.31,8.07
869,98.117,32,12,45,0.822,1.0,0.297,4.45
870,-80.612,9,25,36,0.861,0.667,0.226,9.35
871,19.378,23,19,45,0.933,1.0,0.238,6.58
872,13.585,17,14,35,0.857,1.0,0.233,5.08
873,79.794,25,9,37,0.865,0.667,0.312,5.86
874,14.323,21,18,43,0.767,0.727,0.303,9.24
875,-11.12,19,21,45,0.867,1.0,0.231,9.77
876,-4.883,18,19,41,0.951,0.75,0.256,7.83
877,38.03,29,21,52,0.885,1.0,0.239,7.37
878,28.566,20,14,45,0.778,0.9,0.343,9.94
879,54.577,25,13,40,0.8,0.0,0.25,4.15
880,35.389,20,13,33,0.939,1.0,0.323,7.29
881,97.137,31,11,42,0.905,1.0,0.263,4.88
882,76.913,28,12,44,0.795,0.667,0.257,4.63
883,-33.946,15,21,37,0.811,1.0,0.333,6.05
884,26.523,19,13,35,0.714,1.0,0.32,4.63
885,24.063,20,15,41,0.854,0.8,0.286,6.85
886,80.296,23,7,31,0.806,1.0,0.36,5.38
887,79.279,26,10,40,0.875,1.0,0.314,6.06
888,14.484,18,15,42,0.905,1.0,0.263,8.18
889,39.89,25,17,45,0.911,0.5,0.317,5.64
890,78.445,26,10,40,0.875,1.0,0.257,5.2
891,41.396,25,17,45,0.889,1.0,0.225,7.64
892,-1.543,18,18,37,0.757,1.0,0.429,6.62
893,40.324,26,18,46,0.848,0.9,0.256,7.16
894,26.172,24,18,46,0.848,0.0,0.256,6.44
895,47.773,25,15,41,0.854,0.667,0.343,5.75
896,47.418,26,16,47,0.851,1.0,0.25,7.1
897,-44.382,17,26,49,0.837,0.667,0.244,8.35
898,60.379,24,12,38,0.895,1.0,0.235,5.67
899,-77.357,18,33,56,0.946,1.0,0.264,9.43
900,-28.787,24,29,57,0.842,0.929,0.292,9.02
901,56.616,30,19,52,0.827,0.714,0.302,7.3
902,57.356,21,9,36,0.833,1.0,0.333,4.83
903,57.846,27,15,48,0.854,0.857,0.268,5.51
904,52.617,26,15,44,0.886,1.0,0.282,4.73
905,-16.822,19,22,45,0.867,1.0,0.282,7.45
906,63.305,26,13,42,0.81,1.0,0.294,5.01
907,-78.457,15,30,47,0.851,0.929,0.325,9.97
908,-17.705,20,23,43,0.86,1.0,0.297,6.74
909,29.69,21,15,39,0.897,0.9,0.343,8.87
910,42.508,23,14,38,0.842,1.0,0.406,5.76
911,90.838,28,10,45,0.844,0.0,0.263,7.47
912,27.612,20,14,37,0.865,0.875,0.312,5.29
913,62.148,21,8,31,0.871,0.0,0.259,3.52
914,69.809,29,14,47,0.702,0.857,0.273,8.07
915,98.605,27,7,34,0.706,0.0,0.25,3.93
916,4.308,21,20,41,0.805,0.625,0.273,5.63
917,-50.327,21,31,55,0.818,1.0,0.356,9.18
918,60.352,24,12,37,0.838,1.0,0.29,6.92
919,115.641,32,9,45,0.911,1.0,0.293,5.12
920,-49.936,20,30,53,0.868,0.938,0.304,9.47
921,50.653,24,14,39,0.718,0.6,0.286,6.75
922,-29.016,13,19,35,0.857,1.0,0.333,7.84
923,160.951,37,5,43,0.721,0.0,0.355,3.49
924,-6.993,26,27,55,0.909,1.0,0.28,7.99
925,-11.154,20,22,47,0.894,0.8,0.31,7.63
926,-98.302,10,29,44,0.886,1.0,0.333,8.05
927,71.89,33,18,53,0.83,1.0,0.295,6.97
928,28.474,20,14,35,0.829,0.6,0.31,6.99
929,82.167,30,14,45,0.844,1.0,0.289,6.32
930,19.412,25,21,50,0.86,0.889,0.256,6.66
931,-37.424,16,23,40,0.8,0.8,0.281,6.9
932,84.555,28,11,40,0.9,1.0,0.25,6.14
933,108.896,31,9,40,0.85,1.0,0.235,4.48
934,35.524,15,8,26,0.769,1.0,0.3,4.92
935,-6.841,17,18,35,0.8,1.0,0.429,3.97
936,-13.928,22,24,50,0.84,0.818,0.31,7.04
937,89.122,29,11,46,0.761,1.0,0.229,5.78
938,78.181,27,11,42,0.762,0.833,0.344,4.91
939,80.815,26,10,40,0.925,1.0,0.243,7.0
940,13.113,22,19,45,0.889,0.857,0.325,7.54
941,25.49,16,11,29,0.793,0.333,0.391,6.74
942,2.81,17,16,39,0.821,1.0,0.25,6.9
943,10.737,22,19,42,0.857,1.0,0.25,7.5
944,-2.903,19,19,42,0.714,0.5,0.3,6.93
945,26.068,22,17,41,0.878,1.0,0.25,8.76
946,32.454,27,20,48,0.854,0.6,0.293,5.77
947,103.106,26,6,33,0.848,0.0,0.286,5.99
948,-81.563,15,31,47,0.872,0.857,0.317,9.27
949,49.162,24,14,41,0.805,1.0,0.333,7.59
950,45.362,25,16,44,0.909,1.0,0.325,6.0
951,-3.12,23,23,48,0.833,0.75,0.275,6.88
952,3.131,17,16,34,0.853,1.0,0.276,7.65
953,-4.893,19,20,41,0.805,1.0,0.242,8.56
954,28.527,25,19,49,0.816,1.0,0.25,6.19
955,25.514,22,17,42,0.905,1.0,0.316,7.24
956,4.612,22,21,44,0.864,0.75,0.211,8.27
957,72.328,25,10,35,0.886,0.75,0.29,4.79
958,8.889,22,20,46,0.957,1.0,0.295,5.84
959,-8.137,18,19,41,0.829,0.8,0.235,8.1
960,97.926,30,10,40,0.8,0.0,0.375,3.67
961,45.579,18,9,27,0.852,1.0,0.304,4.64
962,102.201,31,10,42,0.81,0.857,0.324,3.8
963,71.193,22,8,32,0.938,0.0,0.333,5.25
964,30.215,20,13,42,0.929,1.0,0.308,6.4
965,40.897,29,20,50,0.82,1.0,0.293,5.2
966,38.27,26,18,48,0.833,0.857,0.3,5.91
967,80.275,27,11,41,0.805,0.75,0.273,6.86
968,47.491,25,15,41,0.829,0.0,0.294,4.3
969,-37.645,22,29,54,0.833,0.867,0.244,10.76
970,33.977,27,20,48,0.854,0.875,0.268,6.31
971,-1.932,22,22,46,0.826,1.0,0.316,7.74
972,49.654,28,18,52,0.885,0.857,0.261,7.67
973,8.385,21,18,43,0.814,0.5,0.429,4.77
974,96.641,34,14,49,0.857,1.0,0.238,5.2
975,8.988,22,20,43,0.791,0.571,0.265,7.09
976,62.429,23,10,36,0.806,0.0,0.31,4.01
977,3.896,18,17,35,0.914,1.0,0.25,5.49
978,-12.522,24,26,51,0.882,0.952,0.289,8.26
979,71.019,26,11,42,0.833,0.833,0.371,5.62
980,74.546,25,10,36,0.806,1.0,0.276,6.45
981,89.812,26,8,35,0.8,1.0,0.321,4.53
982,30.49,18,12,34,0.912,1.0,0.258,9.76
983,40.583,20,12,36,0.833,1.0,0.4,5.47
984,53.962,31,20,54,0.815,1.0,0.227,8.28
985,27.338,22,16,39,0.641,0.75,0.28,4.98
986,-28.013,21,26,48,0.854,0.889,0.244,6.58
987,10.23,20,17,38,0.789,1.0,0.267,5.76
988,-58.437,15,26,43,0.744,0.786,0.281,8.92
989,56.926,30,18,50,0.86,1.0,0.256,6.03
990,12.75,24,21,46,0.848,1.0,0.359,5.06
991,-39.264,19,27,49,0.878,0.9,0.233,8.06
992,-25.049,19,24,45,0.8,0.714,0.278,7.94
993,55.547,24,13,42,0.952,1.0,0.275,5.85
994,41.239,32,23,59,0.814,0.875,0.396,7.91
995,0.139,20,20,42,0.81,0.917,0.265,8.44
996,-5.291,18,19,39,0.821,1.0,0.25,6.91
997,78.997,27,11,42,0.786,1.0,0.273,5.75
998,-32.618,23,29,56,0.75,0.9,0.262,7.76
999,4.628,18,17,35,0.686,0.75,0.292,6.67
1000,82.234,27,11,41,0.878,0.889,0.333,6.51
1001,55.394,27,16,46,0.848,0.909,0.308,7.82
1002,34.061,25,18,43,0.884,1.0,0.316,5.33
1003,57.087,26,15,42,0.857,1.0,0.278,5.83
1004,67.716,29,16,48,0.938,1.0,0.289,7.02
1005,3.336,21,20,44,0.909,1.0,0.25,6.78
1006,65.243,25,12,41,0.878,0.75,0.278,5.02
1007,48.784,23,13,39,0.692,1.0,0.333,6.14
1008,-24.837,17,22,40,0.825,0.667,0.394,9.85
1009,41.533,25,17,44,0.864,0.667,0.263,7.85
1010,59.795,29,17,46,0.826,1.0,0.342,5.75
1011,-25.573,22,27,53,0.717,0.75,0.342,7.52
1012,42.404,26,17,46,0.804,0.667,0.297,8.13
1013,39.674,22,14,38,0.895,0.75,0.294,7.87
1014,-31.9,18,24,46,0.913,0.9,0.238,8.42
1015,68.424,24,10,34,0.882,1.0,0.333,3.63
1016,18.718,21,17,42,0.833,0.909,0.257,7.66
1017,-24.478,19,24,45,0.8,0.833,0.361,7.78
1018,80.77,25,9,40,0.925,0.0,0.297,6.16
1019,-30.586,14,20,35,0.857,0.75,0.267,6.75
1020,50.923,26,16,44,0.75,1.0,0.242,8.28
1021,-122.892,8,32,43,0.837,0.917,0.389,9.82
1022,13.228,16,13,33,0.758,1.0,0.24,6.67
1023,75.83,24,9,33,0.909,1.0,0.333,4.66
1024,28.248,25,19,46,0.739,0.667,0.265,5.82
1025,28.704,14,8,23,0.913,0.0,0.333,3.73
1026,33.922,23,16,40,0.8,1.0,0.281,6.71
1027,-13.198,21,23,45,0.844,0.769,0.316,6.84
1028,-17.53,23,27,53,0.887,0.929,0.404,8.66
1029,77.503,27,11,38,0.868,0.0,0.333,4.97
1030,88.029,26,8,36,0.806,0.0,0.345,4.47
1031,-36.849,18,25,48,0.917,1.0,0.273,8.28
1032,52.13,24,13,42,0.857,1.0,0.389,6.75
1033,84.624,27,10,38,0.842,1.0,0.344,5.51
1034,13.278,22,19,45,0.844,0.9,0.289,6.45
1035,-39.427,18,26,45,0.889,1.0,0.275,9.76
1036,82.453,24,7,35,0.886,0.0,0.226,5.06
1037,58.35,25,14,39,0.821,0.667,0.406,5.94
1038,60.041,26,14,45,0.933,1.0,0.238,7.96
1039,15.448,24,21,50,0.86,1.0,0.279,8.23
1040,56.759,31,19,50,0.8,1.0,0.25,6.26
1041,24.56,18,13,34,0.941,1.0,0.344,6.36
1042,95.318,29,10,40,0.775,1.0,0.29,4.62
1043,-15.5,14,17,34,0.853,1.0,0.379,5.68
1044,43.834,23,14,40,0.925,1.0,0.324,6.98
1045,19.18,20,16,37,0.784,0.875,0.379,7.82
1046,-9.687,20,22,45,0.778,1.0,0.371,8.42
1047,29.764,22,16,41,0.902,0.8,0.351,5.55
1048,18.537,21,17,42,0.952,1.0,0.225,5.05
1049,24.51,27,22,51,0.941,0.833,0.271,6.04
1050,-73.574,18,32,56,0.857,0.955,0.271,9.75
1051,31.719,23,17,42,0.905,0.8,0.421,5.72
1052,-55.968,15,26,47,0.872,0.889,0.244,9.85
1053,14.26,25,22,50,0.8,0.667,0.3,8.14
1054,37.315,21,14,40,0.925,1.0,0.324,8.27
1055,35.198,21,14,37,0.838,1.0,0.323,8.82
1056,12.335,23,20,46,0.891,1.0,0.268,4.72
1057,128.718,33,7,41,0.756,1.0,0.258,5.0
1058,33.306,24,17,42,0.905,0.909,0.263,6.88
1059,-25.972,27,32,61,0.754,0.895,0.326,8.25
1060,4.956,26,25,57,0.86,1.0,0.286,8.75
1061,10.954,24,22,49,0.898,1.0,0.341,9.15
1062,-19.831,17,21,39,0.949,1.0,0.351,7.49
1063,27.886,22,16,44,0.795,0.9,0.343,6.79
1064,-61.522,15,27,44,0.818,0.857,0.306,7.44
1065,-26.415,20,25,47,0.894,0.75,0.262,6.05
1066,-37.324,22,29,54,0.759,0.6,0.293,7.63
1067,-20.228,19,23,46,0.761,0.875,0.257,7.3
1068,17.387,21,17,40,0.9,0.75,0.278,7.43
1069,57.822,30,18,49,0.816,1.0,0.3,5.44
1070,78.766,29,13,44,0.864,0.75,0.316,4.19
1071,-62.279,17,29,51,0.863,1.0,0.386,10.9
1072,-9.938,20,22,44,0.773,0.75,0.412,7.69
1073,82.923,29,12,42,0.952,0.909,0.275,5.63
1074,-42.822,22,30,58,0.793,0.818,0.283,7.54
1075,87.159,24,6,31,0.935,0.0,0.448,5.22
1076,-30.492,16,22,45,0.8,0.667,0.278,6.75
1077,110.261,31,9,40,0.875,1.0,0.286,4.71
1078,122.249,29,5,36,0.833,1.0,0.367,3.78
1079,9.14,18,16,35,0.829,0.8,0.31,5.51
1080,-7.434,18,19,38,0.842,0.667,0.281,7.56
1081,-33.677,15,22,40,0.875,0.9,0.257,8.58
1082,89.691,24,6,38,0.868,0.5,0.242,4.78
1083,39.548,26,18,44,0.932,0.9,0.366,3.91
1084,58.558,24,12,38,0.947,1.0,0.333,6.22
1085,92.667,28,9,38,0.737,0.0,0.286,5.45
1086,79.754,27,11,38,0.816,0.9,0.355,5.61
1087,64.893,28,15,48,0.896,0.857,0.302,4.96
1088,62.462,29,16,50,0.78,1.0,0.282,6.38
1089,94.899,25,6,31,0.871,0.0,0.296,4.55
1090,9.402,17,15,36,0.806,0.875,0.276,8.06
1091,87.714,27,9,38,0.789,0.667,0.267,4.9
1092,-11.466,23,25,53,0.906,1.0,0.25,6.74
1093,115.694,30,7,37,0.838,0.0,0.29,5.83
1094,53.396,22,11,33,0.788,1.0,0.269,6.26
1095,120.376,27,3,32,0.875,1.0,0.25,4.59
1096,98.728,28,8,36,0.861,1.0,0.323,5.02
1097,20.205,22,18,43,0.884,1.0,0.237,6.34
1098,-1.511,19,19,38,0.868,0.833,0.303,6.75
1099,19.812,24,20,44,0.909,1.0,0.325,6.6
1100,59.002,28,16,45,0.844,1.0,0.289,6.56
1101,-31.075,22,28,51,0.824,0.75,0.333,8.84
1102,15.096,23,20,44,0.795,1.0,0.286,6.44
1103,69.715,29,14,44,0.909,0.0,0.3,4.04
1104,12.842,29,26,58,0.879,0.941,0.235,9.67
1105,14.641,20,17,37,0.892,1.0,0.303,5.11
1106,76.193,26,11,37,0.784,0.0,0.276,4.05
1107,17.109,20,16,40,0.875,1.0,0.257,5.91
1108,-40.122,15,23,42,0.81,0.889,0.324,8.69
1109,54.05,24,13,46,0.826,1.0,0.289,5.14
1110,56.28,23,12,36,0.778,0.5,0.321,6.29
1111,6.307,23,22,45,0.8,0.714,0.278,7.93
1112,-30.789,18,24,43,0.744,0.917,0.312,7.25
1113,24.912,23,18,46,0.913,1.0,0.357,7.85
1114,18.873,18,14,33,0.818,1.0,0.296,6.37
1115,-21.651,21,25,49,0.837,0.857,0.317,10.0
1116,-61.544,19,30,54,0.833,1.0,0.333,7.5
1117,69.006,21,7,34,0.853,0.0,0.241,5.21
1118,-43.996,21,29,53,0.849,0.857,0.333,6.74
1119,57.357,28,16,44,0.864,0.833,0.289,7.28
1120,97.801,29,9,38,0.816,0.5,0.387,4.46
1121,76.191,29,14,47,0.872,1.0,0.317,6.93
1122,-4.072,16,16,40,0.925,0.833,0.297,6.75
1123,92.776,28,10,39,0.821,1.0,0.25,5.97
1124,3.177,24,23,53,0.868,1.0,0.304,8.13
1125,49.644,24,14,42,0.857,1.0,0.25,6.09
1126,65.393,24,10,36,0.75,1.0,0.296,5.97
1127,66.669,26,12,38,0.816,0.75,0.323,4.27
1128,57.717,23,11,41,0.805,0.833,0.333,6.4
1129,-21.605,18,22,44,0.818,1.0,0.25,5.52
1130,-4.17,23,24,53,0.868,0.8,0.326,9.23
1131,64.559,24,11,35,0.943,0.667,0.242,6.01
1132,66.293,31,17,50,0.78,1.0,0.231,6.05
1133,-46.267,17,26,48,0.875,0.917,0.238,10.93
1134,14.392,22,19,43,0.86,0.833,0.27,6.57
1135,105.182,28,7,37,0.865,1.0,0.281,5.68
1136,31.305,21,15,38,0.737,1.0,0.321,6.52
1137,-16.18,20,23,47,0.83,0.909,0.256,8.97
1138,50.174,22,12,38,0.789,0.0,0.333,6.63
1139,-41.253,13,21,37,0.838,1.0,0.323,7.47
1140,-17.381,23,26,54,0.852,0.867,0.239,8.57
1141,-45.86,20,29,53,0.887,1.0,0.277,6.2
1142,23.146,24,19,46,0.804,1.0,0.351,7.47
1143,53.89,27,16,44,0.886,1.0,0.308,6.07
1144,69.925,27,13,41,0.805,1.0,0.333,6.41
1145,60.316,27,14,43,0.837,0.75,0.25,7.52
1146,64.913,33,20,54,0.852,0.786,0.283,8.29
1147,-18.608,22,25,52,0.923,0.923,0.271,8.79
1148,64.082,24,11,38,0.895,0.833,0.353,7.28
1149,-6.929,24,25,50,0.84,0.9,0.357,5.82
1150,14.832,25,21,50,0.82,0.846,0.317,9.13
1151,30.089,17,11,28,0.929,1.0,0.269,5.75
1152,52.342,27,16,48,0.771,0.625,0.27,6.11
1153,90.851,31,12,45,0.867,0.667,0.308,4.06
1154,69.199,24,10,34,0.794,0.5,0.444,4.77
1155,66.83,28,14,45,0.778,1.0,0.286,6.47
1156,-24.367,21,25,50,0.82,0.909,0.244,7.74
1157,55.589,20,9,31,0.871,1.0,0.296,6.01
1158,42.949,21,12,34,0.912,1.0,0.323,6.12
1159,-26.147,25,30,56,0.857,0.938,0.25,10.18
1160,57.289,30,18,51,0.843,1.0,0.302,6.36
1161,-56.263,16,27,45,0.822,0.875,0.243,8.5
1162,16.555,18,15,38,0.895,0.0,0.235,6.43
1163,27.738,27,21,49,0.816,0.778,0.425,6.33
1164,121.886,30,6,38,0.816,0.75,0.226,5.96
1165,23.422,21,16,40,0.85,1.0,0.324,7.44
1166,66.694,22,8,30,0.867,1.0,0.346,4.0
1167,97.149,31,11,43,0.884,1.0,0.289,5.83
1168,-30.086,19,25,46,0.87,1.0,0.375,7.3
1169,25.177,25,20,48,0.958,1.0,0.348,7.06
1170,65.913,25,12,43,0.907,1.0,0.308,5.98
1171,-16.553,17,20,43,0.837,0.833,0.306,9.16
1172,-5.82,22,23,46,0.913,1.0,0.286,7.69
1173,35.136,21,14,38,0.868,1.0,0.303,8.13
1174,48.726,25,15,40,0.95,0.889,0.263,5.9
1175,33.187,22,15,37,0.865,1.0,0.312,8.28
1176,-43.069,14,22,40,0.925,1.0,0.297,6.6
1177,45.351,21,12,38,0.868,0.75,0.212,6.56
1178,58.345,27,15,42,0.905,1.0,0.395,5.88
1179,14.147,22,19,49,0.939,0.833,0.261,8.37
1180,145.918,33,4,45,0.822,0.0,0.324,6.33
1181,118.317,36,12,50,0.88,0.833,0.25,7.08
1182,37.987,26,18,45,0.911,1.0,0.244,6.35
1183,14.039,21,18,43,0.791,1.0,0.324,8.88
1184,76.053,28,12,40,0.925,1.0,0.324,3.57
1185,114.692,30,7,38,0.816,1.0,0.258,5.28
1186,41.158,21,12,36,0.917,1.0,0.303,5.59
1187,116.619,31,7,39,0.846,1.0,0.242,4.3
1188,-18.653,18,22,43,0.86,1.0,0.297,7.19
1189,57.774,24,12,45,0.844,1.0,0.263,7.21
1190,52.874,21,10,34,0.912,1.0,0.258,6.38
1191,-21.957,22,26,49,0.857,0.875,0.238,8.15
1192,78.408,30,14,48,0.812,1.0,0.282,4.83
1193,13.918,18,15,37,0.784,0.0,0.31,6.6
1194,48.734,29,19,51,0.804,0.857,0.22,7.37
1195,93.472,28,9,37,0.946,0.0,0.486,5.18
1196,-82.65,10,26,39,0.846,0.5,0.242,7.52
1197,124.322,30,5,35,0.829,1.0,0.276,3.55
1198,83.816,26,8,40,0.75,0.0,0.3,5.35
1199,63.442,20,7,31,0.806,1.0,0.32,4.16
1200,-62.037,14,26,42,0.881,0.8,0.27,6.62
1201,43.185,24,15,40,0.875,1.0,0.257,5.66
1202,34.425,23,16,44,0.932,1.0,0.268,8.22
1203,-2.097,22,22,47,0.851,1.0,0.25,7.83
1204,7.407,23,21,44,0.841,1.0,0.27,6.63
1205,32.27,22,15,37,0.892,1.0,0.273,6.25
1206,18.719,18,14,35,0.743,0.0,0.269,5.93
1207,55.81,26,14,44,0.818,0.0,0.222,5.95
1208,125.904,31,6,40,0.775,0.5,0.29,5.39
1209,75.805,28,13,44,0.818,1.0,0.333,6.54
1210,98.878,34,14,48,0.875,0.0,0.286,5.72
1211,41.656,25,16,42,0.738,0.8,0.29,6.24
1212,-43.42,26,34,61,0.836,0.957,0.255,9.3
1213,14.541,17,14,34,0.794,0.0,0.407,7.61
1214,150.541,33,3,38,0.842,1.0,0.25,4.56
1215,52.089,23,12,35,0.886,0.0,0.258,6.28
1216,94.674,26,7,40,0.85,0.5,0.265,4.44
1217,-20.342,20,24,47,0.936,1.0,0.227,7.44
1218,56.704,24,13,41,0.854,0.0,0.286,6.18
1219,42.921,23,14,41,0.854,0.0,0.286,6.89
1220,-86.143,15,32,51,0.824,0.833,0.333,8.39
1221,14.408,16,13,31,0.871,0.0,0.333,6.38
1222,20.803,24,20,47,0.872,1.0,0.439,6.97
1223,-14.477,17,20,38,0.895,1.0,0.353,5.97
1224,-81.134,10,26,42,0.857,0.857,0.306,8.46
1225,28.808,22,16,42,0.857,0.875,0.278,8.64
1226,7.167,19,17,37,0.892,1.0,0.364,5.7
1227,17.624,18,14,36,0.917,1.0,0.303,6.63
1228,90.235,30,12,45,0.733,0.75,0.424,6.42
1229,65.243,24,10,38,0.974,0.0,0.27,4.19
1230,109.52,28,6,38,0.711,0.5,0.259,6.47
1231,4.064,18,17,40,0.925,1.0,0.297,7.28
1232,-15.282,20,23,48,0.917,1.0,0.386,8.54
1233,35.679,21,14,37,0.811,1.0,0.3,7.65
1234,115.158,31,8,41,0.78,0.0,0.25,5.74
1235,68.647,29,15,49,0.816,0.833,0.275,6.49
1236,51.547,25,13,44,0.909,1.0,0.25,5.05
1237,33.127,26,19,47,0.766,1.0,0.278,5.9
1238,95.87,28,8,41,0.829,1.0,0.353,4.32
1239,27.427,25,18,50,0.92,0.875,0.283,6.09
1240,-20.545,21,25,47,0.894,1.0,0.262,7.27
1241,-5.831,21,22,47,0.787,0.889,0.297,8.36
1242,82.018,29,12,45,0.711,1.0,0.25,4.52
1243,32.05,20,13,34,0.941,1.0,0.281,5.54
1244,-4.795,16,17,34,0.912,1.0,0.355,6.22
1245,38.891,24,16,43,0.907,1.0,0.385,7.46
1246,60.083,24,12,37,0.811,0.0,0.267,6.53
1247,10.389,20,18,38,1.0,1.0,0.316,7.04
1248,57.52,23,11,34,0.853,1.0,0.345,5.1
1249,-36.721,22,29,52,0.885,0.812,0.261,8.9
1250,-20.224,19,23,51,0.745,0.667,0.237,9.53
1251,59.174,29,16,47,0.872,0.818,0.293,5.59
1252,68.185,26,12,39,0.846,1.0,0.364,8.86
1253,4.614,21,20,45,0.867,0.778,0.308,7.55
1254,-26.415,15,20,37,0.757,0.6,0.321,8.14
1255,19.814,21,17,39,0.974,1.0,0.263,5.91
1256,70.574,24,10,34,0.882,0.0,0.333,5.42
1257,64.584,31,18,53,0.83,0.75,0.25,6.98
1258,-5.773,16,17,33,0.879,1.0,0.276,5.76
1259,45.886,21,11,33,0.758,1.0,0.28,4.51
1260,39.07,24,16,43,0.884,0.8,0.316,7.17
1261,49.827,21,11,39,0.846,0.875,0.333,7.55
1262,79.76,24,8,32,0.781,1.0,0.24,5.36
1263,-20.124,12,16,29,0.897,0.0,0.308,6.2
1264,41.135,22,13,41,0.707,0.5,0.276,4.52
1265,96.641,32,12,44,0.818,1.0,0.278,4.93
1266,89.854,29,11,42,0.833,1.0,0.371,6.05
1267,-10.151,27,29,56,0.839,0.727,0.255,10.61
1268,-12.146,23,25,52,0.846,1.0,0.273,6.75
1269,-39.212,17,24,48,0.875,0.917,0.286,7.81
1270,-15.12,19,22,41,0.878,1.0,0.333,6.49
1271,80.697,25,9,36,0.917,1.0,0.333,4.79
1272,40.573,20,11,37,0.946,0.0,0.371,5.61
1273,20.365,24,19,43,0.744,1.0,0.25,5.2
1274,107.276,27,6,33,0.879,0.0,0.379,4.23
1275,32.943,22,15,40,0.775,1.0,0.355,5.22
1276,60.637,23,11,35,0.8,1.0,0.321,6.64
1277,46.597,22,12,37,0.892,1.0,0.424,6.9
1278,-61.393,19,31,53,0.83,0.867,0.295,13.41
1279,19.86,23,19,45,0.889,1.0,0.25,7.01
1280,-11.099,20,22,44,0.818,0.667,0.306,7.76
1281,33.186,23,16,44,0.795,0.75,0.314,6.95
1282,27.321,25,19,47,0.766,1.0,0.25,8.2
1283,60.819,26,13,41,0.902,0.833,0.297,5.59
1284,2.339,17,16,35,0.886,1.0,0.323,8.31
1285,-31.324,19,25,48,0.812,0.8,0.308,8.43
1286,-176.32,8,42,59,0.763,0.75,0.311,12.73
1287,29.335,22,16,41,0.829,1.0,0.294,7.11
1288,42.979,22,13,42,0.881,1.0,0.378,7.15
1289,22.88,20,15,40,0.9,1.0,0.278,7.04
1290,-37.161,12,19,32,0.875,1.0,0.357,7.7
1291,85.701,28,10,43,0.721,1.0,0.323,6.77
1292,13.561,23,20,46,0.935,1.0,0.302,7.92
1293,13.58,22,19,49,0.878,0.9,0.326,8.64
1294,39.337,26,18,45,0.933,0.875,0.286,7.48
1295,94.855,28,9,38,0.895,1.0,0.265,4.69
1296,48.187,27,17,46,0.848,1.0,0.333,6.55
1297,93.83,27,8,39,0.744,1.0,0.31,5.67
1298,-44.334,26,34,61,0.82,0.84,0.3,8.94
1299,17.175,20,16,41,0.902,0.75,0.378,8.72
1300,69.312,24,10,36,0.778,0.8,0.321,4.19
1301,-102.088,12,32,46,0.804,1.0,0.324,11.06
1302,-44.525,13,21,38,0.947,1.0,0.278,8.88
1303,43.361,29,20,51,0.863,0.875,0.341,5.56
1304,70.031,25,10,36,0.833,0.0,0.333,3.67
1305,115.444,32,9,43,0.837,1.0,0.25,5.56
1306,36.805,26,18,45,0.867,0.909,0.385,8.03
1307,81.978,30,13,45,0.756,0.846,0.324,5.62
1308,76.634,21,5,30,0.867,0.0,0.346,4.0
1309,86.76,27,9,39,0.897,1.0,0.286,4.69
1310,53.698,27,16,44,0.886,1.0,0.308,6.78
1311,69.938,21,7,29,0.862,0.0,0.44,5.34
1312,32.532,26,19,48,0.833,0.875,0.25,7.54
1313,62.373,22,9,34,0.882,0.0,0.333,3.92
1314,33.69,21,14,38,0.895,0.9,0.294,7.25
1315,44.724,24,15,39,0.821,1.0,0.281,7.19
1316,70.606,24,10,42,0.881,0.8,0.27,7.52
1317,-141.296,16,43,59,0.712,0.655,0.214,9.25
1318,94.153,28,9,41,0.951,1.0,0.359,10.11
1319,75.532,27,12,41,0.902,1.0,0.27,5.24
1320,68.616,22,8,30,0.933,1.0,0.286,5.78
1321,108.407,25,4,31,0.903,0.0,0.357,4.41
1322,11.04,26,23,51,0.882,0.857,0.333,6.27
1323,29.275,25,18,43,0.86,1.0,0.297,6.85
1324,27.739,20,14,35,0.857,0.0,0.3,6.33
1325,16.379,24,20,47,0.851,1.0,0.25,7.04
1326,37.164,22,14,37,0.865,0.0,0.312,3.81
1327,42.091,24,15,45,0.933,1.0,0.31,5.45
1328,11.686,20,18,38,0.737,0.75,0.321,6.12
1329,-7.188,18,19,38,0.737,0.833,0.357,7.54
1330,13.577,25,22,50,0.84,0.9,0.238,7.18
1331,90.516,27,9,37,0.784,0.0,0.379,4.71
1332,104.449,28,7,36,0.861,0.0,0.419,4.66
1333,71.136,29,15,46,0.848,1.0,0.282,5.81
1334,54.261,24,13,40,0.8,0.8,0.25,7.2
1335,144.798,34,5,40,0.775,0.0,0.258,4.86
1336,16.937,22,18,41,0.927,0.75,0.289,6.03
1337,-66.425,18,30,50,0.88,1.0,0.273,8.23
1338,72.541,32,18,51,0.882,1.0,0.289,6.05
1339,-12.466,19,21,44,0.909,0.9,0.3,8.62
1340,106.928,26,4,31,0.806,0.0,0.32,2.87
1341,142.251,34,5,39,0.872,0.0,0.353,3.73
1342,110.044,30,8,39,0.846,0.5,0.273,4.83
1343,28.094,26,20,46,0.826,1.0,0.263,7.44
1344,13.035,18,15,36,0.861,0.6,0.323,7.14
1345,39.065,25,16,44,0.909,0.8,0.275,8.31
1346,98.999,28,8,36,0.889,1.0,0.25,4.95
1347,83.914,23,6,31,0.871,0.0,0.296,5.72
1348,8.792,20,18,38,0.947,0.8,0.306,8.07
1349,73.162,24,10,37,0.892,0.5,0.333,5.2
1350,109.308,27,5,34,0.853,1.0,0.276,5.87
1351,27.5,25,19,45,0.867,0.75,0.231,7.01
1352,48.068,24,14,39,0.769,1.0,0.333,5.9
1353,-84.81,12,28,46,0.826,0.9,0.289,9.05
1354,-55.414,17,28,50,0.9,0.909,0.267,8.03
1355,66.456,21,7,31,0.871,0.0,0.333,4.21
1356,51.268,24,13,38,0.868,1.0,0.273,6.21
1357,49.924,21,11,32,0.969,0.0,0.355,4.75
1358,-43.345,16,24,44,0.841,0.9,0.324,11.92
1359,61.267,27,14,42,0.881,1.0,0.324,4.1
1360,46.52,21,12,33,0.879,1.0,0.345,5.54
1361,94.738,27,8,37,0.919,1.0,0.353,4.99
1362,85.294,24,7,34,0.853,0.0,0.241,6.14
1363,83.671,23,6,29,0.828,0.0,0.292,5.36
1364,-90.103,19,36,64,0.781,0.905,0.28,9.87
1365,113.105,30,7,39,0.795,0.667,0.29,4.6
1366,31.803,21,14,39,0.949,1.0,0.351,5.34
1367,124.093,29,5,35,0.714,1.0,0.36,5.07
1368,83.018,25,8,33,0.758,0.0,0.28,3.98
1369,73.802,29,14,49,0.837,0.889,0.293,8.34
1370,6.253,23,21,44,0.977,1.0,0.302,7.85
1371,24.238,22,17,39,0.872,0.727,0.324,9.06
1372,20.037,24,20,47,0.872,0.889,0.317,9.0
1373,22.593,22,17,39,0.872,0.8,0.294,6.55
1374,3.746,23,22,49,0.816,0.75,0.325,8.16
1375,25.162,24,19,44,0.818,0.714,0.25,10.58
1376,58.021,28,16,47,0.894,1.0,0.262,6.1
1377,14.748,21,17,43,0.93,1.0,0.25,5.17
1378,90.691,26,7,43,0.814,0.0,0.371,5.47
1379,53.914,25,14,39,0.949,1.0,0.378,4.71
1380,63.102,26,13,40,0.825,1.0,0.364,5.22
1381,-24.358,17,21,41,0.976,1.0,0.225,6.54
1382,55.949,32,20,53,0.792,0.667,0.333,4.92
1383,-11.644,20,22,44,0.795,1.0,0.314,8.29
1384,13.459,21,18,47,0.936,1.0,0.273,8.38
1385,105.692,29,8,42,0.857,1.0,0.333,5.78
1386,76.325,24,8,33,0.879,0.0,0.31,3.7
1387,-7.506,19,20,42,0.929,1.0,0.462,6.36
1388,57.714,23,11,39,0.795,1.0,0.258,6.87
1389,131.16,32,6,40,0.85,1.0,0.265,4.4
1390,29.658,21,15,40,0.95,1.0,0.368,6.74
1391,70.973,28,13,42,0.833,0.667,0.257,5.59
1392,17.449,18,14,39,0.744,1.0,0.31,6.36
1393,67.557,25,11,41,0.878,1.0,0.278,6.32
1394,29.304,22,16,43,0.884,1.0,0.395,6.26
1395,33.347,23,16,41,0.927,1.0,0.263,6.34
1396,42.968,20,11,35,0.829,0.875,0.448,8.92
1397,56.161,32,20,55,0.836,1.0,0.326,6.14
1398,46.683,25,15,41,0.927,1.0,0.368,5.58
1399,-67.719,13,26,41,0.927,1.0,0.263,7.62
1400,22.685,20,15,37,0.892,1.0,0.364,6.16
1401,50.329,25,15,42,0.857,1.0,0.278,6.54
1402,2.494,20,19,44,0.864,0.917,0.316,7.36
1403,31.374,22,15,39,0.923,1.0,0.278,9.13
1404,23.574,23,18,44,0.864,1.0,0.289,6.6
1405,59.646,26,14,41,0.902,0.857,0.27,5.87
1406,-26.945,18,23,47,0.872,0.5,0.39,8.76
1407,-104.27,11,31,44,0.864,0.929,0.316,9.67
1408,27.007,22,16,42,0.714,1.0,0.267,6.14
1409,3.451,22,21,46,0.978,1.0,0.267,6.5
1410,88.244,25,7,33,0.788,1.0,0.308,3.38
1411,105.133,30,9,39,0.872,0.0,0.235,4.62
1412,-16.348,21,24,46,0.826,1.0,0.263,7.51
1413,148.291,32,2,36,0.806,0.0,0.345,3.54
1414,99.401,28,8,41,0.878,1.0,0.278,4.1
1415,63.755,26,13,41,0.902,1.0,0.243,5.46
1416,116.911,31,7,43,0.837,0.0,0.333,5.11
1417,4.181,20,19,39,0.795,0.8,0.29,4.95
1418,27.466,22,16,42,0.929,1.0,0.308,5.25
1419,-36.988,20,27,54,0.852,0.857,0.283,8.46
1420,42.058,32,24,59,0.898,1.0,0.321,6.31
1421,118.853,31,7,38,0.816,1.0,0.355,4.37
1422,31.668,20,13,36,0.861,1.0,0.355,5.3
1423,-27.262,20,25,49,0.898,1.0,0.25,6.4
1424,35.02,23,16,47,0.872,0.857,0.244,7.69
1425,67.452,22,8,34,0.853,0.0,0.276,4.21
1426,14.662,22,18,43,0.791,0.8,0.5,6.66
1427,20.158,25,20,50,0.86,0.875,0.302,6.46
1428,105.096,28,6,42,0.929,1.0,0.385,4.85
1429,46.106,26,16,52,0.865,0.933,0.244,5.43
1430,-1.075,20,20,41,0.902,0.0,0.27,7.89
1431,-25.714,12,17,33,0.909,0.667,0.267,9.95
1432,77.907,26,10,38,0.816,0.0,0.355,4.71
1433,-66.775,16,29,49,0.939,1.0,0.304,9.14
1434,31.553,25,19,46,0.935,1.0,0.302,5.34
1435,28.299,22,16,43,0.977,1.0,0.262,7.48
1436,-5.558,19,20,42,0.905,1.0,0.263,7.35
1437,60.638,28,16,44,0.773,1.0,0.353,6.36
1438,103.706,27,6,34,0.853,1.0,0.276,4.8
1439,134.845,33,6,40,0.925,1.0,0.27,6.48
1440,27.376,22,16,40,0.85,0.8,0.324,4.61
1441,85.501,29,12,43,0.698,0.5,0.3,5.39
1442,94.004,36,16,53,0.887,0.714,0.277,5.36
1443,-75.087,13,27,47,0.872,1.0,0.244,7.24
1444,12.216,20,17,45,0.956,1.0,0.256,8.06
1445,35.626,22,14,36,0.806,1.0,0.276,4.84
1446,13.99,18,15,34,0.912,1.0,0.323,5.15
1447,139.269,33,5,40,0.8,0.75,0.375,3.8
1448,-39.884,20,27,49,0.918,0.923,0.244,6.38
1449,39.45,28,20,51,0.882,0.917,0.267,9.07
1450,115.816,30,7,41,0.902,0.0,0.243,6.52
1451,41.664,24,16,45,0.756,0.882,0.265,6.17
1452,90.867,28,10,38,0.842,1.0,0.312,6.13
1453,57.064,26,14,41,0.805,0.0,0.333,5.11
1454,93.993,30,11,42,0.881,1.0,0.324,6.12
1455,35.77,24,16,40,0.85,1.0,0.294,5.3
1456,7.978,22,20,45,0.889,0.889,0.275,5.86
1457,25.68,24,19,43,0.86,0.5,0.27,7.28
1458,22.609,28,23,56,0.875,0.812,0.327,6.67
1459,85.57,23,6,31,0.839,0.0,0.308,5.25
1460,90.07,33,14,48,0.917,1.0,0.25,5.11
1461,60.584,28,16,45,0.911,1.0,0.293,5.96
1462,4.55,23,22,45,0.844,1.0,0.263,7.84
1463,54.682,29,17,51,0.824,0.875,0.31,5.18
1464,81.163,29,12,45,0.911,0.833,0.244,6.9
1465,89.185,29,11,42,0.881,1.0,0.324,6.08
1466,24.917,21,16,37,0.865,0.75,0.312,5.17
1467,-1.365,21,21,43,0.884,0.867,0.342,6.55
1468,49.854,22,12,38,0.789,1.0,0.4,6.51
1469,65.999,26,12,39,0.769,0.5,0.3,4.89
1470,-0.505,22,22,45,0.822,1.0,0.378,9.22
1471,66.718,28,14,46,0.87,0.5,0.275,5.08
1472,32.501,21,14,36,0.944,1.0,0.235,4.91
1473,39.092,19,11,33,0.879,0.0,0.345,6.22
1474,108.463,34,12,50,0.82,0.0,0.268,5.2
1475,26.083,19,14,36,0.778,1.0,0.357,6.9
1476,103.738,30,9,40,0.875,1.0,0.343,4.84
1477,-6.41,29,29,63,0.889,1.0,0.321,6.77
1478,15.923,20,17,39,0.846,1.0,0.303,7.31
1479,91.434,27,9,37,0.703,1.0,0.346,5.39
1480,30.678,27,20,47,0.915,1.0,0.279,4.75
1481,117.076,27,4,31,0.806,0.0,0.28,3.22
1482,58.777,23,11,37,0.919,1.0,0.235,6.15
1483,96.035,34,14,48,0.833,0.941,0.3,6.31
1484,66.425,24,11,40,0.825,1.0,0.364,5.99
1485,69.365,27,13,46,0.913,1.0,0.286,6.39
1486,48.07,25,15,40,0.95,1.0,0.263,5.43
1487,109.18,36,14,54,0.852,1.0,0.304,6.26
1488,166.142,39,6,46,0.891,0.0,0.341,3.95
1489,-9.892,18,20,42,0.905,1.0,0.289,6.99
1490,-37.238,18,25,45,0.867,0.9,0.256,5.5
1491,-41.067,18,26,46,0.826,0.833,0.263,9.33
1492,68.098,23,9,35,0.829,0.0,0.241,5.14
1493,89.877,24,6,32,0.844,1.0,0.37,4.1
1494,-2.214,24,24,49,0.837,0.8,0.293,9.11
1495,76.122,29,13,47,0.915,0.909,0.233,6.07
1496,13.696,19,16,36,0.833,1.0,0.433,6.12
1497,54.015,24,13,43,0.953,1.0,0.293,5.68
1498,126.856,34,8,43,0.86,1.0,0.297,3.98
1499,62.077,25,12,37,0.811,1.0,0.267,4.96
1500,-7.193,17,18,40,0.85,1.0,0.324,6.14
