"# dyn mode=frozen d=0 [0,0] route_mask=free lam_hot=0.60 ch=3 seed=3 eps=1500 ue=25"
episode,reward,success,fail,arrived,route_rate,cond_route_rate,top_share,load_std
1,-10.157,11,13,30,0.8,1.0,0.417,8.68
2,32.106,18,12,32,0.719,0.429,0.304,8.92
3,-80.683,12,28,48,0.729,0.667,0.257,6.76
4,-115.992,8,31,43,0.837,0.824,0.25,9.87
5,-41.263,13,21,34,0.765,0.714,0.308,8.88
6,-35.023,8,15,28,0.714,1.0,0.25,6.64
7,41.362,19,11,35,0.857,0.5,0.3,5.4
8,-59.487,16,28,48,0.75,1.0,0.278,9.16
9,-88.107,9,26,39,0.718,0.0,0.321,13.37
10,-24.611,11,16,28,0.786,1.0,0.273,6.99
11,-147.331,10,39,55,0.855,0.828,0.298,13.74
12,-50.512,13,23,41,0.634,0.714,0.385,8.79
13,-106.847,11,32,45,0.622,0.6,0.357,13.37
14,-50.576,12,22,37,0.649,0.583,0.25,7.04
15,-24.271,13,18,36,0.722,1.0,0.346,9.93
16,-9.362,15,17,37,0.757,0.778,0.393,7.09
17,-163.834,6,38,49,0.939,0.75,0.239,10.27
18,-120.673,13,37,56,0.75,0.714,0.31,13.41
19,-34.804,12,19,33,0.788,1.0,0.269,9.62
20,-87.058,13,30,48,0.75,0.615,0.278,11.93
21,-119.997,13,37,54,0.815,0.929,0.318,10.38
22,-100.306,14,34,55,0.727,0.6,0.35,7.48
23,-111.355,16,38,57,0.86,0.833,0.245,13.64
24,-49.8,9,19,35,0.714,0.75,0.28,8.0
25,-39.262,12,20,34,0.794,0.714,0.259,7.39
26,-19.793,15,19,37,0.865,1.0,0.438,7.91
27,-3.896,15,16,35,0.743,0.8,0.308,9.22
28,-143.149,10,38,54,0.778,0.643,0.262,11.98
29,-13.392,15,18,40,0.75,0.778,0.3,11.18
30,-82.05,13,29,47,0.702,0.667,0.333,9.54
31,-81.184,10,26,36,0.861,0.857,0.323,8.64
32,-95.223,11,30,46,0.674,0.538,0.29,13.6
33,11.219,14,12,27,0.741,0.0,0.35,6.15
34,-103.287,11,31,47,0.766,0.545,0.278,12.77
35,-76.596,5,20,28,0.75,0.6,0.286,6.9
36,-13.8,15,18,38,0.789,1.0,0.367,6.49
37,-50.313,12,22,40,0.85,0.833,0.265,7.56
38,-59.288,13,25,41,0.707,0.9,0.276,9.23
39,-90.424,15,33,48,0.792,0.8,0.237,10.19
40,-14.026,18,21,44,0.659,0.583,0.241,12.23
41,11.852,14,12,31,0.774,1.0,0.333,6.09
42,-68.562,16,30,52,0.846,0.929,0.273,9.37
43,-39.456,17,25,43,0.674,0.0,0.345,6.58
44,-76.539,10,25,38,0.605,1.0,0.304,7.94
45,7.197,22,21,45,0.756,0.833,0.265,3.94
46,-51.405,8,18,30,0.8,0.8,0.25,10.83
47,-71.483,10,24,41,0.61,0.6,0.32,6.29
48,57.363,20,9,33,0.758,0.5,0.32,4.4
49,-101.094,15,35,56,0.643,0.76,0.333,8.61
50,-85.938,11,28,48,0.771,0.826,0.243,8.95
51,-99.434,12,32,45,0.822,0.8,0.27,10.67
52,21.321,20,16,40,0.75,0.889,0.3,6.76
53,-60.788,9,21,32,0.781,0.8,0.28,8.82
54,-80.071,10,26,38,0.711,0.818,0.407,9.88
55,-75.718,14,29,44,0.636,0.6,0.286,12.08
56,-188.488,7,44,53,0.774,0.556,0.293,16.71
57,-40.116,15,23,40,0.7,0.889,0.286,12.06
58,-116.68,10,33,50,0.78,0.818,0.308,12.12
59,-86.442,14,31,49,0.735,0.538,0.25,12.18
60,-79.536,15,31,51,0.725,0.714,0.243,8.63
61,-39.708,15,23,43,0.628,0.444,0.37,9.97
62,-45.671,13,22,36,0.75,0.429,0.444,5.43
63,-80.214,13,29,46,0.696,0.6,0.25,8.94
64,-19.605,17,21,39,0.821,0.9,0.281,8.55
65,-18.681,20,24,46,0.87,1.0,0.25,5.02
66,-75.904,14,29,46,0.761,0.75,0.286,10.7
67,-106.501,10,31,44,0.727,0.667,0.344,14.88
68,-45.321,14,23,42,0.857,0.5,0.333,8.18
69,-167.839,8,41,56,0.75,0.778,0.238,14.47
70,-30.223,22,28,51,0.804,0.842,0.293,8.88
71,-3.196,20,21,44,0.682,0.556,0.367,9.81
72,-12.561,13,16,34,0.824,1.0,0.321,5.1
73,-44.236,10,19,35,0.714,0.75,0.24,8.36
74,-111.738,13,35,50,0.82,0.917,0.244,10.06
75,-95.381,14,33,48,0.771,0.944,0.324,9.05
76,-198.562,6,45,53,0.849,0.8,0.289,12.68
77,-50.585,12,22,40,0.825,0.889,0.273,10.09
78,-80.011,12,28,48,0.792,0.667,0.342,10.97
79,-99.954,13,33,46,0.717,0.824,0.333,10.34
80,-33.722,15,22,39,0.821,1.0,0.312,8.47
81,-106.846,9,30,43,0.767,1.0,0.364,8.8
82,-19.498,19,23,42,0.81,1.0,0.265,4.7
83,-23.258,16,21,38,0.789,0.8,0.333,8.21
84,-4.112,18,19,39,0.692,0.875,0.519,5.66
85,-81.529,12,28,43,0.791,1.0,0.265,10.78
86,-39.589,9,17,27,0.778,0.667,0.238,8.19
87,35.792,20,13,39,0.846,0.0,0.273,5.15
88,-92.553,12,30,45,0.733,0.7,0.364,8.79
89,-24.692,15,20,37,0.811,1.0,0.267,7.36
90,-31.508,19,26,45,0.644,0.643,0.276,5.89
91,-13.931,20,23,45,0.756,0.889,0.294,9.77
92,-44.514,12,21,36,0.528,0.0,0.316,6.61
93,-94.701,16,35,53,0.774,0.625,0.366,12.6
94,-90.258,11,29,42,0.762,0.824,0.312,13.9
95,-54.88,14,25,47,0.872,1.0,0.293,13.73
96,-24.251,14,19,37,0.757,0.5,0.286,7.07
97,-50.416,16,26,47,0.787,0.75,0.216,5.96
98,-70.679,12,26,41,0.732,0.5,0.267,12.76
99,-86.24,14,31,55,0.655,0.65,0.278,13.88
100,-90.069,10,28,42,0.762,1.0,0.281,10.04
101,-49.927,11,21,33,0.909,0.857,0.367,7.86
102,-117.287,11,34,53,0.83,0.75,0.273,11.61
103,-77.401,12,27,45,0.822,0.75,0.243,11.11
104,0.933,17,17,41,0.585,0.75,0.333,8.32
105,42.702,22,14,39,0.744,0.778,0.207,10.0
106,-59.452,14,26,49,0.837,0.667,0.366,12.52
107,-75.956,11,26,42,0.786,0.818,0.333,7.87
108,-18.733,17,21,40,0.675,1.0,0.333,7.34
109,-14.231,15,18,37,0.784,0.667,0.379,5.52
110,-92.137,10,28,40,0.675,0.444,0.259,9.61
111,-40.811,15,23,43,0.86,0.833,0.297,9.29
112,-27.33,17,23,40,0.825,0.895,0.273,5.44
113,-45.66,17,26,46,0.674,0.714,0.258,8.62
114,-68.314,11,24,43,0.791,1.0,0.353,11.59
115,-50.73,13,23,39,0.923,1.0,0.278,10.27
116,-4.976,20,21,49,0.776,0.7,0.289,10.85
117,31.916,16,10,28,0.786,1.0,0.364,7.28
118,-31.397,14,20,37,0.811,0.833,0.267,9.11
119,-81.881,15,31,52,0.788,0.812,0.341,9.33
120,-51.665,12,22,37,0.649,0.5,0.333,8.28
121,11.487,17,15,37,0.811,0.667,0.3,6.86
122,-91.827,9,27,40,0.85,0.867,0.353,9.08
123,-101.299,8,28,37,0.811,1.0,0.3,7.47
124,-23.825,12,17,31,0.774,0.5,0.25,6.3
125,-60.37,15,27,44,0.75,1.0,0.303,10.48
126,-49.255,14,24,40,0.625,0.5,0.32,11.53
127,-45.203,16,25,48,0.708,1.0,0.324,7.65
128,-76.727,10,25,36,0.75,0.4,0.407,10.05
129,-40.597,15,23,41,0.561,0.778,0.348,8.12
130,-23.872,19,24,47,0.851,0.857,0.25,6.14
131,-29.654,16,22,43,0.791,0.812,0.294,8.86
132,-19.067,16,20,41,0.707,0.833,0.345,10.26
133,-71.42,11,25,37,0.757,0.75,0.321,6.9
134,0.197,17,17,38,0.789,1.0,0.367,7.54
135,-59.464,15,27,44,0.682,0.722,0.4,9.9
136,-66.377,19,32,54,0.778,0.857,0.262,10.34
137,-94.332,13,32,47,0.745,0.889,0.314,11.52
138,-34.333,17,24,47,0.638,0.538,0.233,7.83
139,11.217,16,14,31,0.839,1.0,0.231,7.01
140,-85.569,14,31,47,0.745,0.714,0.343,9.65
141,-71.064,14,28,44,0.727,0.5,0.312,13.46
142,-65.962,15,28,46,0.739,0.429,0.294,10.45
143,-18.285,13,17,34,0.882,1.0,0.267,7.8
144,21.852,19,15,39,0.769,1.0,0.3,9.59
145,-138.58,12,39,58,0.828,0.9,0.312,11.66
146,-85.227,15,32,51,0.745,0.72,0.342,9.57
147,-107.876,16,37,57,0.614,0.421,0.286,11.91
148,-75.296,12,27,45,0.867,0.778,0.231,6.18
149,-95.433,14,33,51,0.804,0.8,0.244,12.62
150,64.127,20,8,28,0.679,0.5,0.368,6.75
151,-66.542,11,24,39,0.641,0.5,0.28,9.17
152,-12.819,18,21,45,0.756,0.714,0.353,9.07
153,-66.641,7,20,33,0.758,0.778,0.28,10.74
154,-53.174,20,31,52,0.846,0.818,0.273,11.51
155,21.398,23,19,43,0.791,0.833,0.265,7.14
156,-19.877,16,20,39,0.667,0.0,0.308,9.05
157,-4.96,17,18,39,0.821,0.8,0.344,9.53
158,-30.58,20,26,51,0.745,0.875,0.342,7.25
159,-91.572,11,29,46,0.739,0.667,0.412,8.07
160,-4.664,17,18,35,0.771,0.8,0.222,5.9
161,-86.188,17,34,56,0.732,0.783,0.244,14.44
162,-64.757,17,30,50,0.74,0.778,0.324,11.13
163,32.33,21,15,38,0.763,0.9,0.276,6.12
164,-29.706,13,19,38,0.605,0.75,0.348,6.82
165,-143.701,13,41,61,0.672,0.531,0.317,10.9
166,-60.165,11,23,36,0.639,0.625,0.304,13.29
167,-91.873,18,36,55,0.782,0.6,0.256,10.34
168,-111.16,16,38,59,0.763,0.737,0.244,11.86
169,-82.007,13,29,49,0.714,0.8,0.343,9.28
170,-91.24,11,29,43,0.721,0.6,0.355,10.19
171,-95.965,15,34,51,0.686,0.65,0.286,10.21
172,-61.658,16,28,49,0.837,1.0,0.22,11.63
173,-46.198,16,25,46,0.761,0.773,0.229,11.17
174,-57.436,10,21,34,0.676,0.667,0.261,8.14
175,-45.429,12,21,35,0.743,0.667,0.269,6.84
176,-45.742,17,26,46,0.739,0.72,0.353,9.78
177,11.136,20,18,41,0.659,0.643,0.333,7.91
178,-47.042,15,24,44,0.682,0.632,0.233,10.28
179,1.916,18,18,43,0.674,0.444,0.241,5.68
180,-35.721,13,20,38,0.579,0.375,0.318,11.89
181,-109.107,8,29,43,0.651,0.545,0.321,8.51
182,11.775,15,13,32,0.75,0.667,0.292,5.23
183,-108.377,10,31,44,0.75,0.75,0.242,9.42
184,-34.772,13,20,37,0.649,0.583,0.375,10.11
185,-19.767,18,22,43,0.744,0.857,0.312,8.18
186,-59.78,14,26,49,0.735,0.4,0.333,9.34
187,-60.251,18,30,49,0.755,0.778,0.27,10.91
188,-75.973,13,28,43,0.814,0.857,0.343,9.7
189,-76.824,6,21,28,0.607,0.667,0.353,7.69
190,-28.602,20,26,48,0.854,0.938,0.268,8.24
191,-29.949,18,24,45,0.778,0.75,0.286,8.89
192,-50.431,15,25,44,0.705,0.786,0.29,8.94
193,-120.931,9,33,43,0.698,0.684,0.3,9.14
194,-88.041,5,22,32,0.719,0.75,0.261,10.39
195,-51.587,13,23,42,0.571,0.583,0.375,10.39
196,-79.781,14,30,48,0.688,0.667,0.303,11.47
197,-92.35,12,30,46,0.739,0.556,0.324,9.82
198,-88.468,10,27,44,0.75,0.737,0.242,11.23
199,-30.861,11,17,34,0.794,0.5,0.296,10.41
200,-29.779,13,19,36,0.611,0.545,0.409,9.71
201,6.38,22,21,51,0.627,0.533,0.281,9.83
202,-40.865,13,21,35,0.714,0.714,0.28,11.91
203,-108.228,8,29,40,0.725,0.75,0.276,10.32
204,-51.487,15,25,43,0.721,0.6,0.323,11.76
205,-10.208,15,17,33,0.758,0.857,0.32,7.0
206,-154.451,10,40,52,0.673,0.652,0.229,12.96
207,-19.549,18,22,42,0.786,0.875,0.333,10.15
208,6.686,19,18,40,0.75,0.692,0.367,7.82
209,-56.616,13,24,43,0.744,0.75,0.281,8.38
210,-64.192,16,29,49,0.816,0.778,0.25,9.21
211,0.036,16,16,34,0.765,0.833,0.308,6.23
212,-36.045,20,27,56,0.75,0.733,0.214,7.81
213,-66.801,13,26,44,0.591,0.75,0.231,10.94
214,-29.581,15,21,41,0.707,0.778,0.276,9.57
215,-106.963,10,31,44,0.659,0.692,0.276,8.88
216,-55.848,15,26,45,0.689,0.75,0.355,5.25
217,4.872,15,14,35,0.686,0.75,0.333,5.91
218,24.968,18,13,36,0.722,0.5,0.308,6.54
219,-108.04,10,31,48,0.729,0.923,0.371,10.24
220,-34.745,21,28,51,0.843,0.889,0.302,5.63
221,-51.596,10,20,33,0.848,1.0,0.286,8.39
222,-30.094,17,23,45,0.644,0.6,0.241,9.74
223,-46.2,17,26,45,0.711,0.5,0.344,10.59
224,-56.852,8,19,40,0.75,0.857,0.233,9.1
225,-30.838,15,21,41,0.756,0.8,0.258,10.2
226,-50.135,13,23,38,0.816,0.9,0.226,10.01
227,-20.245,17,21,40,0.7,0.8,0.286,8.35
228,34.589,22,15,38,0.789,1.0,0.3,6.33
229,-25.327,19,24,50,0.68,0.625,0.235,9.47
230,-40.62,12,20,33,0.818,1.0,0.296,8.69
231,-34.596,12,19,36,0.694,0.833,0.4,7.65
232,-39.877,16,24,45,0.733,0.769,0.303,9.65
233,-72.4,17,31,51,0.745,0.565,0.342,10.37
234,-50.877,16,26,46,0.804,1.0,0.324,6.92
235,-66.205,15,28,45,0.733,0.778,0.273,7.37
236,-52.345,17,27,48,0.812,0.857,0.308,14.76
237,0.968,17,17,38,0.816,0.875,0.258,7.61
238,37.251,26,19,46,0.696,0.706,0.375,7.45
239,47.985,24,15,41,0.78,0.75,0.281,5.3
240,21.396,20,16,40,0.65,0.5,0.308,8.39
241,-9.773,19,21,43,0.791,1.0,0.294,8.63
242,-41.143,13,21,37,0.784,0.727,0.379,9.14
243,-76.227,11,26,42,0.667,0.462,0.286,11.71
244,-11.484,17,19,41,0.707,0.667,0.31,9.73
245,-51.148,16,26,49,0.796,0.625,0.333,7.91
246,-33.085,15,22,40,0.825,0.833,0.333,8.78
247,20.228,25,21,47,0.766,0.846,0.25,6.19
248,-70.042,19,33,55,0.745,0.778,0.293,10.4
249,-23.531,18,23,43,0.791,0.75,0.353,7.5
250,-19.354,13,17,34,0.794,1.0,0.259,9.06
251,-65.647,13,26,42,0.714,0.75,0.3,9.27
252,-3.999,18,19,42,0.595,0.333,0.4,7.65
253,51.552,25,15,42,0.786,0.714,0.303,8.93
254,-67.831,12,25,42,0.69,0.786,0.345,11.63
255,-70.151,9,23,35,0.686,0.667,0.25,11.48
256,-64.507,17,30,51,0.725,0.938,0.297,8.27
257,-40.677,19,27,48,0.792,0.8,0.289,9.06
258,-44.737,16,25,45,0.733,0.8,0.394,9.99
259,-101.803,15,35,57,0.737,0.742,0.31,13.37
260,-3.778,19,20,43,0.674,0.333,0.31,7.0
261,-60.851,18,30,52,0.731,0.773,0.316,10.26
262,-91.129,8,26,41,0.829,0.833,0.294,9.92
263,-31.602,14,20,39,0.744,0.6,0.345,6.17
264,0.578,23,23,51,0.725,0.737,0.297,10.5
265,-33.596,12,19,33,0.667,0.833,0.364,9.84
266,-34.32,14,21,37,0.703,0.667,0.269,7.99
267,10.48,17,15,36,0.694,0.5,0.32,6.98
268,-92.908,11,29,46,0.783,0.8,0.444,10.13
269,10.966,19,17,39,0.718,0.75,0.286,6.87
270,-97.945,12,31,48,0.833,0.722,0.3,7.96
271,-71.938,15,29,52,0.827,0.9,0.256,10.61
272,-18.469,17,21,38,0.789,0.0,0.4,6.45
273,-50.784,18,28,53,0.774,0.733,0.341,9.64
274,9.588,19,17,38,0.658,0.545,0.28,5.89
275,-50.241,13,23,37,0.811,0.75,0.267,7.14
276,-31.049,14,20,36,0.722,1.0,0.423,8.16
277,-50.819,19,29,51,0.608,0.708,0.452,10.95
278,-27.341,16,21,42,0.667,0.75,0.321,10.8
279,-29.385,13,19,34,0.765,1.0,0.308,6.81
280,-12.456,16,19,35,0.6,0.75,0.333,7.38
281,10.603,22,20,46,0.739,0.714,0.294,6.02
282,-30.467,17,23,43,0.674,0.6,0.276,8.82
283,1.59,17,17,39,0.795,0.5,0.355,12.37
284,-147.638,9,38,49,0.714,0.6,0.286,15.3
285,1.071,21,21,45,0.756,0.857,0.324,9.96
286,-29.277,15,21,40,0.625,0.667,0.28,8.72
287,-42.612,11,19,38,0.816,0.0,0.29,7.24
288,-26.727,13,18,37,0.838,0.667,0.258,8.38
289,-61.77,13,25,40,0.725,1.0,0.345,10.67
290,-50.06,16,26,44,0.659,0.833,0.31,8.89
291,-58.75,18,29,53,0.66,0.87,0.286,11.85
292,-15.288,14,17,34,0.882,1.0,0.233,6.6
293,-61.687,14,26,43,0.698,0.5,0.3,10.99
294,-1.021,20,20,45,0.6,0.667,0.296,8.71
295,-138.174,13,40,54,0.87,0.92,0.277,8.17
296,-4.402,15,16,34,0.676,0.5,0.261,10.39
297,21.683,21,17,41,0.732,0.667,0.3,7.54
298,-138.65,11,38,51,0.706,0.684,0.278,13.19
299,-46.343,18,27,46,0.717,0.75,0.333,7.99
300,32.845,17,11,30,0.833,0.667,0.28,7.43
301,1.04,18,18,40,0.7,0.6,0.321,8.15
302,-52.175,16,26,46,0.674,0.714,0.29,13.86
303,-30.883,15,21,40,0.6,0.667,0.292,10.22
304,15.548,23,20,44,0.5,0.5,0.364,10.12
305,-61.007,17,29,47,0.596,0.647,0.321,9.1
306,-60.341,16,28,44,0.659,0.556,0.276,14.21
307,-21.261,18,22,42,0.714,0.75,0.267,8.71
308,-55.477,17,28,48,0.812,0.778,0.308,7.98
309,-92.63,11,29,46,0.761,0.833,0.314,10.48
310,-85.879,8,25,39,0.821,0.778,0.281,9.9
311,28.013,21,16,39,0.615,0.667,0.458,8.07
312,-92.742,14,32,48,0.688,0.684,0.273,11.74
313,9.515,19,17,39,0.692,0.727,0.259,6.01
314,11.646,19,17,40,0.65,0.583,0.308,10.56
315,9.268,18,16,36,0.639,0.75,0.348,9.48
316,-44.286,19,28,50,0.8,0.833,0.225,12.46
317,-20.018,11,15,33,0.758,0.6,0.28,7.69
318,19.093,20,16,37,0.703,0.5,0.308,8.34
319,-70.499,12,26,42,0.714,0.429,0.333,11.19
320,-41.461,13,21,37,0.811,0.8,0.3,7.34
321,-97.097,10,29,40,0.575,0.5,0.304,9.62
322,-61.27,19,31,50,0.7,0.773,0.314,7.9
323,31.25,19,13,35,0.6,1.0,0.429,5.94
324,-49.171,15,25,40,0.8,0.667,0.312,7.07
325,-21.576,17,21,42,0.619,0.727,0.269,13.01
326,-2.599,21,22,47,0.66,0.75,0.29,7.4
327,9.643,22,20,46,0.565,0.455,0.308,7.52
328,10.977,19,17,38,0.658,0.5,0.24,7.55
329,-29.161,17,23,47,0.596,0.5,0.393,9.41
330,-51.15,13,23,42,0.786,0.6,0.333,9.33
331,-45.934,16,25,50,0.76,1.0,0.289,8.58
332,-31.991,17,23,43,0.605,0.455,0.308,9.03
333,-49.978,11,21,34,0.794,0.6,0.333,8.89
334,-78.312,9,24,38,0.737,0.5,0.286,9.16
335,-163.961,13,45,65,0.692,0.692,0.244,14.43
336,-5.295,17,18,37,0.622,0.364,0.348,6.39
337,-113.675,13,35,53,0.472,0.471,0.28,9.49
338,-71.981,17,31,52,0.654,0.538,0.294,14.08
339,-61.348,9,21,33,0.667,0.571,0.364,9.1
340,-106.016,10,31,42,0.833,0.857,0.257,9.56
341,-66.717,17,30,49,0.633,0.727,0.323,11.23
342,-83.725,13,29,47,0.787,0.75,0.27,12.58
343,-81.963,13,29,46,0.696,0.889,0.25,11.18
344,-19.646,18,22,44,0.727,0.667,0.312,8.76
345,-56.031,14,25,43,0.605,0.615,0.269,8.68
346,-57.735,15,26,45,0.6,0.765,0.259,11.57
347,-3.098,17,18,39,0.692,1.0,0.259,8.31
348,-65.943,14,27,48,0.688,0.65,0.303,12.0
349,-24.923,14,19,39,0.692,0.5,0.296,8.1
350,5.245,18,17,35,0.629,0.769,0.227,10.13
351,-26.76,18,23,45,0.578,0.6,0.269,6.38
352,-24.426,17,22,40,0.7,0.4,0.286,8.87
353,-46.024,13,22,39,0.692,0.714,0.407,10.51
354,-78.985,17,32,53,0.792,0.864,0.286,10.26
355,62.179,25,13,42,0.619,0.833,0.423,6.31
356,-62.254,14,26,44,0.705,0.833,0.258,10.28
357,-50.065,16,26,43,0.744,0.846,0.281,9.85
358,-31.258,15,21,38,0.658,0.625,0.28,9.52
359,57.113,21,10,40,0.75,1.0,0.267,4.86
360,-19.961,20,24,47,0.809,0.833,0.289,8.38
361,-72.542,11,25,36,0.639,0.5,0.217,8.81
362,-73.989,14,29,46,0.717,0.667,0.273,9.56
363,38.475,21,14,38,0.658,0.667,0.28,4.68
364,-55.456,9,20,32,0.656,0.5,0.286,9.79
365,-70.569,14,28,43,0.767,1.0,0.273,6.83
366,-110.845,11,33,46,0.696,0.583,0.25,12.46
367,-13.664,19,22,45,0.733,0.833,0.364,7.48
368,-107.757,14,35,51,0.725,0.8,0.297,9.03
369,-21.038,15,19,37,0.568,0.636,0.476,9.97
370,19.99,19,15,40,0.775,0.857,0.258,7.1
371,-19.977,20,24,47,0.617,0.385,0.276,9.71
372,36.987,22,15,40,0.575,0.2,0.348,8.29
373,-71.558,15,29,46,0.63,0.769,0.414,7.19
374,10.34,18,16,38,0.737,1.0,0.286,11.66
375,-10.903,17,19,40,0.825,0.8,0.273,10.28
376,-147.848,7,36,45,0.756,0.769,0.353,12.97
377,-17.612,20,24,48,0.708,0.786,0.265,13.93
378,-66.623,19,32,53,0.679,0.684,0.306,12.1
379,-36.698,15,22,45,0.711,0.818,0.281,6.56
380,-45.023,13,22,38,0.711,0.75,0.296,6.52
381,-4.257,21,22,44,0.795,0.75,0.257,6.55
382,15.465,13,10,23,0.696,0.0,0.25,6.52
383,-13.829,21,24,49,0.714,0.714,0.257,12.88
384,-61.532,14,26,45,0.8,0.8,0.25,10.81
385,16.137,17,14,36,0.778,0.6,0.357,7.58
386,-4.051,17,18,36,0.667,0.667,0.292,7.66
387,41.513,22,14,40,0.65,1.0,0.308,7.1
388,-4.554,15,16,34,0.735,1.0,0.28,7.59
389,-62.387,19,31,54,0.648,0.625,0.314,12.94
390,-36.827,14,21,43,0.721,0.778,0.323,7.84
391,-15.708,17,20,41,0.659,0.667,0.37,9.99
392,12.517,15,13,32,0.688,1.0,0.318,5.3
393,16.888,18,15,33,0.758,0.8,0.36,5.91
394,-71.544,17,31,51,0.706,0.667,0.25,13.49
395,-41.884,15,23,42,0.714,0.75,0.3,11.7
396,31.54,18,12,33,0.545,1.0,0.333,6.28
397,-103.362,11,31,47,0.681,0.762,0.344,11.83
398,-78.256,13,28,47,0.596,0.588,0.321,9.67
399,7.514,21,20,44,0.659,0.571,0.379,7.65
400,36.775,19,12,39,0.821,1.0,0.281,9.81
401,56.824,28,17,47,0.766,0.5,0.278,6.35
402,-19.464,18,22,44,0.727,0.75,0.312,9.82
403,29.916,20,14,36,0.694,0.5,0.36,8.67
404,-98.168,13,32,48,0.667,0.8,0.25,13.59
405,-75.843,14,29,48,0.729,0.636,0.343,10.83
406,4.622,22,21,48,0.688,0.786,0.242,7.19
407,42.111,29,21,52,0.692,0.714,0.278,5.13
408,-77.346,11,26,41,0.732,0.6,0.367,9.94
409,10.988,23,21,47,0.66,0.875,0.258,8.16
410,20.551,18,14,37,0.703,0.333,0.308,6.02
411,-142.901,11,39,50,0.78,0.8,0.308,9.95
412,-15.998,18,21,44,0.614,0.667,0.296,10.16
413,-26.114,17,22,44,0.727,0.727,0.375,14.13
414,-35.4,17,24,45,0.8,0.636,0.306,10.74
415,-24.804,19,24,48,0.688,0.667,0.333,8.26
416,-109.657,10,31,44,0.705,0.75,0.484,8.96
417,-45.71,15,24,43,0.791,0.625,0.265,10.31
418,10.349,17,15,37,0.622,0.556,0.304,9.22
419,-14.494,18,21,43,0.767,0.571,0.333,11.51
420,-36.179,13,20,35,0.629,0.75,0.273,7.6
421,-123.442,9,33,49,0.633,0.727,0.29,12.54
422,-56.897,12,23,37,0.649,0.364,0.292,12.0
423,-153.996,7,37,45,0.733,0.714,0.242,10.03
424,-35.017,20,27,50,0.64,0.588,0.344,13.14
425,14.423,24,21,48,0.688,0.778,0.303,9.09
426,-15.975,16,19,36,0.611,0.556,0.318,11.0
427,55.312,22,11,38,0.737,0.75,0.25,8.72
428,-108.162,11,32,47,0.66,0.75,0.258,11.18
429,-10.557,15,17,33,0.667,0.667,0.273,8.64
430,-54.907,18,29,49,0.735,0.571,0.306,11.37
431,-1.035,20,20,43,0.651,0.5,0.286,9.06
432,20.327,19,15,39,0.744,0.833,0.31,9.21
433,-18.818,19,23,45,0.556,0.6,0.32,7.11
434,-45.209,17,26,46,0.696,0.692,0.281,10.27
435,-21.955,17,21,45,0.667,0.7,0.333,8.3
436,16.109,21,18,42,0.738,0.444,0.323,9.86
437,-43.527,13,22,36,0.75,1.0,0.259,6.32
438,14.857,17,14,36,0.75,0.0,0.259,8.98
439,-14.815,14,17,33,0.697,0.714,0.304,9.75
440,-46.509,14,23,39,0.718,0.667,0.286,8.09
441,-51.587,12,22,40,0.6,0.5,0.292,8.48
442,11.805,16,14,36,0.75,1.0,0.333,7.35
443,11.766,23,21,46,0.717,0.889,0.303,6.99
444,-41.045,16,24,47,0.787,0.556,0.243,8.16
445,-45.531,16,25,46,0.717,0.643,0.303,10.8
446,-3.363,17,18,39,0.718,0.667,0.286,10.46
447,1.967,20,20,45,0.778,0.75,0.286,9.72
448,-19.641,15,19,38,0.816,1.0,0.226,8.8
449,56.066,25,14,43,0.698,0.714,0.233,4.45
450,-60.99,15,27,46,0.891,1.0,0.244,8.63
451,-77.303,13,28,46,0.739,0.857,0.353,12.01
452,-113.88,13,35,53,0.774,0.696,0.244,15.89
453,-50.52,15,25,41,0.78,0.786,0.25,9.1
454,-87.316,12,29,49,0.633,0.692,0.323,11.22
455,77.66,28,13,43,0.512,0.667,0.273,6.39
456,6.127,16,15,33,0.727,0.455,0.25,6.88
457,-14.724,16,19,39,0.718,0.571,0.25,6.63
458,16.753,14,11,27,0.778,1.0,0.286,6.28
459,-36.37,17,24,43,0.628,0.769,0.296,7.67
460,-117.027,16,39,57,0.719,0.621,0.268,14.37
461,-10.175,22,24,50,0.74,0.786,0.216,10.91
462,-13.929,15,18,39,0.692,0.889,0.296,9.51
463,-46.34,11,20,31,0.774,0.6,0.333,6.99
464,-60.206,11,23,35,0.629,0.727,0.318,7.65
465,-66.267,12,25,41,0.659,0.8,0.296,8.19
466,-5.74,17,18,41,0.659,0.714,0.296,9.42
467,6.214,20,19,40,0.575,0.692,0.348,8.1
468,-34.602,16,23,40,0.725,0.667,0.241,8.74
469,-127.536,11,36,52,0.769,0.75,0.375,10.5
470,-46.411,18,27,47,0.766,0.778,0.278,10.43
471,-118.642,13,36,59,0.678,0.6,0.275,16.09
472,-56.641,16,27,47,0.617,0.6,0.276,10.74
473,-107.077,9,30,43,0.674,0.778,0.31,11.17
474,47.394,20,11,33,0.636,0.625,0.286,7.88
475,11.766,18,16,37,0.784,1.0,0.241,6.65
476,-55.045,14,25,42,0.786,0.917,0.333,9.49
477,-48.379,14,24,42,0.738,0.769,0.355,10.31
478,-9.807,22,24,47,0.723,0.667,0.324,7.85
479,-50.817,14,24,42,0.667,0.583,0.286,11.26
480,-10.115,20,22,44,0.682,0.643,0.267,11.22
481,-55.745,13,24,40,0.65,0.727,0.269,11.62
482,-4.29,18,19,40,0.7,0.25,0.286,7.08
483,-61.553,8,20,32,0.656,0.545,0.333,10.63
484,-43.162,14,22,39,0.846,0.889,0.303,9.03
485,-25.563,12,17,32,0.688,0.625,0.364,8.91
486,1.516,17,17,38,0.632,0.714,0.292,6.82
487,-24.229,19,24,43,0.721,0.8,0.29,8.44
488,-91.4,10,28,40,0.625,0.636,0.4,9.68
489,-124.048,15,39,59,0.661,0.571,0.333,8.99
490,32.197,20,14,36,0.75,1.0,0.259,5.76
491,-117.954,11,34,48,0.771,0.933,0.459,10.47
492,-33.408,20,27,51,0.725,0.75,0.243,11.1
493,-128.125,13,38,57,0.702,0.68,0.275,15.25
494,32.245,22,16,42,0.833,0.25,0.286,9.46
495,-61.025,14,26,45,0.689,0.773,0.29,14.69
496,-35.758,12,19,34,0.706,0.0,0.333,10.29
497,15.507,20,17,41,0.732,0.727,0.267,9.33
498,-56.869,20,31,54,0.704,0.737,0.263,10.61
499,62.822,26,14,45,0.756,0.769,0.294,6.82
500,-72.519,13,27,44,0.705,0.667,0.29,10.33
501,10.732,19,17,38,0.658,0.571,0.36,10.17
502,11.074,19,17,38,0.684,0.667,0.269,7.04
503,-24.825,19,24,44,0.75,0.714,0.303,13.78
504,-44.641,15,24,41,0.634,0.5,0.231,10.81
505,-45.411,14,23,43,0.767,0.571,0.364,9.22
506,-41.654,11,19,32,0.688,0.429,0.318,10.67
507,-51.35,14,24,42,0.714,0.857,0.333,9.79
508,-35.209,16,23,46,0.848,0.75,0.282,8.77
509,-25.33,21,26,48,0.646,0.643,0.355,10.47
510,-50.23,18,28,50,0.68,0.75,0.265,10.46
511,51.642,23,13,44,0.705,0.8,0.226,8.61
512,-8.692,17,19,37,0.757,0.8,0.286,8.26
513,-56.11,15,26,49,0.816,0.882,0.275,11.2
514,-3.187,14,15,36,0.611,0.7,0.409,6.46
515,-55.843,12,23,41,0.732,0.667,0.333,13.25
516,-23.807,13,18,36,0.611,0.5,0.273,8.77
517,6.304,21,20,46,0.674,0.909,0.387,8.47
518,-52.02,18,28,51,0.725,0.667,0.297,10.93
519,-85.654,14,31,49,0.837,0.833,0.244,9.93
520,-75.228,10,25,38,0.579,0.706,0.318,11.12
521,-66.276,19,32,55,0.709,0.765,0.282,11.03
522,6.37,18,17,44,0.659,0.5,0.276,10.7
523,-15.496,13,16,35,0.6,0.667,0.333,7.99
524,9.601,16,14,34,0.529,0.333,0.278,8.63
525,-96.495,11,30,44,0.795,0.692,0.314,15.33
526,-36.375,14,21,39,0.769,0.625,0.3,8.72
527,28.429,23,18,42,0.619,0.636,0.308,6.72
528,-71.091,10,24,38,0.632,0.778,0.292,10.48
529,-24.561,18,23,45,0.733,0.25,0.303,10.11
530,-36.241,16,23,44,0.659,0.6,0.345,14.43
531,17.362,18,15,37,0.703,0.714,0.346,6.03
532,-61.472,14,26,46,0.609,0.545,0.286,8.59
533,58.574,23,12,41,0.659,0.0,0.259,5.25
534,-86.169,8,25,38,0.684,0.571,0.269,11.64
535,45.905,19,10,37,0.622,0.8,0.261,6.5
536,-123.078,16,40,60,0.75,0.824,0.356,14.47
537,32.498,25,19,46,0.739,0.667,0.265,7.28
538,21.346,18,14,37,0.649,1.0,0.292,7.33
539,-99.052,11,30,44,0.682,0.571,0.4,11.62
540,43.148,24,16,42,0.643,0.5,0.296,8.52
541,9.456,15,13,33,0.576,0.667,0.263,7.23
542,-29.308,15,21,41,0.659,0.8,0.333,11.24
543,31.711,17,11,30,0.8,1.0,0.292,7.39
544,-19.44,19,23,47,0.596,0.455,0.286,9.11
545,-86.043,19,36,57,0.649,0.611,0.378,12.03
546,-50.414,14,24,41,0.707,0.7,0.31,9.39
547,51.493,24,14,41,0.61,1.0,0.32,6.0
548,-18.768,18,22,45,0.689,0.727,0.258,8.64
549,-82.608,13,29,46,0.848,0.75,0.282,10.22
550,-117.531,12,35,53,0.642,0.5,0.294,12.07
551,-34.883,16,23,40,0.75,0.833,0.233,8.05
552,4.939,18,17,39,0.667,1.0,0.308,10.39
553,0.611,18,18,40,0.8,0.923,0.438,9.55
554,-46.78,11,20,35,0.571,0.8,0.25,8.71
555,-49.369,16,26,43,0.674,0.857,0.241,10.91
556,-45.29,13,22,36,0.778,0.667,0.321,8.65
557,30.713,21,15,42,0.738,0.833,0.323,5.43
558,76.781,26,11,40,0.675,0.5,0.222,5.57
559,-9.146,14,16,30,0.6,0.0,0.333,6.46
560,-15.378,12,15,31,0.71,0.857,0.318,11.1
561,2.664,18,18,40,0.7,0.5,0.286,7.34
562,15.268,13,10,30,0.7,0.0,0.286,6.85
563,21.899,20,16,38,0.763,1.0,0.241,8.88
564,-65.674,9,22,33,0.788,1.0,0.423,7.08
565,15.647,19,16,38,0.711,0.571,0.296,8.81
566,-21.25,14,18,37,0.703,0.333,0.385,8.45
567,-55.55,18,29,50,0.64,0.769,0.25,13.09
568,27.208,24,19,48,0.646,0.75,0.29,10.76
569,26.094,22,17,42,0.571,0.6,0.292,7.55
570,-14.135,16,19,35,0.714,0.75,0.44,8.15
571,5.564,21,20,43,0.721,0.7,0.387,9.36
572,-39.452,18,26,46,0.674,0.75,0.323,8.85
573,-101.579,15,35,55,0.655,0.647,0.306,14.58
574,-81.408,9,25,38,0.737,0.636,0.25,9.38
575,-55.01,17,28,46,0.674,0.538,0.29,12.38
576,-22.9,21,26,51,0.686,0.643,0.257,10.22
577,-10.07,18,20,43,0.698,0.75,0.367,11.46
578,-25.365,16,21,45,0.8,0.6,0.278,9.76
579,-82.134,12,28,44,0.727,0.714,0.281,9.65
580,-3.695,15,16,33,0.727,0.833,0.375,10.25
581,-9.798,18,20,43,0.674,1.0,0.31,7.54
582,57.573,24,13,38,0.605,0.667,0.348,5.74
583,-44.95,11,20,31,0.839,0.0,0.231,7.97
584,-96.814,9,28,40,0.675,0.889,0.333,11.52
585,-64.739,15,28,43,0.628,0.643,0.407,11.98
586,-24.666,16,21,40,0.55,0.714,0.318,6.56
587,15.934,23,20,48,0.708,0.545,0.382,8.54
588,-91.454,14,32,48,0.708,0.762,0.235,10.43
589,42.077,21,13,38,0.737,1.0,0.286,7.17
590,57.317,19,8,29,0.759,1.0,0.318,5.85
591,-35.539,18,25,49,0.714,0.5,0.286,15.32
592,-3.675,21,22,44,0.727,1.0,0.344,7.34
593,-0.289,23,23,49,0.755,0.714,0.297,10.72
594,-9.55,13,15,32,0.75,1.0,0.292,7.28
595,0.37,22,22,47,0.617,0.625,0.31,12.05
596,-148.173,9,38,52,0.596,0.556,0.258,10.2
597,20.429,18,14,36,0.778,0.333,0.286,8.39
598,-71.377,10,24,37,0.703,0.857,0.308,11.58
599,10.424,16,14,33,0.697,0.333,0.261,9.75
600,-82.115,15,31,50,0.72,0.824,0.278,8.23
601,0.162,24,24,51,0.686,0.636,0.286,9.77
602,-4.471,20,21,48,0.604,0.545,0.276,10.28
603,-22.445,20,25,51,0.882,0.733,0.244,7.92
604,-3.19,17,18,36,0.75,1.0,0.259,8.93
605,-35.096,14,21,40,0.75,0.917,0.367,10.65
606,31.379,26,20,48,0.771,0.769,0.243,5.33
607,-21.203,16,20,42,0.69,0.875,0.345,7.7
608,0.512,18,18,38,0.763,1.0,0.345,7.5
609,-90.744,13,31,51,0.863,0.769,0.295,13.3
610,36.705,20,13,36,0.611,0.714,0.318,8.95
611,26.97,22,17,46,0.761,1.0,0.257,10.06
612,20.777,22,18,46,0.63,0.667,0.241,11.34
613,1.567,17,17,36,0.75,0.5,0.259,6.14
614,-5.578,22,23,49,0.592,0.588,0.276,12.4
615,-45.509,15,24,44,0.682,0.611,0.267,11.84
616,63.971,22,10,33,0.576,0.667,0.474,6.03
617,67.678,23,10,39,0.769,1.0,0.267,6.08
618,-14.734,15,18,37,0.838,0.8,0.323,10.22
619,10.504,24,22,46,0.717,1.0,0.273,6.94
620,-76.607,11,26,45,0.733,0.75,0.303,8.47
621,-56.392,13,24,41,0.659,0.667,0.222,8.56
622,-55.628,17,28,46,0.696,0.733,0.281,8.58
623,-13.926,17,20,37,0.757,0.727,0.321,8.07
624,15.112,21,18,41,0.634,0.818,0.269,7.49
625,36.51,23,16,40,0.675,0.25,0.444,7.53
626,-60.941,18,30,53,0.717,0.647,0.263,13.68
627,22.951,20,16,43,0.651,0.4,0.357,11.63
628,-46.169,14,23,39,0.744,0.824,0.276,11.8
629,44.827,23,14,45,0.733,0.667,0.364,8.29
630,-85.733,15,32,49,0.714,0.85,0.314,12.66
631,-76.572,9,24,36,0.833,1.0,0.267,12.15
632,47.583,28,19,49,0.714,0.75,0.371,9.1
633,-92.353,14,32,48,0.646,0.706,0.258,10.23
634,-77.299,9,24,36,0.778,0.875,0.25,10.33
635,51.062,21,11,32,0.781,0.0,0.36,4.38
636,-93.126,9,27,43,0.698,0.778,0.333,11.39
637,-52.143,12,22,35,0.571,0.667,0.25,8.76
638,-123.14,11,35,49,0.816,0.7,0.275,11.11
639,15.467,17,14,33,0.758,0.778,0.4,9.47
640,45.203,19,10,31,0.581,0.75,0.5,7.14
641,6.264,21,20,49,0.776,0.857,0.211,9.32
642,-65.541,12,25,40,0.825,0.875,0.273,8.2
643,-5.711,21,22,47,0.702,0.444,0.333,7.45
644,-77.083,13,28,46,0.674,0.875,0.29,13.73
645,-62.618,16,28,48,0.667,0.692,0.312,10.1
646,-41.291,15,23,40,0.75,0.7,0.333,7.44
647,37.524,22,15,40,0.675,0.714,0.333,9.57
648,-45.113,17,26,48,0.646,0.611,0.29,12.87
649,-49.254,18,28,49,0.714,0.667,0.286,11.37
650,-30.309,15,21,39,0.667,0.8,0.346,9.04
651,-78.29,17,32,50,0.74,0.765,0.351,10.1
652,-45.587,17,26,53,0.679,0.765,0.278,10.95
653,-46.748,10,19,37,0.703,0.889,0.346,7.66
654,-85.778,15,32,52,0.827,0.846,0.302,10.11
655,-84.466,9,25,37,0.595,0.778,0.318,10.72
656,5.628,15,14,35,0.743,0.667,0.308,8.19
657,58.076,25,14,42,0.595,0.75,0.32,5.48
658,-30.049,17,23,42,0.667,0.5,0.321,9.99
659,-47.697,13,22,39,0.744,0.778,0.276,9.59
660,-44.529,19,28,49,0.551,0.588,0.333,10.5
661,-28.902,16,22,39,0.718,1.0,0.286,10.26
662,15.331,19,16,37,0.73,0.667,0.259,6.97
663,-39.823,11,19,34,0.676,0.833,0.217,9.96
664,30.338,23,17,41,0.659,0.667,0.296,7.88
665,-30.629,11,17,36,0.722,0.8,0.269,9.44
666,-0.112,23,23,51,0.549,0.609,0.286,10.92
667,-59.759,14,26,42,0.69,0.5,0.379,10.19
668,47.722,18,9,29,0.621,0.0,0.278,4.35
669,-86.232,17,34,54,0.722,0.706,0.282,11.08
670,4.965,17,16,40,0.675,0.545,0.296,11.15
671,-61.726,13,25,41,0.707,0.545,0.31,11.18
672,-13.952,17,20,37,0.676,1.0,0.28,6.33
673,-66.0,11,24,37,0.649,0.688,0.292,8.44
674,-15.238,15,18,33,0.606,0.625,0.3,9.28
675,-3.818,16,17,41,0.78,1.0,0.219,9.64
676,52.13,20,10,34,0.765,0.75,0.308,6.45
677,-54.514,14,25,43,0.814,1.0,0.314,10.06
678,-30.516,22,28,52,0.596,0.55,0.226,10.2
679,-55.896,10,21,37,0.568,0.5,0.381,9.72
680,92.911,24,6,30,0.767,0.8,0.304,3.62
681,-7.867,18,20,42,0.643,0.833,0.296,8.85
682,-86.331,12,29,46,0.717,0.917,0.273,8.16
683,-33.521,18,25,46,0.761,0.692,0.314,11.56
684,-25.993,16,21,43,0.698,0.75,0.3,9.43
685,-24.818,16,21,39,0.667,0.889,0.308,9.09
686,-9.685,18,20,40,0.85,1.0,0.353,7.28
687,-4.709,21,22,47,0.638,0.611,0.3,11.69
688,-1.672,21,22,43,0.558,0.167,0.333,8.98
689,11.548,18,16,37,0.757,0.6,0.321,7.81
690,-73.589,15,29,49,0.796,0.667,0.282,8.97
691,0.854,17,17,38,0.632,0.667,0.5,9.2
692,-62.51,13,25,39,0.59,0.8,0.348,10.3
693,20.715,17,13,32,0.688,1.0,0.318,7.27
694,-14.831,16,19,38,0.711,0.556,0.333,8.52
695,6.858,29,28,61,0.787,0.8,0.271,9.66
696,-58.822,15,27,44,0.659,0.733,0.448,11.1
697,-30.929,18,24,45,0.756,0.667,0.265,9.49
698,-29.736,14,20,39,0.692,0.6,0.259,11.18
699,-8.168,17,19,38,0.816,0.5,0.258,7.34
700,-42.606,15,23,45,0.622,0.667,0.286,9.14
701,25.405,20,15,36,0.611,0.778,0.318,6.02
702,28.163,23,18,43,0.674,0.5,0.241,8.57
703,7.083,17,16,37,0.649,1.0,0.25,8.5
704,22.502,15,11,28,0.714,0.5,0.35,6.2
705,-15.732,20,23,45,0.644,0.667,0.345,7.65
706,-42.369,18,26,47,0.702,0.8,0.273,12.41
707,23.907,23,18,45,0.733,1.0,0.273,7.72
708,8.429,24,23,48,0.688,0.562,0.303,7.32
709,-84.983,14,31,49,0.735,0.875,0.361,10.11
710,11.68,18,16,37,0.703,1.0,0.308,6.3
711,-76.648,13,28,43,0.698,0.762,0.233,12.69
712,-29.898,14,20,40,0.55,0.6,0.318,11.68
713,-78.821,10,25,42,0.667,0.556,0.393,11.33
714,14.018,22,19,49,0.755,0.8,0.27,7.69
715,-35.444,22,29,55,0.6,0.714,0.273,7.62
716,26.949,22,17,40,0.625,0.667,0.36,6.89
717,-4.937,20,21,41,0.659,0.889,0.259,6.4
718,2.103,15,15,31,0.484,0.5,0.333,11.38
719,-86.723,17,34,56,0.679,0.7,0.342,10.86
720,-19.75,17,21,40,0.65,0.75,0.385,8.13
721,39.003,22,15,40,0.675,0.667,0.37,7.73
722,6.132,21,20,42,0.667,1.0,0.393,7.96
723,-22.145,22,27,52,0.692,0.667,0.306,11.18
724,31.111,22,16,40,0.675,0.333,0.296,5.08
725,-19.305,15,19,36,0.75,0.0,0.296,8.9
726,-19.585,18,22,41,0.61,0.583,0.28,8.28
727,-23.562,14,19,37,0.649,0.6,0.458,10.13
728,0.143,18,18,39,0.692,0.778,0.296,9.94
729,16.072,25,22,47,0.681,0.706,0.281,7.86
730,16.732,18,15,38,0.632,0.5,0.333,5.56
731,-7.097,20,21,45,0.6,0.5,0.333,9.7
732,-19.181,20,24,48,0.604,0.364,0.276,10.87
733,-15.551,13,16,32,0.781,0.0,0.24,7.95
734,-75.557,13,28,43,0.651,0.5,0.25,12.88
735,-48.092,15,24,46,0.717,0.714,0.394,8.35
736,-3.444,10,11,22,0.591,0.0,0.308,8.13
737,41.57,19,11,32,0.562,0.75,0.333,6.67
738,63.679,26,14,42,0.738,0.8,0.29,5.4
739,-45.721,15,24,41,0.537,0.714,0.318,9.6
740,36.667,18,11,33,0.606,0.5,0.35,7.23
741,-19.85,15,19,39,0.615,1.0,0.375,9.08
742,31.919,23,17,44,0.614,0.733,0.333,7.54
743,-14.505,15,18,36,0.639,1.0,0.348,6.44
744,45.985,21,12,38,0.553,0.714,0.286,5.62
745,-19.144,17,21,41,0.659,0.667,0.259,8.03
746,-128.698,16,41,63,0.81,0.864,0.314,12.63
747,-58.852,18,29,53,0.528,0.591,0.321,10.17
748,-44.52,14,23,41,0.659,0.667,0.296,10.72
749,27.914,20,15,38,0.658,0.333,0.4,7.85
750,10.086,20,18,41,0.659,0.5,0.296,8.61
751,56.864,26,15,42,0.762,0.818,0.281,6.79
752,20.352,21,17,43,0.581,0.625,0.28,8.62
753,-14.807,18,21,41,0.634,0.727,0.269,9.22
754,-20.757,19,23,47,0.681,0.7,0.375,9.94
755,2.113,21,21,45,0.622,0.3,0.321,9.2
756,62.986,23,11,37,0.568,0.7,0.286,7.69
757,-34.918,14,21,37,0.649,0.875,0.25,9.65
758,-65.755,9,22,34,0.735,0.833,0.28,10.2
759,4.398,18,17,38,0.737,0.75,0.393,5.89
760,-3.725,18,19,39,0.718,0.857,0.393,7.47
761,6.752,18,17,39,0.692,0.643,0.259,10.46
762,-5.683,18,19,38,0.526,0.857,0.25,6.21
763,31.85,19,13,38,0.737,0.0,0.286,6.69
764,14.569,27,24,51,0.569,0.682,0.345,7.85
765,12.712,21,19,42,0.69,0.7,0.276,7.53
766,16.142,24,21,50,0.58,0.667,0.31,8.9
767,-149.712,10,39,54,0.685,0.704,0.351,14.7
768,33.722,20,14,37,0.757,0.5,0.286,5.01
769,1.219,17,17,37,0.649,1.0,0.333,8.37
770,1.879,23,23,51,0.745,0.812,0.263,7.88
771,-4.283,22,23,50,0.62,0.462,0.258,11.81
772,20.852,24,20,51,0.667,0.8,0.324,9.81
773,20.182,24,20,48,0.521,0.6,0.28,9.01
774,-25.708,18,23,43,0.744,0.812,0.281,9.97
775,-59.975,18,30,51,0.784,0.667,0.225,11.0
776,-45.316,23,32,59,0.712,0.789,0.381,12.27
777,16.165,20,17,44,0.682,0.571,0.267,6.35
778,6.798,19,18,38,0.711,0.5,0.296,7.3
779,76.171,26,12,39,0.641,1.0,0.32,7.2
780,0.864,18,18,39,0.769,0.75,0.233,5.19
781,10.884,22,20,46,0.696,0.556,0.219,9.84
782,-50.884,13,23,38,0.684,0.6,0.308,8.83
783,30.719,20,14,38,0.632,0.556,0.458,6.05
784,14.966,18,15,42,0.619,0.667,0.269,8.86
785,-40.441,17,25,47,0.617,0.526,0.31,11.7
786,5.638,14,13,31,0.581,0.667,0.278,7.04
787,5.611,19,18,42,0.714,0.75,0.267,8.76
788,11.723,18,16,35,0.629,1.0,0.273,7.17
789,-10.208,22,24,51,0.529,0.75,0.296,10.15
790,-91.814,15,33,51,0.627,0.692,0.344,9.58
791,-60.842,14,26,41,0.756,0.5,0.258,11.54
792,-88.554,16,33,56,0.554,0.667,0.258,13.36
793,11.68,20,18,41,0.683,0.571,0.25,7.07
794,-8.939,21,23,46,0.565,0.909,0.231,9.57
795,21.393,22,18,43,0.674,0.75,0.31,7.53
796,52.876,19,9,31,0.581,0.5,0.278,6.06
797,-55.271,12,23,38,0.579,0.538,0.318,9.25
798,27.671,22,17,42,0.667,0.7,0.321,7.3
799,27.919,25,20,45,0.711,0.727,0.344,7.99
800,-50.608,14,24,41,0.585,0.4,0.333,6.72
801,-39.734,13,21,36,0.694,0.667,0.28,10.24
802,36.293,21,14,37,0.595,0.833,0.273,5.75
803,-8.916,14,16,34,0.676,0.75,0.304,6.35
804,-41.56,10,18,33,0.758,0.75,0.28,10.12
805,-46.793,14,23,40,0.725,1.0,0.31,9.27
806,-47.573,12,21,37,0.757,0.857,0.25,8.19
807,16.167,24,21,46,0.609,0.5,0.321,5.86
808,16.15,17,14,32,0.562,0.714,0.278,6.7
809,-23.708,22,27,51,0.647,0.571,0.333,9.04
810,26.522,22,17,47,0.745,0.727,0.314,8.61
811,89.705,29,12,45,0.778,0.875,0.314,6.6
812,36.273,20,13,35,0.686,0.0,0.333,6.51
813,15.314,22,19,45,0.644,0.556,0.31,9.25
814,42.721,24,16,41,0.659,0.667,0.259,5.46
815,-20.291,18,22,41,0.585,0.333,0.25,10.09
816,11.842,20,18,43,0.721,0.833,0.323,9.18
817,-34.712,20,27,52,0.635,0.588,0.394,16.07
818,9.522,21,19,42,0.714,0.6,0.333,7.04
819,-0.421,18,18,40,0.7,0.8,0.321,6.71
820,-0.964,22,22,49,0.653,0.632,0.312,10.88
821,5.147,17,16,36,0.556,0.5,0.35,7.83
822,3.659,20,19,41,0.634,0.667,0.308,8.33
823,-9.179,20,22,44,0.614,0.5,0.37,10.66
824,41.528,19,11,33,0.606,0.5,0.3,4.58
825,27.1,23,18,49,0.653,0.8,0.25,9.3
826,-61.248,10,22,35,0.743,0.5,0.269,7.96
827,-5.425,16,17,38,0.711,0.889,0.296,8.62
828,-62.679,10,22,35,0.686,0.6,0.292,8.96
829,-61.57,16,28,47,0.574,0.5,0.333,8.32
830,-97.78,11,30,49,0.531,0.529,0.231,13.92
831,-35.435,16,23,41,0.829,1.0,0.235,10.28
832,-24.599,12,17,32,0.625,0.8,0.35,9.61
833,20.373,24,20,48,0.708,0.8,0.235,9.19
834,-8.261,17,19,39,0.744,0.4,0.345,8.75
835,0.141,16,16,35,0.543,0.286,0.263,8.93
836,-5.644,16,17,35,0.629,0.833,0.273,6.72
837,-50.536,12,22,39,0.641,0.5,0.36,10.0
838,0.575,23,23,48,0.667,0.667,0.312,10.78
839,32.75,19,13,38,0.605,0.0,0.304,5.83
840,37.042,21,14,37,0.622,0.0,0.478,6.65
841,-86.659,16,33,55,0.655,0.667,0.278,10.8
842,4.99,17,16,40,0.675,0.714,0.444,9.98
843,-52.115,16,26,43,0.767,1.0,0.273,9.11
844,-30.534,17,23,44,0.591,0.667,0.308,10.58
845,-10.804,20,22,45,0.556,0.667,0.32,10.7
846,4.644,19,18,38,0.526,0.538,0.45,8.62
847,10.179,21,19,43,0.674,0.5,0.241,10.88
848,-23.11,18,23,44,0.659,0.4,0.379,10.11
849,-10.762,14,16,35,0.657,1.0,0.304,7.16
850,28.29,22,17,39,0.667,0.2,0.269,5.28
851,-19.138,23,27,54,0.704,0.714,0.263,13.84
852,-77.772,14,29,48,0.729,0.769,0.343,12.74
853,-51.686,14,24,45,0.578,0.727,0.308,14.17
854,-5.552,17,18,40,0.575,0.5,0.261,9.53
855,-14.826,22,25,48,0.667,0.588,0.312,9.18
856,-13.224,15,18,35,0.686,1.0,0.417,7.08
857,-19.81,16,20,40,0.55,0.545,0.273,8.74
858,-78.981,11,26,45,0.622,0.583,0.321,7.76
859,24.814,22,17,46,0.63,0.6,0.241,7.88
860,-30.205,15,21,39,0.564,0.571,0.273,8.29
861,-28.612,15,21,38,0.737,1.0,0.321,8.57
862,42.373,23,15,39,0.795,1.0,0.258,7.8
863,-36.558,20,27,49,0.673,0.889,0.333,10.39
864,-39.066,17,25,44,0.75,0.857,0.394,12.11
865,27.377,24,19,43,0.651,0.429,0.321,10.4
866,-66.101,15,28,47,0.702,0.875,0.333,9.22
867,17.534,19,16,39,0.615,0.833,0.417,5.87
868,-25.39,20,25,50,0.58,0.778,0.276,10.63
869,-31.895,19,25,48,0.562,0.727,0.296,11.92
870,-84.031,9,25,39,0.59,0.6,0.304,13.88
871,-51.177,17,27,47,0.638,0.545,0.267,13.11
872,-5.389,18,19,39,0.436,0.556,0.294,7.67
873,32.198,24,18,46,0.609,0.615,0.214,7.03
874,-19.745,16,20,41,0.732,0.5,0.267,10.07
875,-4.846,17,18,40,0.625,0.4,0.28,9.15
876,-57.619,13,24,41,0.707,0.818,0.241,10.2
877,52.883,24,14,38,0.789,0.9,0.267,8.41
878,-3.672,21,22,46,0.761,0.538,0.343,11.9
879,41.519,22,14,39,0.692,0.5,0.333,5.35
880,-19.777,19,23,47,0.66,0.615,0.323,10.37
881,22.109,18,14,33,0.545,0.5,0.444,5.23
882,11.275,14,12,33,0.545,0.333,0.389,8.57
883,-75.229,12,27,45,0.711,0.667,0.281,8.54
884,-10.551,19,21,42,0.548,0.667,0.304,9.89
885,0.588,19,19,42,0.69,0.875,0.31,10.99
886,0.909,17,17,34,0.529,0.5,0.278,6.12
887,-15.8,18,21,46,0.652,0.688,0.267,7.0
888,-18.97,19,23,47,0.681,0.812,0.281,10.79
889,51.522,22,12,42,0.595,0.0,0.32,6.77
890,-40.898,14,22,36,0.667,0.75,0.25,9.65
891,-60.663,17,29,47,0.681,0.833,0.281,9.31
892,26.599,15,10,30,0.667,0.0,0.3,5.77
893,-65.789,15,28,46,0.609,0.833,0.464,8.37
894,-24.783,16,21,40,0.7,0.75,0.286,9.48
895,-37.375,18,25,48,0.708,0.625,0.353,10.81
896,-29.487,19,25,46,0.63,0.556,0.31,6.69
897,21.944,20,16,37,0.676,0.667,0.4,6.2
898,-24.587,22,27,53,0.717,0.714,0.368,10.28
899,-19.169,16,20,42,0.548,0.333,0.435,11.51
900,14.553,17,14,36,0.444,0.222,0.25,10.47
901,-63.069,13,25,43,0.628,0.714,0.296,11.84
902,37.283,26,19,46,0.63,0.778,0.276,7.26
903,5.995,25,24,52,0.596,0.562,0.258,5.32
904,4.194,18,17,38,0.579,0.571,0.273,9.57
905,-62.543,16,28,49,0.653,0.846,0.281,11.41
906,-22.176,17,21,42,0.69,0.786,0.31,9.9
907,-37.053,22,29,56,0.554,0.609,0.29,8.79
908,-34.907,21,28,52,0.596,0.688,0.29,10.53
909,-48.131,14,23,43,0.721,0.7,0.258,11.99
910,74.302,29,15,47,0.596,0.571,0.393,5.54
911,-19.087,18,22,44,0.682,0.556,0.267,12.79
912,13.405,25,22,47,0.723,0.9,0.324,8.32
913,6.846,21,20,45,0.667,0.417,0.267,7.15
914,11.606,14,12,27,0.63,0.0,0.294,7.38
915,-47.963,17,27,49,0.571,0.6,0.25,11.46
916,-37.535,14,21,40,0.625,0.6,0.28,9.16
917,6.61,16,15,35,0.629,0.5,0.409,8.32
918,42.952,22,14,38,0.658,0.333,0.52,5.06
919,-14.104,16,19,37,0.568,0.5,0.286,6.49
920,31.778,18,12,31,0.71,1.0,0.364,6.25
921,-19.057,14,18,32,0.719,1.0,0.391,9.77
922,-10.472,18,20,41,0.707,0.4,0.276,9.48
923,61.49,21,9,31,0.774,0.0,0.292,3.32
924,62.496,29,17,50,0.66,0.571,0.273,10.35
925,-56.964,15,26,42,0.714,0.857,0.3,8.56
926,-49.181,19,29,55,0.745,0.87,0.317,11.52
927,-41.359,19,27,59,0.661,0.696,0.256,13.41
928,-17.917,17,20,42,0.643,0.778,0.259,9.09
929,-20.355,15,19,36,0.75,1.0,0.407,7.29
930,-15.217,21,24,48,0.667,0.722,0.281,12.4
931,-8.785,17,19,36,0.5,0.625,0.333,8.44
932,38.309,18,11,34,0.706,0.0,0.292,6.34
933,-10.055,24,26,57,0.596,0.615,0.294,10.57
934,38.157,25,18,45,0.622,0.667,0.393,6.83
935,-5.6,20,21,44,0.614,0.7,0.296,6.51
936,11.369,19,17,42,0.667,0.667,0.286,9.26
937,-34.885,18,25,47,0.702,0.727,0.273,10.16
938,10.792,21,19,45,0.711,0.778,0.344,10.69
939,-30.4,19,25,48,0.625,0.786,0.267,6.7
940,-57.589,17,29,49,0.531,0.684,0.308,11.89
941,47.572,22,13,38,0.684,0.667,0.346,7.26
942,-36.319,15,22,41,0.61,0.714,0.32,9.81
943,-76.806,14,29,48,0.562,0.5,0.259,13.75
944,6.183,18,17,38,0.579,0.571,0.318,8.61
945,27.109,22,17,45,0.689,0.778,0.323,10.03
946,-13.429,14,17,38,0.632,0.75,0.292,9.32
947,-99.059,13,32,49,0.714,0.778,0.229,12.86
948,-139.748,11,38,53,0.585,0.667,0.226,11.42
949,-120.913,18,42,62,0.661,0.633,0.268,13.85
950,52.125,23,13,39,0.718,0.8,0.321,8.9
951,-75.8,18,33,55,0.818,1.0,0.378,10.33
952,-39.578,14,22,39,0.692,0.818,0.37,10.05
953,14.324,17,14,36,0.583,0.375,0.476,7.45
954,5.382,23,22,48,0.708,0.812,0.294,10.65
955,-51.179,15,25,43,0.744,0.625,0.25,10.04
956,28.188,27,22,50,0.64,0.667,0.312,6.85
957,-42.266,18,26,48,0.771,0.6,0.243,14.12
958,21.692,22,18,42,0.571,0.364,0.375,5.63
959,15.758,22,19,42,0.667,1.0,0.357,6.9
960,-22.06,15,19,39,0.718,0.8,0.464,11.04
961,-18.299,21,25,48,0.646,0.818,0.419,11.21
962,25.162,24,19,49,0.714,0.7,0.314,7.99
963,4.398,23,22,48,0.75,1.0,0.278,9.7
964,32.936,21,15,36,0.556,0.6,0.35,7.54
965,-28.138,18,24,44,0.591,0.786,0.269,10.24
966,30.705,20,14,38,0.684,0.571,0.308,7.2
967,11.961,24,22,50,0.74,0.615,0.324,10.81
968,-11.505,20,22,47,0.638,0.667,0.267,9.39
969,42.335,24,16,44,0.591,0.643,0.308,8.15
970,15.714,16,13,31,0.516,1.0,0.312,5.8
971,11.525,12,10,23,0.826,1.0,0.368,6.37
972,51.023,25,15,41,0.78,0.25,0.281,8.9
973,-22.84,19,24,45,0.489,0.5,0.273,9.45
974,-25.019,20,25,47,0.745,0.75,0.314,9.18
975,39.514,22,15,41,0.683,0.833,0.286,7.8
976,37.236,23,16,40,0.625,0.75,0.44,8.23
977,-9.563,23,25,52,0.673,0.765,0.286,10.84
978,-82.197,16,32,53,0.604,0.636,0.375,9.77
979,-9.644,20,22,43,0.651,0.8,0.286,9.0
980,37.361,26,19,49,0.592,0.733,0.31,8.39
981,-21.245,17,21,38,0.632,0.667,0.292,7.31
982,-112.776,11,33,49,0.592,0.471,0.448,9.65
983,56.124,19,8,32,0.562,0.5,0.5,7.66
984,-19.216,20,24,50,0.78,0.625,0.308,11.53
985,-30.579,19,25,46,0.63,0.625,0.276,9.12
986,-41.162,18,26,45,0.711,1.0,0.281,7.31
987,-36.38,16,23,45,0.533,0.538,0.292,8.25
988,-70.986,13,27,43,0.651,0.75,0.286,10.57
989,-14.15,20,23,47,0.681,0.8,0.344,9.77
990,-26.144,16,21,42,0.69,0.8,0.276,9.72
991,35.665,25,18,49,0.694,0.778,0.235,12.04
992,-14.711,15,18,39,0.59,0.75,0.261,6.6
993,48.98,19,10,30,0.367,0.25,0.273,5.44
994,4.352,20,19,44,0.682,0.667,0.333,10.09
995,-97.659,13,32,52,0.558,0.625,0.31,13.29
996,-20.832,17,21,41,0.585,0.615,0.417,8.47
997,28.442,23,18,44,0.773,1.0,0.412,6.3
998,87.731,24,7,31,0.581,0.833,0.278,7.77
999,-27.501,17,22,41,0.659,0.846,0.407,10.84
1000,-30.36,14,20,38,0.632,0.667,0.292,13.11
1001,25.751,22,17,42,0.714,0.429,0.333,11.37
1002,50.996,27,17,47,0.702,0.4,0.364,7.99
1003,-61.54,18,30,50,0.7,0.6,0.429,9.85
1004,30.776,16,10,27,0.481,0.5,0.308,6.44
1005,-94.327,14,32,56,0.625,0.56,0.286,14.55
1006,-13.856,22,25,50,0.5,0.5,0.48,7.88
1007,-6.006,22,23,49,0.653,0.619,0.25,10.07
1008,-8.832,25,27,57,0.544,0.519,0.323,12.82
1009,-10.676,23,25,53,0.679,0.765,0.278,11.61
1010,10.526,19,17,39,0.667,0.8,0.231,6.45
1011,10.797,18,16,35,0.714,0.778,0.4,7.72
1012,-64.979,11,24,40,0.575,0.5,0.304,9.68
1013,-15.179,19,22,47,0.638,0.6,0.3,10.65
1014,-102.445,13,33,49,0.714,0.762,0.314,10.6
1015,-1.727,19,20,39,0.59,0.5,0.304,7.39
1016,-51.827,15,25,44,0.705,0.857,0.29,10.33
1017,66.67,22,9,34,0.412,0.286,0.286,5.27
1018,23.208,20,16,38,0.737,0.75,0.286,9.38
1019,50.38,23,13,42,0.619,0.714,0.308,8.5
1020,-4.336,14,15,33,0.606,0.4,0.25,7.61
1021,-15.275,19,22,48,0.729,0.812,0.286,9.5
1022,-91.082,19,37,57,0.561,0.609,0.281,10.94
1023,71.499,27,13,41,0.61,0.6,0.36,4.96
1024,-51.348,15,25,43,0.581,0.625,0.32,11.75
1025,21.927,17,13,34,0.588,0.5,0.3,8.76
1026,21.172,21,17,41,0.707,0.778,0.241,8.82
1027,-56.206,15,26,47,0.766,0.857,0.25,10.18
1028,27.674,17,12,31,0.613,0.333,0.368,8.69
1029,57.878,28,17,48,0.604,0.857,0.31,6.1
1030,-62.165,15,27,45,0.778,0.933,0.257,10.23
1031,24.811,17,12,37,0.541,0.5,0.35,7.72
1032,16.302,20,17,39,0.641,0.667,0.36,9.32
1033,-41.663,17,25,46,0.696,0.667,0.281,9.87
1034,-51.654,14,24,39,0.564,0.647,0.318,10.2
1035,48.917,23,14,41,0.659,0.667,0.259,5.77
1036,-45.028,15,24,43,0.674,0.7,0.276,11.63
1037,20.213,21,17,42,0.667,0.8,0.321,7.24
1038,21.551,23,19,47,0.702,0.818,0.303,7.22
1039,50.093,23,13,41,0.732,0.778,0.333,7.28
1040,-28.162,17,22,44,0.773,0.667,0.294,10.59
1041,32.466,21,15,40,0.425,0.455,0.353,5.7
1042,14.836,18,15,36,0.639,0.875,0.348,8.68
1043,41.735,19,11,35,0.686,1.0,0.25,7.9
1044,-42.048,20,28,53,0.566,0.667,0.4,8.84
1045,-6.387,15,16,36,0.833,0.889,0.333,8.02
1046,-13.728,17,20,39,0.641,0.667,0.32,6.9
1047,15.554,23,20,47,0.574,0.6,0.407,10.21
1048,-23.121,18,23,46,0.804,0.875,0.297,9.19
1049,-79.35,16,31,49,0.633,0.571,0.323,11.22
1050,101.415,28,8,36,0.75,1.0,0.259,3.96
1051,21.576,22,18,43,0.651,0.667,0.286,6.52
1052,-8.417,19,21,42,0.738,0.769,0.258,12.02
1053,0.496,19,19,39,0.615,1.0,0.417,8.62
1054,-26.28,15,20,46,0.696,1.0,0.25,11.6
1055,36.53,21,14,37,0.622,0.778,0.348,6.63
1056,-19.324,13,17,35,0.686,0.667,0.292,7.96
1057,12.127,16,14,32,0.406,0.125,0.308,11.13
1058,-19.857,14,18,39,0.821,0.667,0.438,9.5
1059,-35.589,17,24,46,0.609,0.692,0.286,11.07
1060,30.664,23,17,46,0.63,0.769,0.241,7.76
1061,-24.977,16,21,42,0.571,0.6,0.333,8.2
1062,41.057,23,15,40,0.425,0.571,0.588,10.19
1063,-30.337,17,23,44,0.727,0.833,0.312,6.54
1064,16.294,21,18,43,0.721,0.8,0.29,11.17
1065,32.117,21,15,39,0.718,0.5,0.357,6.47
1066,46.82,23,14,39,0.718,1.0,0.357,8.91
1067,21.024,18,14,35,0.743,0.571,0.269,6.67
1068,57.744,26,15,44,0.591,0.385,0.308,5.59
1069,-71.591,9,23,36,0.472,0.615,0.412,11.78
1070,-3.895,20,21,44,0.705,0.6,0.419,11.82
1071,-20.122,17,21,43,0.721,0.889,0.258,9.67
1072,-26.073,18,23,46,0.674,0.5,0.323,9.56
1073,-68.662,20,33,61,0.689,0.688,0.262,15.69
1074,-5.683,17,18,38,0.632,0.8,0.292,10.29
1075,-103.207,11,31,46,0.739,0.842,0.235,12.76
1076,0.255,21,21,48,0.771,0.846,0.243,10.51
1077,21.91,16,12,31,0.774,0.333,0.333,7.95
1078,7.054,19,18,41,0.683,0.733,0.321,10.47
1079,52.605,26,16,43,0.651,0.538,0.286,8.13
1080,11.483,23,21,46,0.783,0.889,0.306,10.2
1081,41.617,19,11,32,0.75,0.75,0.292,9.63
1082,78.963,20,5,27,0.593,0.0,0.375,6.42
1083,-15.841,22,25,50,0.54,0.6,0.296,7.93
1084,6.884,17,16,34,0.588,0.5,0.3,8.02
1085,-39.477,13,21,40,0.675,0.769,0.259,11.08
1086,23.842,24,19,47,0.681,0.571,0.375,8.66
1087,-58.309,15,26,45,0.689,0.9,0.258,9.18
1088,-67.216,16,29,47,0.596,0.632,0.214,13.51
1089,-50.487,13,23,38,0.658,0.583,0.36,13.36
1090,-47.613,18,27,47,0.66,0.333,0.29,8.06
1091,45.176,24,15,43,0.674,0.5,0.379,4.9
1092,-41.956,16,24,41,0.537,0.375,0.455,9.1
1093,-37.478,20,27,51,0.706,1.0,0.333,14.34
1094,11.299,24,22,51,0.647,0.706,0.242,8.52
1095,-9.021,19,21,45,0.667,0.7,0.267,8.67
1096,-45.238,17,26,46,0.522,0.556,0.292,8.18
1097,51.683,27,17,47,0.596,0.5,0.357,6.38
1098,88.23,28,11,43,0.628,0.909,0.296,8.49
1099,45.043,24,16,41,0.488,0.714,0.3,6.76
1100,-0.227,17,17,41,0.659,0.667,0.37,8.33
1101,-87.264,13,30,45,0.578,0.667,0.308,10.56
1102,30.013,24,18,42,0.738,0.9,0.323,8.62
1103,42.832,19,11,36,0.778,0.75,0.286,6.01
1104,1.821,20,20,44,0.523,0.538,0.304,8.28
1105,-4.036,11,12,26,0.577,0.0,0.333,9.07
1106,-34.975,23,30,54,0.5,0.412,0.259,9.41
1107,42.091,24,16,43,0.628,0.556,0.37,6.18
1108,-8.85,18,20,39,0.615,0.6,0.333,9.58
1109,-35.513,14,21,39,0.538,0.625,0.333,8.01
1110,-41.208,17,25,48,0.688,0.538,0.303,7.06
1111,45.434,24,15,43,0.744,0.571,0.281,8.42
1112,36.439,21,14,37,0.649,0.857,0.292,8.7
1113,-55.463,19,30,53,0.679,0.706,0.333,11.18
1114,-33.504,19,25,49,0.694,0.667,0.294,7.84
1115,-62.947,18,30,51,0.431,0.435,0.273,13.79
1116,32.031,25,19,48,0.708,0.25,0.294,7.12
1117,37.608,25,18,49,0.653,0.938,0.406,9.82
1118,36.378,21,14,39,0.692,0.7,0.296,7.82
1119,12.424,16,14,38,0.632,0.0,0.333,9.64
1120,30.672,23,17,40,0.65,0.667,0.385,5.08
1121,-39.367,22,30,58,0.724,0.833,0.286,13.85
1122,-15.288,22,25,50,0.66,0.5,0.303,11.35
1123,58.595,17,6,25,0.6,1.0,0.467,4.54
1124,-9.776,21,23,45,0.511,0.615,0.304,9.73
1125,22.438,26,22,51,0.784,0.733,0.275,7.8
1126,-29.967,18,24,44,0.773,0.818,0.382,9.41
1127,19.992,24,20,47,0.638,0.769,0.233,10.21
1128,-60.173,17,29,50,0.62,0.706,0.258,9.09
1129,17.651,22,19,42,0.69,0.733,0.414,11.76
1130,-19.524,17,21,42,0.667,0.6,0.571,10.45
1131,57.644,19,8,31,0.516,0.4,0.312,6.55
1132,-41.06,17,25,47,0.617,0.444,0.345,10.28
1133,14.293,20,17,40,0.625,0.6,0.44,8.19
1134,-44.951,18,27,47,0.723,0.692,0.294,8.87
1135,32.962,18,12,30,0.667,0.0,0.4,6.08
1136,27.64,18,13,33,0.667,1.0,0.409,6.92
1137,45.564,21,12,36,0.583,1.0,0.333,6.43
1138,-35.594,15,22,43,0.628,0.833,0.259,9.91
1139,4.956,23,22,49,0.673,0.812,0.364,8.4
1140,-8.53,20,22,45,0.733,0.727,0.394,11.47
1141,57.287,26,15,47,0.638,0.714,0.3,5.12
1142,48.633,18,9,29,0.586,1.0,0.353,6.15
1143,-29.168,20,26,48,0.688,0.833,0.303,11.54
1144,-39.975,21,29,52,0.596,0.762,0.355,12.2
1145,-44.317,18,27,48,0.604,0.615,0.31,11.39
1146,63.31,27,15,42,0.595,1.0,0.32,6.39
1147,-24.693,17,22,41,0.634,0.583,0.308,8.59
1148,8.11,23,22,49,0.612,0.4,0.367,8.84
1149,-15.487,15,18,38,0.579,0.5,0.273,10.68
1150,-57.601,20,31,57,0.544,0.667,0.355,14.75
1151,30.449,19,13,36,0.722,0.0,0.269,7.74
1152,1.924,23,23,51,0.706,0.733,0.278,9.67
1153,51.819,19,9,30,0.633,1.0,0.316,6.45
1154,35.62,18,11,33,0.606,0.0,0.35,7.07
1155,-66.101,17,30,50,0.6,0.588,0.333,10.16
1156,51.868,26,16,44,0.545,0.5,0.292,7.6
1157,-40.098,18,26,51,0.667,0.545,0.265,9.14
1158,-38.946,21,29,52,0.731,0.769,0.395,8.19
1159,25.909,19,14,36,0.722,0.857,0.269,8.97
1160,-55.15,16,27,45,0.733,0.615,0.212,10.43
1161,1.418,18,18,41,0.659,0.8,0.333,7.71
1162,-42.489,17,25,44,0.614,0.571,0.444,10.81
1163,77.628,24,9,38,0.684,1.0,0.308,5.5
1164,29.416,23,18,43,0.814,0.75,0.286,7.33
1165,-19.736,19,23,44,0.614,0.8,0.259,8.3
1166,71.445,24,10,37,0.757,0.0,0.25,4.69
1167,67.197,26,13,41,0.561,0.25,0.261,6.62
1168,47.924,22,13,37,0.649,0.667,0.292,5.74
1169,60.364,25,13,44,0.705,0.875,0.452,11.34
1170,1.489,25,25,56,0.679,0.708,0.289,7.71
1171,0.891,19,19,45,0.622,0.667,0.286,7.43
1172,51.427,24,14,39,0.59,0.667,0.435,7.17
1173,17.438,16,13,32,0.594,0.8,0.368,7.42
1174,39.997,25,17,44,0.5,0.25,0.409,8.12
1175,-25.355,18,23,43,0.628,0.667,0.296,12.91
1176,26.908,21,16,40,0.7,0.8,0.321,8.19
1177,-10.675,20,22,48,0.583,0.545,0.286,7.65
1178,-17.151,15,18,36,0.583,0.667,0.476,9.88
1179,6.809,19,18,38,0.632,0.667,0.25,5.53
1180,24.924,21,16,40,0.575,0.875,0.304,7.78
1181,25.621,25,20,46,0.652,0.786,0.233,6.35
1182,82.607,30,14,47,0.66,0.625,0.29,6.43
1183,-6.446,20,21,46,0.652,0.667,0.367,10.68
1184,39.954,18,11,34,0.618,0.667,0.238,6.4
1185,-44.88,14,23,42,0.619,0.875,0.346,12.34
1186,58.871,27,16,44,0.705,0.786,0.29,7.22
1187,-7.063,21,22,50,0.52,0.75,0.346,8.6
1188,-11.498,20,22,45,0.6,0.625,0.407,10.04
1189,-50.744,14,24,40,0.725,0.667,0.276,8.69
1190,73.977,23,9,34,0.647,0.0,0.364,6.73
1191,15.158,16,13,31,0.645,1.0,0.35,8.99
1192,2.206,21,21,46,0.717,0.25,0.303,9.08
1193,-55.15,15,26,43,0.674,0.727,0.31,12.57
1194,-67.805,14,27,45,0.6,0.714,0.333,10.64
1195,-49.986,18,28,50,0.7,0.909,0.257,10.57
1196,-7.397,17,18,38,0.579,0.8,0.409,7.47
1197,49.313,24,15,42,0.786,0.8,0.333,5.8
1198,65.093,28,16,48,0.438,0.375,0.286,7.04
1199,-16.581,18,21,43,0.512,0.778,0.318,10.58
1200,-21.151,21,25,47,0.617,0.692,0.31,8.64
1201,21.276,18,14,33,0.606,0.0,0.25,7.35
1202,-17.958,22,26,50,0.56,0.526,0.357,8.36
1203,-4.284,21,22,46,0.652,0.625,0.3,12.53
1204,-52.612,20,30,55,0.727,0.765,0.35,9.61
1205,-7.777,22,24,49,0.673,0.643,0.303,12.35
1206,46.718,24,15,41,0.756,0.5,0.355,7.83
1207,44.329,25,17,45,0.644,0.6,0.276,9.67
1208,88.783,24,7,38,0.711,0.571,0.37,6.97
1209,-0.198,17,17,35,0.629,0.917,0.273,8.52
1210,65.934,24,11,44,0.591,0.571,0.346,7.67
1211,10.277,21,19,44,0.409,0.562,0.333,8.41
1212,16.429,21,18,41,0.659,0.625,0.259,6.58
1213,0.121,22,22,51,0.706,0.8,0.361,7.49
1214,51.155,26,16,44,0.773,1.0,0.265,7.27
1215,17.159,19,16,38,0.737,0.818,0.25,9.89
1216,52.45,24,14,40,0.475,0.375,0.316,5.64
1217,-8.464,17,19,43,0.581,0.571,0.24,7.17
1218,-5.298,19,20,41,0.585,0.571,0.25,9.4
1219,4.764,15,14,33,0.545,0.25,0.389,7.15
1220,-10.197,21,23,46,0.565,0.714,0.269,9.31
1221,-4.562,20,21,45,0.711,0.818,0.281,8.68
1222,26.731,21,16,41,0.585,0.5,0.5,9.01
1223,2.901,23,23,46,0.587,0.462,0.37,6.67
1224,-31.288,18,24,44,0.705,0.6,0.387,10.09
1225,-86.477,14,31,53,0.755,0.76,0.25,11.0
1226,54.063,23,13,39,0.667,1.0,0.346,6.45
1227,-39.625,15,23,45,0.778,0.625,0.314,10.84
1228,5.937,19,18,39,0.667,0.625,0.231,8.47
1229,-9.358,19,21,45,0.711,0.6,0.281,9.98
1230,12.122,25,23,52,0.615,0.667,0.312,7.93
1231,6.722,21,20,44,0.614,0.786,0.259,9.86
1232,92.708,24,6,37,0.649,0.6,0.458,7.88
1233,63.252,22,10,33,0.515,0.778,0.353,6.92
1234,46.744,27,18,52,0.712,0.846,0.27,8.79
1235,-58.977,22,33,59,0.763,0.792,0.244,9.89
1236,67.821,19,6,25,0.64,0.0,0.25,5.36
1237,-38.409,16,24,43,0.651,0.688,0.357,12.11
1238,18.457,20,17,40,0.875,1.0,0.429,7.69
1239,32.493,25,19,45,0.689,0.667,0.323,8.2
1240,69.106,24,11,35,0.429,0.545,0.533,9.23
1241,54.85,30,20,58,0.724,0.778,0.333,7.08
1242,62.595,19,7,26,0.769,0.0,0.4,4.61
1243,10.001,19,17,38,0.632,0.75,0.417,6.88
1244,56.965,24,13,40,0.775,1.0,0.387,8.93
1245,25.524,20,15,39,0.718,0.75,0.357,11.15
1246,5.189,21,20,43,0.651,0.857,0.286,11.42
1247,-40.341,15,23,42,0.69,1.0,0.345,10.7
1248,-13.77,25,28,54,0.667,0.786,0.278,11.51
1249,-19.811,15,19,36,0.583,0.6,0.429,6.23
1250,-4.195,20,21,42,0.5,0.5,0.286,7.63
1251,6.484,21,20,42,0.548,0.667,0.304,9.98
1252,-4.664,17,18,40,0.675,0.333,0.259,11.95
1253,14.167,23,20,49,0.531,0.765,0.269,8.48
1254,75.134,28,13,47,0.723,1.0,0.294,6.41
1255,33.03,22,16,39,0.564,0.571,0.364,7.74
1256,7.494,22,21,47,0.723,0.818,0.324,11.94
1257,35.908,23,16,41,0.683,0.875,0.25,9.73
1258,22.213,23,19,44,0.545,0.667,0.25,8.82
1259,17.196,18,15,33,0.606,0.5,0.4,5.69
1260,38.447,21,14,38,0.658,0.333,0.32,6.59
1261,-8.272,21,23,47,0.596,0.5,0.464,12.99
1262,-39.595,13,21,37,0.514,0.714,0.263,10.18
1263,72.261,31,17,49,0.735,0.75,0.306,6.56
1264,-18.457,24,28,56,0.554,0.474,0.323,17.07
1265,25.732,17,12,31,0.387,0.0,0.333,8.88
1266,12.073,22,20,45,0.622,0.6,0.321,10.68
1267,27.582,23,18,45,0.711,0.846,0.281,10.23
1268,10.729,19,17,40,0.725,0.333,0.379,6.71
1269,-35.616,20,27,50,0.56,0.632,0.286,8.49
1270,41.577,23,15,40,0.65,0.875,0.385,7.87
1271,3.421,16,15,34,0.529,0.5,0.389,8.53
1272,-4.265,18,19,40,0.65,0.818,0.269,8.3
1273,22.339,22,18,41,0.463,0.25,0.263,7.33
1274,-0.786,19,19,39,0.615,0.75,0.333,8.13
1275,-51.092,19,29,51,0.549,0.632,0.321,12.29
1276,36.146,27,20,51,0.667,0.778,0.294,10.48
1277,-24.705,17,22,42,0.667,0.733,0.321,8.52
1278,46.388,26,17,48,0.604,0.667,0.31,11.68
1279,-0.412,16,16,34,0.618,1.0,0.333,7.8
1280,-56.55,18,29,50,0.66,0.722,0.273,10.71
1281,-37.125,25,32,60,0.8,0.889,0.396,12.78
1282,-4.61,18,19,37,0.595,0.875,0.364,8.05
1283,-52.297,16,26,47,0.702,0.786,0.364,10.62
1284,4.561,17,16,37,0.703,0.857,0.269,9.65
1285,-51.358,13,23,39,0.487,0.429,0.316,9.92
1286,-58.196,19,30,58,0.672,0.85,0.256,10.57
1287,36.359,23,16,40,0.6,0.75,0.333,5.68
1288,-24.196,21,26,49,0.694,0.625,0.412,11.62
1289,-22.347,18,22,46,0.652,0.722,0.233,7.12
1290,8.338,23,22,47,0.681,0.696,0.25,10.9
1291,15.722,23,20,48,0.667,0.857,0.25,9.44
1292,-15.706,19,22,43,0.651,0.75,0.321,12.58
1293,-82.072,17,33,52,0.731,0.769,0.316,11.01
1294,-62.14,19,31,53,0.66,0.714,0.429,13.01
1295,-8.425,17,19,39,0.641,0.8,0.36,10.05
1296,0.766,24,24,49,0.673,0.706,0.273,11.91
1297,25.714,21,16,42,0.619,0.5,0.346,10.66
1298,-41.943,23,31,58,0.672,0.696,0.41,13.32
1299,37.202,20,13,36,0.75,1.0,0.333,7.76
1300,10.757,16,14,36,0.528,0.6,0.263,8.76
1301,8.896,20,18,45,0.644,0.833,0.414,8.72
1302,13.967,21,18,44,0.5,0.571,0.273,8.9
1303,30.119,20,14,39,0.538,0.667,0.286,8.41
1304,37.806,20,13,38,0.789,0.5,0.4,7.43
1305,48.941,27,18,48,0.625,0.588,0.367,7.18
1306,3.987,27,26,56,0.732,0.87,0.268,10.64
1307,12.153,18,16,34,0.647,0.6,0.409,6.37
1308,-9.188,21,23,47,0.532,0.714,0.28,6.94
1309,7.027,16,15,40,0.55,0.5,0.273,8.23
1310,-54.919,10,21,37,0.676,0.667,0.24,8.1
1311,-33.299,20,27,48,0.646,0.4,0.355,7.81
1312,63.263,21,9,33,0.697,0.0,0.261,4.6
1313,-35.459,17,24,46,0.565,0.455,0.346,7.94
1314,21.65,19,15,35,0.657,0.8,0.304,10.35
1315,-10.095,22,24,48,0.583,0.5,0.286,7.02
1316,-39.877,17,25,47,0.766,1.0,0.306,13.02
1317,25.941,26,21,50,0.6,0.615,0.267,7.05
1318,21.868,18,14,37,0.649,0.8,0.25,8.95
1319,-35.28,21,28,54,0.63,0.526,0.324,13.05
1320,-31.046,16,22,39,0.744,0.5,0.276,10.31
1321,27.237,23,18,44,0.614,0.5,0.37,9.65
1322,-14.623,19,22,45,0.578,0.5,0.269,14.18
1323,11.298,19,17,39,0.692,0.75,0.333,9.0
1324,-36.248,17,24,43,0.581,0.684,0.4,13.71
1325,34.38,22,16,39,0.538,0.6,0.333,7.23
1326,0.273,19,19,42,0.81,1.0,0.353,9.62
1327,-41.141,20,28,51,0.608,0.818,0.29,11.92
1328,31.996,24,18,46,0.587,0.5,0.407,12.6
1329,42.125,17,9,32,0.531,0.667,0.353,7.93
1330,-12.766,23,26,55,0.655,0.5,0.361,10.31
1331,36.661,25,18,46,0.804,1.0,0.297,5.93
1332,-17.707,20,24,47,0.702,0.737,0.364,9.8
1333,46.259,25,16,43,0.791,0.833,0.294,7.76
1334,0.602,19,19,43,0.674,0.5,0.241,7.53
1335,-54.769,18,29,49,0.714,0.667,0.343,14.21
1336,-32.197,22,28,51,0.725,0.706,0.324,9.26
1337,73.308,26,12,42,0.643,1.0,0.444,5.84
1338,92.322,27,9,39,0.744,1.0,0.379,6.97
1339,-9.785,16,18,36,0.417,0.333,0.333,8.29
1340,-31.072,17,23,43,0.721,0.818,0.29,12.83
1341,45.41,23,14,43,0.605,0.667,0.385,7.61
1342,79.213,22,7,32,0.688,0.333,0.364,6.42
1343,58.378,27,16,45,0.667,0.667,0.233,7.3
1344,26.083,14,9,26,0.577,0.6,0.333,7.24
1345,37.297,25,18,49,0.694,0.786,0.441,9.61
1346,-4.04,19,20,43,0.628,0.667,0.37,8.28
1347,67.111,26,13,40,0.575,0.769,0.435,8.0
1348,20.559,19,15,37,0.757,1.0,0.321,9.49
1349,24.016,17,12,39,0.385,0.5,0.333,8.09
1350,-24.891,19,24,53,0.698,0.857,0.378,10.79
1351,20.411,16,12,34,0.618,0.75,0.286,7.01
1352,-97.928,13,32,47,0.617,0.765,0.276,14.63
1353,10.205,19,17,42,0.619,0.833,0.308,7.1
1354,25.778,23,18,42,0.667,0.6,0.393,7.87
1355,-31.524,16,22,44,0.727,0.846,0.312,10.33
1356,71.461,28,14,45,0.733,0.625,0.273,7.54
1357,16.667,17,14,32,0.688,1.0,0.273,6.74
1358,-25.323,17,22,47,0.617,0.8,0.276,11.22
1359,-26.156,18,23,53,0.811,0.625,0.302,11.45
1360,84.247,24,8,33,0.697,0.5,0.391,6.02
1361,0.733,19,19,42,0.571,0.875,0.292,10.51
1362,46.678,19,10,30,0.633,1.0,0.316,4.88
1363,-14.305,19,22,45,0.711,0.667,0.312,7.01
1364,20.299,26,22,52,0.712,0.667,0.27,9.47
1365,51.253,29,19,51,0.667,0.769,0.206,9.01
1366,-60.241,17,29,48,0.604,0.529,0.241,13.94
1367,6.278,16,15,32,0.688,0.857,0.318,9.0
1368,-94.452,14,32,49,0.694,0.765,0.265,11.74
1369,44.189,24,16,42,0.643,0.615,0.444,8.52
1370,-8.266,24,26,55,0.618,0.571,0.324,10.02
1371,62.837,27,15,44,0.659,0.875,0.31,8.0
1372,45.845,30,21,55,0.691,0.684,0.263,8.05
1373,15.352,18,15,36,0.667,0.667,0.292,9.35
1374,51.851,28,18,50,0.66,0.667,0.273,9.31
1375,-66.191,8,21,34,0.647,0.875,0.318,9.33
1376,-24.452,19,24,46,0.609,0.571,0.357,10.34
1377,-14.695,19,22,44,0.75,0.889,0.273,7.69
1378,-31.589,16,22,42,0.524,0.7,0.318,11.32
1379,31.54,18,12,32,0.562,0.571,0.278,8.78
1380,-70.086,20,34,60,0.667,0.636,0.3,12.57
1381,32.089,18,12,34,0.588,0.8,0.25,7.66
1382,-44.021,17,25,45,0.756,0.846,0.324,11.35
1383,2.157,25,25,55,0.545,0.571,0.267,9.15
1384,22.241,22,18,45,0.6,0.818,0.37,12.07
1385,63.458,25,13,41,0.537,0.5,0.318,7.37
1386,-68.205,19,32,54,0.667,0.667,0.25,15.19
1387,-27.212,19,24,49,0.673,0.75,0.242,11.41
1388,-15.439,17,20,45,0.711,0.833,0.312,10.14
1389,63.606,26,14,43,0.558,0.429,0.333,10.73
1390,51.216,26,16,45,0.578,0.667,0.308,6.29
1391,28.628,24,18,46,0.652,0.688,0.3,7.28
1392,14.408,20,17,39,0.513,0.333,0.45,9.13
1393,-51.891,20,30,55,0.564,0.583,0.29,14.53
1394,-14.822,22,25,49,0.714,0.923,0.257,10.74
1395,76.482,29,14,47,0.468,0.643,0.273,7.77
1396,12.06,26,24,52,0.596,0.588,0.29,12.44
1397,79.518,27,12,39,0.641,0.583,0.44,6.24
1398,-59.993,20,32,52,0.827,0.923,0.326,14.55
1399,-26.861,16,22,40,0.725,0.818,0.276,11.04
1400,-77.626,11,26,45,0.711,1.0,0.375,10.99
1401,-23.301,23,28,54,0.574,0.783,0.258,10.28
1402,99.696,28,9,37,0.649,0.333,0.417,4.94
1403,-47.611,17,26,44,0.636,0.857,0.393,8.99
1404,41.719,22,14,37,0.486,0.727,0.389,7.31
1405,1.552,21,21,44,0.682,0.846,0.3,11.95
1406,40.531,21,13,38,0.711,0.667,0.407,8.68
1407,-3.11,21,22,45,0.644,1.0,0.31,9.39
1408,-33.771,20,27,51,0.745,0.941,0.263,10.36
1409,22.954,24,20,45,0.578,0.375,0.269,6.34
1410,62.401,30,18,49,0.714,0.667,0.229,6.51
1411,17.306,20,17,45,0.6,0.667,0.296,10.56
1412,53.286,29,19,49,0.633,0.889,0.323,8.49
1413,-65.67,8,21,34,0.647,1.0,0.364,8.85
1414,66.596,23,10,35,0.6,1.0,0.381,5.91
1415,52.943,28,18,48,0.729,1.0,0.286,6.95
1416,41.655,24,16,45,0.689,0.8,0.29,9.34
1417,31.005,23,17,42,0.643,0.556,0.296,9.56
1418,-13.689,22,25,50,0.58,0.667,0.241,11.37
1419,52.742,19,9,30,0.7,0.0,0.333,8.28
1420,38.552,17,10,29,0.517,0.0,0.4,6.34
1421,-36.517,24,31,57,0.789,0.714,0.267,10.58
1422,70.036,29,15,47,0.617,0.75,0.379,7.72
1423,-31.257,19,25,47,0.745,0.8,0.286,10.11
1424,31.865,29,23,57,0.789,0.8,0.289,10.49
1425,43.914,27,19,48,0.729,0.818,0.314,9.54
1426,31.352,22,16,42,0.619,0.625,0.385,8.49
1427,-94.189,13,31,47,0.702,0.909,0.364,11.49
1428,55.725,27,16,47,0.617,0.667,0.379,8.2
1429,50.008,23,13,41,0.659,0.818,0.37,7.71
1430,-91.54,11,29,46,0.609,0.632,0.321,13.57
1431,-38.155,12,20,35,0.657,0.667,0.348,8.17
1432,51.521,20,10,32,0.5,0.0,0.375,6.28
1433,-66.414,15,28,47,0.617,0.917,0.31,11.19
1434,67.274,29,16,47,0.617,0.727,0.276,6.55
1435,66.36,26,13,41,0.634,0.8,0.346,5.62
1436,83.296,24,8,36,0.667,0.5,0.292,7.47
1437,0.422,20,20,44,0.682,0.556,0.3,9.48
1438,29.161,22,17,39,0.538,0.25,0.381,8.02
1439,15.953,19,16,38,0.816,0.0,0.29,8.62
1440,-9.256,21,23,47,0.681,0.714,0.312,11.48
1441,-10.626,21,23,45,0.667,0.857,0.3,10.3
1442,119.489,29,6,39,0.641,0.0,0.32,5.44
1443,83.945,21,5,26,0.462,0.0,0.667,3.92
1444,35.977,23,16,43,0.698,0.5,0.367,6.91
1445,20.587,19,15,38,0.684,1.0,0.308,8.51
1446,-29.078,15,21,38,0.632,0.667,0.292,8.14
1447,31.484,24,18,45,0.867,1.0,0.282,10.14
1448,28.105,24,19,45,0.667,0.778,0.267,12.13
1449,-30.956,12,18,32,0.719,1.0,0.261,9.45
1450,5.101,21,20,45,0.622,0.8,0.357,8.61
1451,49.489,24,14,44,0.727,0.75,0.344,5.41
1452,71.896,29,15,44,0.727,0.714,0.281,7.96
1453,-35.213,18,25,43,0.651,0.75,0.321,10.4
1454,46.47,19,10,32,0.844,1.0,0.444,7.49
1455,46.134,20,11,32,0.75,0.8,0.333,6.72
1456,88.975,29,12,42,0.571,0.8,0.333,8.51
1457,-13.751,17,20,41,0.659,0.667,0.333,8.35
1458,-47.806,14,23,40,0.7,0.909,0.286,9.23
1459,-78.709,15,30,52,0.692,0.773,0.361,14.21
1460,15.679,17,14,33,0.667,1.0,0.364,7.28
1461,41.819,26,18,49,0.735,0.933,0.278,10.18
1462,77.504,25,10,37,0.703,0.5,0.308,5.69
1463,-5.085,16,17,35,0.629,0.714,0.364,9.75
1464,26.405,24,19,45,0.622,0.8,0.321,10.28
1465,16.929,20,17,42,0.667,0.667,0.429,10.13
1466,3.385,18,17,36,0.583,0.6,0.333,5.92
1467,6.174,21,20,42,0.69,1.0,0.379,8.43
1468,-22.111,20,24,47,0.723,0.933,0.294,8.81
1469,20.17,22,18,47,0.723,0.571,0.265,7.1
1470,109.476,28,7,38,0.684,1.0,0.308,4.51
1471,1.553,20,20,41,0.585,0.667,0.292,6.8
1472,48.732,22,13,38,0.658,1.0,0.44,9.6
1473,45.747,20,11,37,0.676,0.778,0.32,8.0
1474,21.43,23,19,46,0.609,0.778,0.357,8.33
1475,21.567,21,17,42,0.548,0.583,0.261,6.95
1476,77.835,19,4,28,0.679,0.0,0.421,4.5
1477,-21.252,19,23,44,0.705,0.923,0.29,8.23
1478,-15.007,21,24,49,0.653,0.688,0.281,8.96
1479,31.698,18,12,35,0.6,0.455,0.238,9.46
1480,21.252,23,19,45,0.822,1.0,0.216,9.36
1481,52.232,23,13,41,0.732,0.0,0.467,8.79
1482,11.854,23,21,46,0.783,0.714,0.306,6.95
1483,-4.639,16,17,39,0.718,0.667,0.321,9.94
1484,19.967,22,18,42,0.619,0.706,0.385,7.17
1485,20.56,19,15,35,0.6,0.923,0.381,11.21
1486,54.938,29,18,48,0.667,0.75,0.25,7.48
1487,61.946,22,10,33,0.606,1.0,0.35,5.62
1488,-30.311,19,25,49,0.857,1.0,0.286,7.72
1489,-13.837,19,22,42,0.619,0.769,0.269,9.49
1490,36.656,20,13,35,0.6,0.833,0.333,8.33
1491,-28.747,21,27,54,0.667,0.75,0.306,14.37
1492,-9.938,20,22,45,0.667,0.812,0.333,10.84
1493,47.868,20,11,34,0.676,0.0,0.304,6.99
1494,62.791,25,13,42,0.667,1.0,0.321,5.06
1495,19.377,21,17,41,0.659,0.875,0.259,9.32
1496,46.777,26,17,46,0.783,0.857,0.306,5.9
1497,68.666,19,6,27,0.704,0.0,0.368,7.07
1498,23.723,20,15,41,0.61,0.714,0.32,5.3
1499,11.73,19,17,42,0.738,0.846,0.323,12.41
1500,88.628,33,16,50,0.76,0.882,0.342,9.07
