"# mode=none d_value=0 d=[0,0] p=0.50 dr=0 seed=1 topology=fixed ch=3 n_agents=5 obs_dim=34 n_episodes=60"
episode,sum_reward,success,fail,mean_delay
1,-44.942889298215974,8,17,0.0
2,-64.68489415586295,6,19,0.0
3,-55.270594168997185,7,18,0.0
4,-86.25549776864861,4,21,0.0
5,-66.13369729781007,6,19,0.0
6,-57.40083969176645,7,18,0.0
7,-56.31664407828384,7,18,0.0
8,-55.22362937839281,7,18,0.0
9,-56.0236817565685,7,18,0.0
10,-25.836611789865557,10,15,0.0
11,-56.35814542365996,7,18,0.0
12,-46.453953871267366,8,17,0.0
13,-26.57792820988237,10,15,0.0
14,-76.80820084510634,5,20,0.0
15,-56.15550906963845,7,18,0.0
16,-55.99665292443855,7,18,0.0
17,-46.924959756948496,8,17,0.0
18,-56.162043810307374,7,18,0.0
19,-77.2098409927162,5,20,0.0
20,-66.23013530859302,6,19,0.0
21,-54.91904736690141,7,18,0.0
22,-15.526431977304334,11,14,0.0
23,-55.37892705139322,7,18,0.0
24,-56.36936798487547,7,18,0.0
25,-35.671073862315964,9,16,0.0
26,-56.59012457052352,7,18,0.0
27,-45.28159707036421,8,17,0.0
28,-35.06837019011451,9,16,0.0
29,-35.31938136233519,9,16,0.0
30,-47.16689757872075,8,17,0.0
31,-57.41733077748026,7,18,0.0
32,-46.20959145733126,8,17,0.0
33,-45.900845284860495,8,17,0.0
34,-45.188443164545546,8,17,0.0
35,-66.74158208295046,6,19,0.0
36,-34.97386149940259,9,16,0.0
37,-36.22671791875055,9,16,0.0
38,-45.7512004157761,8,17,0.0
39,-55.88685375299866,7,18,0.0
40,-66.86417755446386,6,19,0.0
41,-77.29428402598015,5,20,0.0
42,-17.63290652246423,11,14,0.0
43,-56.776917066755864,7,18,0.0
44,-26.684739434757233,10,15,0.0
45,-56.14842374864284,7,18,0.0
46,-55.19101434852611,7,18,0.0
47,-35.527479898207204,9,16,0.0
48,-66.4599622905588,6,19,0.0
49,-66.89533678870293,6,19,0.0
50,-36.95627868704848,9,16,0.0
51,-46.02711990424209,8,17,0.0
52,-45.970164691960555,8,17,0.0
53,-46.81206643415338,8,17,0.0
54,-65.48678830434484,6,19,0.0
55,-55.891424604885316,7,18,0.0
56,-65.17761223272892,6,19,0.0
57,-66.22488476890592,6,19,0.0
58,-35.50641007892615,9,16,0.0
59,-35.63959913081937,9,16,0.0
60,-55.4161271446983,7,18,0.0
