"# mode=frozen d_value=0 d=[0,0] p=0.50 dr=0 seed=1 topology=fixed ch=3 fade=1(rho=0.70,sig=6.0) n_agents=5 obs_dim=34 n_episodes=30 ue=10"
episode,sum_reward,success,fail,mean_delay
1,-66.29977965361385,6,19,0.0
2,-25.543443443225357,10,15,0.0
3,-36.18686209240818,9,16,0.0
4,-16.44175626341097,11,14,0.0
5,-55.692349128109,7,18,0.0
6,-26.21139256775586,10,15,0.0
7,-55.65249379185518,7,18,0.0
8,-86.43316127370844,4,21,0.0
9,-56.03010841141859,7,18,0.0
10,-37.019372087209064,9,16,0.0
11,-36.031242260507405,9,16,0.0
12,-45.51921808604308,8,17,0.0
13,-55.828014720561185,7,18,0.0
14,-5.825930381221585,12,13,0.0
15,-65.27141463897041,6,19,0.0
16,-54.356004721153695,7,18,0.0
17,-85.73116570268596,4,21,0.0
18,-25.916242810177756,10,15,0.0
19,-48.27787493859405,8,17,0.0
20,-24.87999802876492,10,15,0.0
21,-45.11307780272462,8,17,0.0
22,-36.128932007299,9,16,0.0
23,-16.55277520876237,11,14,0.0
24,-25.74266694522187,10,15,0.0
25,-45.22321752387247,8,17,0.0
26,-35.97157825905761,9,16,0.0
27,-46.05948063482879,8,17,0.0
28,-77.1410166635474,5,20,0.0
29,-35.48578202181284,9,16,0.0
30,-55.65556266049127,7,18,0.0
