"# mode=none d_value=0 d=[0,0] p=0.50 dr=0 seed=1 topology=fixed ch=3 fade=1(rho=0.70,sig=6.0) n_agents=5 obs_dim=34 n_episodes=30 ue=10"
episode,sum_reward,success,fail,mean_delay
1,-36.538533392000645,9,16,0.0
2,-46.04903888263985,8,17,0.0
3,-44.697481097699885,8,17,0.0
4,-96.18017837688932,3,22,0.0
5,-36.454290369270865,9,16,0.0
6,-57.868998715091905,7,18,0.0
7,-46.886993490270974,8,17,0.0
8,-57.05704518112003,7,18,0.0
9,-66.15725975379505,6,19,0.0
10,-66.09272532601679,6,19,0.0
11,-25.570753776245542,10,15,0.0
12,-46.63348084851233,8,17,0.0
13,-47.42017687749671,8,17,0.0
14,-26.853225952364546,10,15,0.0
15,-66.2819899571399,6,19,0.0
16,-45.48609234915321,8,17,0.0
17,-16.78247685788531,11,14,0.0
18,-66.14157643918472,6,19,0.0
19,-36.56006877382375,9,16,0.0
20,-54.72412089769463,7,18,0.0
21,-36.41555383167337,9,16,0.0
22,-15.794492757748236,11,14,0.0
23,-35.448146112678636,9,16,0.0
24,-96.51452231908458,3,22,0.0
25,-76.07145026618178,5,20,0.0
26,-46.570506587930346,8,17,0.0
27,-55.10816505284217,7,18,0.0
28,-75.12656228307031,5,20,0.0
29,-36.183345783977956,9,16,0.0
30,-56.83177840335244,7,18,0.0
