"# dyn mode=none d=0 [0,0] route_mask=free lam_hot=0.60 ch=3 seed=1 eps=1500 ue=25"
episode,reward,success,fail,arrived,route_rate,cond_route_rate,top_share,load_std
1,-0.427,17,17,36,0.944,0.75,0.382,6.97
2,-42.319,18,26,45,0.956,1.0,0.326,10.52
3,-21.242,13,17,33,1.0,1.0,0.242,6.28
4,-4.894,16,17,35,1.0,1.0,0.314,4.98
5,-30.091,17,23,41,0.927,1.0,0.395,7.55
6,36.647,18,11,32,0.938,0.8,0.367,6.03
7,-40.946,17,25,47,0.894,1.0,0.31,12.58
8,-41.806,13,21,39,0.949,0.875,0.324,12.57
9,-69.57,13,26,42,0.929,0.909,0.282,9.64
10,-83.309,7,23,38,0.974,0.917,0.324,10.73
11,-75.795,13,28,44,0.932,1.0,0.415,11.08
12,-19.095,15,19,35,0.943,1.0,0.273,6.86
13,-76.567,12,27,43,0.93,0.857,0.425,12.99
14,-42.635,12,20,37,0.892,0.9,0.303,10.46
15,-29.739,15,21,39,0.872,0.75,0.265,10.17
16,-20.647,18,22,43,0.907,0.857,0.308,13.17
17,-15.34,16,19,40,0.95,1.0,0.368,11.66
18,-30.308,12,18,32,0.906,1.0,0.241,9.06
19,-19.83,14,18,33,0.939,1.0,0.355,8.35
20,-73.872,10,24,38,0.921,1.0,0.314,8.73
21,-76.69,9,24,37,0.946,0.9,0.371,12.44
22,-10.971,18,20,39,0.872,0.833,0.324,7.3
23,-71.554,16,30,47,0.915,1.0,0.326,11.46
24,-36.944,12,19,35,0.914,1.0,0.281,8.74
25,-77.053,11,26,44,0.955,1.0,0.31,12.35
26,-45.778,15,24,41,0.951,0.857,0.333,9.57
27,-106.739,10,31,44,0.909,0.833,0.325,13.01
28,-36.483,17,24,45,0.867,1.0,0.282,6.84
29,19.373,16,12,31,0.968,1.0,0.333,8.97
30,-40.413,16,24,48,0.896,0.895,0.302,11.34
31,4.891,20,19,41,0.878,0.75,0.278,5.85
32,13.666,24,21,48,0.896,1.0,0.256,8.13
33,-40.303,14,22,38,0.895,1.0,0.265,6.9
34,14.262,22,19,47,0.894,1.0,0.357,8.63
35,-56.512,15,26,45,0.956,1.0,0.349,11.34
36,-63.624,15,27,46,0.913,0.929,0.262,12.67
37,-14.828,17,20,37,0.973,0.857,0.306,9.32
38,-78.486,15,30,49,1.0,1.0,0.286,7.83
39,5.264,16,15,34,0.912,1.0,0.484,7.4
40,-47.916,17,26,44,0.932,0.9,0.317,7.09
41,-21.955,12,16,33,0.909,1.0,0.367,9.49
42,-36.077,17,24,45,0.911,0.923,0.39,13.76
43,-124.882,12,36,50,0.96,1.0,0.312,13.31
44,20.895,15,11,28,0.929,0.0,0.308,7.49
45,45.777,18,9,29,0.931,1.0,0.296,10.32
46,-82.214,13,29,46,0.891,0.929,0.341,10.54
47,-52.198,14,24,42,1.0,1.0,0.286,7.96
48,-58.031,14,25,43,0.884,0.8,0.447,12.82
49,-15.964,17,20,39,0.897,0.917,0.286,9.26
50,9.901,21,19,44,0.841,1.0,0.351,7.29
51,-16.123,21,24,47,0.894,1.0,0.333,7.42
52,-21.136,16,20,37,0.865,0.923,0.312,9.44
53,-26.317,18,23,43,0.86,0.857,0.324,9.65
54,-129.758,7,32,43,0.884,0.727,0.316,13.36
55,-14.152,16,19,36,0.917,0.8,0.333,7.18
56,8.097,21,19,42,0.905,1.0,0.342,5.73
57,30.052,23,17,41,0.854,0.889,0.314,7.63
58,-51.713,13,23,40,0.875,1.0,0.4,9.79
59,14.549,21,18,45,0.889,1.0,0.35,8.79
60,-59.638,19,30,56,0.857,0.727,0.312,11.53
61,-21.825,14,18,40,0.925,1.0,0.324,8.21
62,-0.663,22,22,46,0.87,0.9,0.4,8.97
63,-138.524,8,35,46,0.913,0.923,0.429,15.44
64,-5.378,18,19,40,0.85,0.7,0.324,11.43
65,-78.758,13,28,42,0.881,0.846,0.297,10.54
66,-114.615,13,35,50,0.88,0.895,0.386,11.88
67,-25.228,18,23,41,0.927,1.0,0.342,10.41
68,-36.528,16,23,44,0.864,0.667,0.5,16.66
69,8.483,20,18,43,0.907,1.0,0.256,10.84
70,-25.945,14,19,37,0.892,0.0,0.394,9.57
71,-22.005,15,19,37,0.919,0.5,0.324,12.2
72,-4.654,18,19,39,0.769,0.571,0.367,11.11
73,40.992,16,8,24,0.917,1.0,0.409,6.6
74,-52.592,18,28,48,0.917,1.0,0.341,13.12
75,70.703,26,12,40,0.8,1.0,0.469,6.83
76,-83.409,12,28,40,0.875,1.0,0.257,10.46
77,-17.282,18,21,41,0.805,0.75,0.303,9.5
78,14.873,21,18,40,0.925,0.833,0.405,7.38
79,-28.361,18,23,45,0.933,0.867,0.286,8.15
80,-16.525,17,20,42,0.881,0.9,0.297,9.78
81,-47.358,17,26,44,0.886,1.0,0.308,9.66
82,-73.205,13,27,40,0.925,0.9,0.297,8.62
83,-40.378,17,25,45,0.889,0.846,0.375,11.36
84,-43.645,15,23,40,0.85,0.917,0.353,11.14
85,-88.106,15,32,50,0.86,0.737,0.395,15.24
86,0.573,16,16,33,0.939,0.875,0.29,6.21
87,18.418,20,16,38,0.868,1.0,0.364,4.45
88,-28.377,20,25,50,0.88,0.833,0.318,10.1
89,-73.693,13,27,46,0.783,0.636,0.333,15.68
90,-75.015,15,29,48,0.854,0.917,0.268,8.78
91,-4.751,21,22,48,0.938,1.0,0.311,11.25
92,14.813,24,21,48,0.875,0.875,0.333,8.08
93,-62.417,20,32,57,1.0,1.0,0.351,13.78
94,-51.965,14,24,45,0.889,0.818,0.325,9.41
95,-25.741,19,24,47,0.872,0.8,0.317,11.9
96,-47.149,15,24,42,0.857,0.667,0.333,6.56
97,-36.035,20,27,50,0.8,0.692,0.375,11.75
98,-30.854,15,21,39,0.897,1.0,0.371,10.3
99,-15.967,19,22,45,0.8,0.833,0.306,6.05
100,-121.31,13,37,55,0.873,1.0,0.375,13.62
101,-135.59,10,36,51,0.863,0.923,0.318,9.28
102,-40.592,14,22,41,0.927,1.0,0.368,9.6
103,-46.94,22,31,58,0.914,0.8,0.509,10.99
104,-6.219,14,15,34,0.971,1.0,0.303,7.8
105,-158.222,10,40,51,0.902,1.0,0.326,11.93
106,-99.255,10,29,39,0.872,0.909,0.412,12.58
107,-125.277,11,35,50,0.94,1.0,0.277,10.61
108,-31.496,15,21,36,0.972,1.0,0.429,8.62
109,-10.627,16,18,36,0.917,0.0,0.273,5.45
110,-180.864,11,46,63,0.921,0.957,0.241,14.98
111,-63.765,15,27,44,0.886,0.8,0.359,11.29
112,-67.681,13,26,41,0.878,0.75,0.278,8.65
113,-2.352,20,20,47,0.872,1.0,0.293,8.84
114,-30.684,16,22,42,0.833,0.625,0.314,8.1
115,-11.768,19,21,45,0.756,0.667,0.265,11.23
116,-113.5,7,29,38,0.921,0.875,0.371,11.86
117,-68.215,15,28,46,0.913,0.9,0.238,8.56
118,-62.283,18,30,50,0.88,0.889,0.25,9.21
119,-82.894,11,27,44,0.864,0.833,0.289,11.83
120,-77.624,16,31,52,0.942,0.909,0.367,11.2
121,-32.298,16,22,41,0.927,0.667,0.289,9.12
122,-54.276,18,28,52,0.846,0.75,0.318,15.17
123,58.245,21,10,32,1.0,1.0,0.344,5.5
124,-119.17,9,32,46,0.913,0.8,0.262,10.22
125,-15.695,17,20,40,0.9,1.0,0.306,6.36
126,-107.111,9,30,42,0.929,0.923,0.308,11.38
127,-112.749,13,35,48,0.938,1.0,0.333,10.03
128,-66.623,15,28,44,0.955,1.0,0.405,9.08
129,-50.969,15,25,41,0.927,0.9,0.263,7.84
130,-72.473,11,25,39,0.923,1.0,0.417,11.3
131,35.589,20,13,40,0.925,1.0,0.351,7.37
132,-10.291,17,19,40,0.9,1.0,0.333,9.13
133,-83.659,14,30,48,0.875,0.737,0.286,12.01
134,-46.933,15,24,50,0.96,0.933,0.312,15.26
135,0.712,19,19,43,0.953,1.0,0.22,9.83
136,26.131,24,19,47,0.915,1.0,0.372,7.89
137,-20.677,12,16,31,0.839,1.0,0.385,5.98
138,-21.245,13,17,30,0.867,1.0,0.462,9.0
139,-1.734,16,16,36,0.861,0.8,0.323,8.01
140,-70.668,15,29,48,0.958,0.714,0.304,8.82
141,-0.679,16,16,36,0.972,1.0,0.371,11.23
142,-94.108,9,27,41,0.829,0.714,0.294,10.27
143,-51.837,12,22,35,0.886,0.6,0.419,8.79
144,-5.512,17,18,38,0.842,0.6,0.312,9.77
145,10.02,19,17,41,0.854,0.667,0.343,10.03
146,-82.716,12,28,41,0.902,0.8,0.351,7.52
147,-81.741,11,27,40,0.925,0.8,0.27,7.75
148,-118.421,12,35,51,0.882,0.792,0.333,14.97
149,-54.214,15,25,50,0.92,0.667,0.326,13.75
150,-9.563,21,23,46,0.87,0.833,0.325,11.52
151,-5.121,17,18,36,0.833,0.667,0.3,7.55
152,-11.004,15,17,34,0.882,1.0,0.367,6.84
153,6.687,18,17,36,0.944,1.0,0.382,8.14
154,-1.508,18,18,38,0.868,0.714,0.333,7.98
155,-92.543,10,28,41,0.854,0.778,0.314,14.43
156,-37.899,17,24,46,0.913,0.833,0.286,11.16
157,-37.567,15,22,41,0.78,0.9,0.281,11.94
158,-77.857,13,28,45,0.822,0.8,0.297,12.53
159,-19.973,16,20,39,0.846,1.0,0.242,7.73
160,-36.575,11,18,33,0.97,1.0,0.312,7.05
161,36.065,19,12,32,0.844,0.857,0.333,7.52
162,31.662,21,15,38,0.789,0.667,0.367,8.58
163,-104.677,12,32,51,0.863,0.941,0.341,11.53
164,-20.333,15,19,36,0.861,0.818,0.226,7.74
165,-26.821,20,25,47,0.872,0.889,0.341,13.8
166,-66.256,20,33,56,0.857,0.824,0.292,9.04
167,-98.663,8,27,36,0.833,0.75,0.267,9.44
168,10.102,13,11,25,0.88,1.0,0.364,9.09
169,-56.007,15,26,44,0.886,0.714,0.256,9.14
170,-45.344,11,20,34,0.853,0.6,0.414,8.23
171,-22.868,15,19,37,0.676,0.667,0.32,7.23
172,-56.475,17,28,49,0.898,0.786,0.364,11.96
173,4.952,21,20,44,0.795,0.75,0.457,8.79
174,-7.314,22,23,47,0.872,0.867,0.341,7.11
175,-87.21,15,32,51,0.843,0.769,0.326,9.36
176,-15.948,20,23,48,0.812,0.833,0.308,9.1
177,-76.547,13,28,49,0.918,1.0,0.333,11.68
178,39.137,17,9,30,0.933,0.0,0.321,6.28
179,-64.037,14,26,44,0.841,1.0,0.27,10.51
180,-47.946,12,21,35,0.8,0.857,0.321,10.16
181,-60.325,16,27,45,0.822,0.714,0.216,10.5
182,-32.786,20,26,49,0.878,1.0,0.349,9.46
183,-31.233,16,22,41,0.854,1.0,0.229,7.62
184,-15.628,20,23,48,0.792,0.75,0.395,12.17
185,22.411,20,15,40,0.875,1.0,0.286,5.94
186,19.387,19,15,40,0.725,0.833,0.31,10.59
187,19.192,20,16,39,0.897,1.0,0.343,9.59
188,-7.409,19,20,43,0.86,0.846,0.351,12.19
189,-60.682,15,27,45,0.844,0.571,0.447,12.55
190,57.44,23,12,38,0.868,1.0,0.303,7.35
191,5.165,14,13,28,0.786,1.0,0.273,7.84
192,-86.564,16,33,50,0.8,0.722,0.275,13.24
193,13.46,18,15,37,0.838,0.75,0.29,8.44
194,3.8,20,19,40,0.9,1.0,0.361,6.82
195,-31.779,13,19,37,0.892,1.0,0.242,9.83
196,-66.189,10,23,34,0.912,1.0,0.355,7.52
197,14.303,15,12,32,0.781,0.857,0.28,7.79
198,-57.773,17,28,51,0.961,1.0,0.306,12.17
199,-45.927,15,24,43,0.721,0.8,0.355,10.91
200,-63.684,21,33,60,0.85,0.958,0.216,9.89
201,-31.292,16,22,42,0.857,1.0,0.361,6.73
202,-67.266,12,25,39,0.872,0.889,0.412,13.07
203,-14.591,18,21,43,0.86,0.9,0.27,10.4
204,27.203,23,17,44,0.773,0.875,0.441,10.53
205,-9.812,13,15,31,0.871,0.0,0.296,7.75
206,-14.809,15,18,35,0.857,0.8,0.267,8.25
207,-104.562,8,28,42,0.833,0.818,0.314,10.77
208,38.558,25,17,44,0.886,1.0,0.41,7.62
209,-56.67,13,24,39,0.718,0.625,0.286,8.76
210,51.86,22,12,36,0.889,0.0,0.406,6.24
211,-30.725,19,25,45,0.911,0.909,0.317,9.8
212,78.309,23,8,34,0.912,1.0,0.452,5.09
213,-67.789,12,25,41,0.707,0.846,0.414,14.64
214,39.973,26,18,44,0.932,0.889,0.293,9.54
215,-94.05,6,24,35,0.657,0.529,0.261,13.72
216,35.157,20,13,34,0.735,0.667,0.28,7.57
217,-30.539,16,22,40,0.675,0.571,0.296,8.86
218,-57.87,16,27,45,0.844,1.0,0.263,11.57
219,-34.816,12,19,36,0.778,1.0,0.393,8.9
220,-30.937,19,25,46,0.848,0.818,0.359,8.3
221,-72.213,13,27,41,0.829,0.833,0.265,11.47
222,14.736,24,21,47,0.915,0.9,0.372,7.94
223,11.899,17,15,33,0.909,1.0,0.333,6.9
224,-103.777,14,34,52,0.885,0.882,0.283,13.33
225,-37.82,12,19,34,0.853,1.0,0.345,9.37
226,-52.914,12,22,39,0.923,1.0,0.361,12.93
227,-21.674,20,24,47,0.894,0.75,0.333,13.46
228,-0.331,21,21,45,0.867,0.833,0.385,12.61
229,62.767,21,9,30,0.867,1.0,0.308,4.34
230,-72.77,10,24,37,0.865,0.857,0.312,8.91
231,-20.781,18,22,43,0.93,0.0,0.275,5.62
232,40.579,25,17,45,0.844,0.917,0.289,8.66
233,-37.256,15,22,39,0.872,0.75,0.265,10.28
234,44.908,26,17,46,0.957,1.0,0.318,7.4
235,29.245,15,9,30,0.833,1.0,0.44,7.05
236,6.795,22,20,45,0.978,1.0,0.295,5.5
237,-9.681,21,23,50,0.94,1.0,0.489,10.68
238,-46.028,16,25,43,0.884,0.8,0.395,12.81
239,-69.752,19,32,54,0.963,0.882,0.404,17.38
240,-4.826,17,18,38,0.868,0.8,0.242,10.64
241,5.248,17,16,37,0.919,1.0,0.294,7.73
242,-98.691,11,30,44,0.864,0.778,0.263,11.3
243,-74.725,16,31,51,0.961,0.909,0.265,10.64
244,25.48,23,18,44,0.955,1.0,0.333,8.55
245,10.47,22,20,44,0.886,0.0,0.359,10.37
246,54.243,21,10,37,0.946,1.0,0.457,8.13
247,-50.692,16,26,47,0.83,1.0,0.282,8.57
248,-20.495,17,21,41,0.805,0.667,0.273,8.19
249,43.264,16,8,26,1.0,1.0,0.615,4.66
250,-104.293,13,33,54,0.907,0.833,0.306,9.89
251,46.091,23,14,39,0.949,1.0,0.243,7.93
252,-0.247,16,16,36,0.889,0.8,0.344,10.37
253,0.777,17,17,38,0.868,0.8,0.364,10.02
254,39.115,18,10,32,0.906,0.8,0.379,9.78
255,-5.684,17,18,39,0.846,0.875,0.394,8.1
256,-0.378,18,18,36,0.944,1.0,0.441,8.55
257,46.79,26,17,45,0.911,1.0,0.488,7.23
258,62.103,21,9,30,0.933,1.0,0.464,6.53
259,-87.875,13,30,50,0.9,0.889,0.356,11.87
260,-6.098,20,21,45,0.911,0.714,0.463,9.11
261,-51.937,17,27,49,0.878,1.0,0.349,9.78
262,-0.919,19,19,42,0.857,0.909,0.306,8.91
263,-99.448,13,32,48,0.812,0.789,0.333,13.88
264,-21.712,15,19,39,0.795,0.857,0.516,9.05
265,-36.002,16,23,42,0.81,1.0,0.353,8.41
266,-1.435,16,16,36,0.806,0.818,0.31,8.01
267,-16.794,11,14,25,0.88,0.75,0.364,7.56
268,37.544,20,13,34,0.824,0.6,0.393,6.51
269,9.165,18,16,43,0.721,1.0,0.323,9.99
270,-27.223,16,21,42,0.81,0.857,0.324,9.18
271,-82.536,13,29,42,0.857,0.867,0.306,9.19
272,-26.307,13,18,35,0.943,1.0,0.273,10.57
273,-41.099,14,22,41,0.902,0.875,0.351,11.08
274,-47.277,13,22,39,0.769,0.583,0.367,11.16
275,30.079,18,12,34,0.912,0.0,0.355,7.43
276,-26.512,16,21,37,0.784,0.833,0.345,8.69
277,-49.957,17,27,46,0.717,0.733,0.303,11.06
278,-49.878,14,24,40,0.85,0.667,0.235,10.08
279,-36.856,14,21,41,0.927,1.0,0.447,13.86
280,18.757,23,19,43,0.744,0.833,0.469,5.88
281,-68.922,14,27,46,0.913,0.923,0.381,10.33
282,-73.775,12,26,46,0.87,0.75,0.275,11.09
283,-127.561,11,36,47,0.851,0.833,0.35,12.44
284,9.393,14,12,31,0.903,0.5,0.25,9.05
285,-0.089,16,16,34,0.912,0.875,0.355,7.1
286,-18.578,20,23,47,0.894,1.0,0.452,8.28
287,30.217,22,16,41,0.854,0.889,0.486,12.06
288,4.131,23,22,51,0.902,0.9,0.37,7.69
289,23.687,26,21,49,0.816,0.692,0.375,10.27
290,-59.834,11,23,37,0.838,0.667,0.355,9.28
291,1.366,23,23,47,0.83,0.846,0.282,10.48
292,-91.509,13,31,49,0.796,0.857,0.282,10.93
293,-67.103,12,25,38,0.868,0.917,0.394,10.25
294,-49.451,16,25,45,0.867,1.0,0.282,7.88
295,-38.079,18,25,43,0.907,0.923,0.359,7.73
296,-18.63,15,19,35,0.829,1.0,0.276,6.83
297,-102.634,14,34,49,0.939,0.857,0.283,9.9
298,-88.23,13,30,46,0.826,0.857,0.368,13.38
299,56.931,23,12,39,0.846,1.0,0.485,6.95
300,-10.059,14,16,33,0.909,1.0,0.4,6.99
301,-6.499,19,20,42,0.81,0.857,0.353,7.6
302,-41.902,14,22,39,0.769,0.714,0.3,12.66
303,1.979,14,13,32,0.875,1.0,0.357,7.97
304,30.122,24,18,45,0.844,0.75,0.368,7.87
305,4.648,18,17,35,0.8,1.0,0.464,8.61
306,-22.015,20,24,45,0.867,0.889,0.333,8.75
307,-83.006,13,29,46,0.783,0.783,0.333,10.88
308,-93.651,15,33,53,0.811,0.826,0.256,12.03
309,-38.41,12,19,33,0.788,0.667,0.346,10.12
310,-99.517,11,30,44,0.932,1.0,0.293,12.68
311,-30.77,17,23,45,0.956,0.8,0.372,12.56
312,-15.406,23,26,55,0.836,0.917,0.348,10.15
313,-36.031,14,21,40,0.875,0.833,0.286,8.69
314,-10.469,19,21,42,0.857,0.714,0.417,5.65
315,-58.25,13,24,43,0.86,0.727,0.378,9.28
316,-26.806,20,25,47,0.83,0.909,0.282,10.9
317,-33.069,15,21,41,0.78,0.833,0.344,11.48
318,-12.243,19,21,44,0.795,0.727,0.343,11.66
319,-10.991,19,21,43,0.907,0.667,0.41,10.03
320,34.642,22,15,39,0.897,1.0,0.257,7.47
321,-77.338,14,29,44,0.795,0.769,0.486,15.0
322,-19.11,17,21,39,0.846,0.9,0.333,8.6
323,-25.489,19,24,46,0.848,0.818,0.513,8.6
324,-66.533,22,35,59,0.814,0.824,0.333,9.72
325,-6.748,18,19,40,0.9,1.0,0.25,10.07
326,-44.548,15,23,40,0.825,0.818,0.424,12.53
327,-44.812,16,25,47,0.787,0.875,0.297,8.15
328,-98.148,15,34,54,0.852,0.812,0.37,10.0
329,-41.719,16,24,43,0.907,0.944,0.359,10.42
330,-87.748,12,29,44,0.818,0.929,0.306,14.19
331,62.347,27,15,44,0.818,0.778,0.556,6.86
332,1.898,15,14,37,0.919,1.0,0.294,7.3
333,-83.633,16,32,52,0.865,0.818,0.311,8.55
334,-72.417,14,28,43,0.953,0.846,0.22,11.97
335,-37.671,20,27,51,0.843,0.714,0.419,9.65
336,-47.086,17,26,48,0.792,0.667,0.421,8.81
337,4.227,25,24,52,0.942,1.0,0.429,8.41
338,39.881,24,16,41,0.878,0.875,0.306,8.78
339,97.008,25,6,31,0.871,0.0,0.296,5.13
340,-62.87,10,22,35,0.829,1.0,0.31,9.68
341,21.286,18,14,32,0.969,1.0,0.452,6.07
342,-16.274,16,19,37,0.892,0.917,0.455,9.9
343,61.692,27,15,43,0.791,1.0,0.5,7.14
344,13.921,17,14,33,0.939,1.0,0.516,6.7
345,-51.878,15,25,44,0.864,0.917,0.368,12.48
346,-21.393,19,23,44,0.727,0.5,0.312,7.19
347,50.254,20,10,32,0.938,1.0,0.367,8.94
348,-29.51,15,21,39,0.949,1.0,0.486,10.33
349,-31.581,15,21,43,0.884,0.933,0.368,11.69
350,-110.015,15,36,61,0.852,0.913,0.288,21.92
351,19.217,24,20,48,0.812,0.929,0.385,10.23
352,4.717,20,19,41,0.805,0.5,0.273,8.67
353,9.892,13,11,28,0.75,1.0,0.429,9.29
354,28.675,22,16,43,0.953,1.0,0.39,10.15
355,-16.341,22,24,53,0.849,0.778,0.267,7.45
356,-24.98,19,24,45,0.889,0.875,0.275,9.9
357,-30.894,15,21,38,0.868,0.6,0.424,13.43
358,19.692,20,16,37,0.865,0.833,0.406,6.5
359,-25.444,14,19,37,0.811,0.667,0.333,9.45
360,-58.218,18,29,49,0.776,0.714,0.526,9.77
361,-115.346,12,34,51,0.882,0.941,0.333,14.08
362,2.911,22,21,48,0.896,0.889,0.419,9.5
363,-22.805,14,18,39,0.795,0.667,0.387,12.19
364,-53.438,14,24,43,0.86,0.929,0.27,12.03
365,7.806,15,13,35,0.857,0.714,0.433,8.55
366,-4.867,22,23,49,0.776,0.692,0.342,9.9
367,14.804,19,16,39,0.923,1.0,0.25,6.67
368,24.655,19,14,41,0.927,1.0,0.474,8.1
369,-17.144,16,19,37,0.946,1.0,0.314,9.27
370,28.399,19,13,35,0.943,0.0,0.424,7.44
371,4.918,23,22,45,0.844,0.846,0.316,11.68
372,44.368,25,16,44,0.909,0.923,0.3,7.7
373,-35.7,18,25,45,0.756,0.769,0.324,11.25
374,-37.57,14,21,39,0.872,1.0,0.324,11.32
375,-23.365,16,20,38,0.947,1.0,0.306,10.52
376,-114.782,13,35,58,0.897,1.0,0.365,14.06
377,-73.744,12,26,41,0.878,0.909,0.417,9.53
378,23.389,22,17,42,0.857,0.8,0.25,6.83
379,-61.52,9,21,34,0.882,1.0,0.333,10.14
380,-47.166,16,25,43,0.953,1.0,0.488,15.81
381,-7.922,14,15,33,0.939,1.0,0.387,8.15
382,7.692,19,17,39,0.795,0.857,0.387,8.23
383,4.63,23,22,48,0.917,1.0,0.5,12.91
384,44.346,23,14,42,0.881,0.6,0.595,9.29
385,46.09,23,14,39,0.795,0.0,0.516,10.74
386,-6.768,17,18,39,0.949,1.0,0.378,8.34
387,-52.121,20,30,52,0.865,0.929,0.311,11.71
388,-0.465,19,18,44,0.841,0.8,0.351,10.32
389,25.499,13,8,22,0.864,0.0,0.474,5.05
390,-1.246,23,23,46,0.891,0.824,0.39,11.89
391,33.269,23,16,41,0.756,0.667,0.419,11.74
392,-115.764,17,39,60,0.833,0.84,0.34,11.69
393,50.922,22,12,40,0.95,0.5,0.368,7.56
394,70.93,22,8,30,0.767,0.0,0.609,7.05
395,-2.43,20,20,46,0.913,0.941,0.357,11.56
396,-46.173,19,27,51,0.804,0.727,0.537,14.74
397,-12.941,21,23,50,0.92,0.857,0.37,10.84
398,34.033,20,13,34,0.882,0.0,0.467,5.42
399,-50.576,13,22,40,0.8,1.0,0.375,13.0
400,8.386,20,18,44,0.909,1.0,0.3,9.92
401,-2.515,20,20,43,0.837,1.0,0.639,9.19
402,-73.751,12,26,42,0.881,0.833,0.27,12.01
403,-5.762,16,17,34,0.882,0.75,0.333,6.88
404,-14.961,17,20,42,0.833,0.714,0.457,14.76
405,-11.553,21,23,48,0.938,0.909,0.467,6.62
406,-62.891,12,24,41,0.805,1.0,0.485,10.81
407,50.205,25,15,46,0.87,1.0,0.4,11.01
408,97.873,26,7,38,0.816,0.0,0.452,6.03
409,-1.445,25,25,51,0.804,0.812,0.341,9.4
410,-23.673,17,21,41,0.829,1.0,0.471,9.61
411,-30.628,17,23,42,0.881,0.889,0.324,9.61
412,-33.086,21,27,51,0.882,1.0,0.444,15.87
413,-33.719,14,20,37,0.838,0.833,0.29,10.42
414,7.006,18,16,37,0.784,0.857,0.414,8.52
415,-35.346,15,22,39,0.769,0.833,0.567,9.71
416,-93.113,20,38,62,0.839,0.857,0.385,15.1
417,24.311,21,16,39,0.769,0.833,0.367,9.53
418,-28.915,17,22,43,0.884,0.833,0.342,7.8
419,14.092,20,17,39,0.923,1.0,0.5,9.36
420,35.117,26,19,49,0.816,0.833,0.4,10.42
421,23.735,23,18,41,0.902,0.909,0.405,7.52
422,-23.251,16,20,44,0.841,1.0,0.486,9.98
423,51.582,22,12,38,0.868,1.0,0.455,5.64
424,14.016,21,18,41,0.756,0.75,0.355,7.81
425,-15.804,15,18,37,0.73,0.6,0.37,9.23
426,-25.871,24,29,56,0.893,0.944,0.44,11.46
427,3.042,17,16,37,0.892,0.8,0.576,12.31
428,-118.935,12,35,53,0.774,0.882,0.293,11.85
429,-49.267,15,24,43,0.86,0.917,0.324,11.88
430,-17.377,12,15,31,0.903,0.875,0.357,10.14
431,66.018,24,11,36,0.861,0.0,0.71,6.97
432,-17.061,14,17,34,0.794,0.75,0.556,13.51
433,23.366,22,17,39,0.923,1.0,0.278,7.88
434,-33.404,13,19,36,0.806,0.75,0.379,11.07
435,-31.452,15,21,39,0.872,0.714,0.353,10.46
436,-69.399,13,26,40,0.775,0.8,0.419,11.73
437,-57.327,14,25,41,0.927,1.0,0.447,9.72
438,16.622,16,13,32,0.875,1.0,0.5,8.86
439,5.736,14,13,29,0.966,1.0,0.393,7.35
440,59.108,21,9,34,0.941,1.0,0.438,6.46
441,-18.812,17,20,37,0.757,1.0,0.393,8.0
442,-10.094,23,25,51,0.902,1.0,0.304,8.7
443,-30.84,23,29,55,0.782,0.722,0.256,11.85
444,34.048,24,17,43,0.884,0.5,0.421,9.31
445,29.818,25,19,48,0.854,0.833,0.439,6.72
446,20.494,15,11,27,0.889,0.0,0.583,8.26
447,64.952,26,13,44,0.886,0.667,0.385,6.64
448,-72.658,15,29,49,0.857,0.778,0.357,14.39
449,-106.515,10,31,45,0.8,0.938,0.333,10.57
450,-134.742,15,41,60,0.75,0.846,0.311,14.67
451,-84.019,16,32,51,0.882,0.9,0.4,11.33
452,-1.906,20,20,46,0.826,0.909,0.368,10.34
453,-5.85,18,19,40,0.875,1.0,0.486,13.75
454,-45.066,16,24,44,0.841,0.857,0.405,12.95
455,58.34,21,10,34,0.912,0.875,0.613,7.95
456,-19.979,14,17,35,0.914,1.0,0.344,10.91
457,-6.198,16,17,33,0.97,1.0,0.469,5.8
458,53.638,29,18,52,0.846,0.938,0.409,9.49
459,-110.746,17,38,58,0.914,0.938,0.358,14.11
460,41.033,18,10,31,0.871,0.75,0.481,11.26
461,18.951,22,18,42,0.929,0.857,0.359,8.99
462,-37.558,14,21,40,0.825,0.706,0.303,15.33
463,-72.084,14,28,44,0.886,1.0,0.308,8.93
464,-57.925,14,25,41,0.829,0.909,0.412,14.82
465,-58.871,23,34,61,0.934,0.96,0.368,9.86
466,33.943,22,15,39,0.872,0.9,0.324,7.72
467,14.963,18,15,35,0.914,1.0,0.438,7.02
468,-62.358,14,26,45,0.844,0.857,0.421,15.68
469,15.748,23,20,43,0.907,0.875,0.333,11.62
470,32.662,22,15,41,0.902,1.0,0.351,7.96
471,34.649,20,13,38,0.947,0.857,0.528,10.46
472,-56.358,13,24,42,0.881,1.0,0.568,15.94
473,-18.749,21,24,49,0.837,0.909,0.463,13.09
474,7.708,19,17,43,0.814,1.0,0.429,12.51
475,-62.269,13,25,40,0.875,1.0,0.486,13.27
476,-84.108,12,28,44,0.909,1.0,0.325,10.34
477,53.734,29,18,47,0.809,0.882,0.421,10.3
478,14.342,23,20,45,0.889,0.5,0.475,9.38
479,54.967,20,9,31,0.806,0.75,0.52,7.1
480,-61.561,15,27,49,0.755,0.769,0.324,14.67
481,50.874,22,12,36,0.833,0.75,0.6,8.2
482,5.263,18,17,42,0.881,1.0,0.378,10.61
483,-17.294,22,25,48,0.917,1.0,0.409,12.74
484,15.191,27,24,51,0.804,0.667,0.463,10.95
485,-4.63,19,19,43,0.86,0.833,0.378,8.88
486,13.466,18,15,38,0.789,0.875,0.5,10.47
487,-66.885,12,25,43,0.86,0.6,0.432,9.69
488,-40.449,14,22,36,0.889,1.0,0.25,9.64
489,3.26,21,20,42,0.905,0.8,0.395,8.46
490,34.455,18,11,33,0.848,1.0,0.429,6.74
491,-8.282,17,18,38,0.789,0.714,0.367,7.88
492,55.297,22,11,35,0.771,1.0,0.37,6.54
493,-36.699,15,22,40,0.925,0.9,0.432,10.84
494,19.341,21,17,43,0.837,1.0,0.444,9.22
495,29.231,21,15,39,0.897,1.0,0.429,8.64
496,-73.532,13,27,42,0.667,0.727,0.393,8.73
497,-0.664,22,22,47,0.851,0.909,0.35,9.33
498,-12.868,23,25,50,0.9,1.0,0.467,8.94
499,-16.517,18,21,44,0.75,0.8,0.333,10.32
500,34.818,20,13,34,0.941,0.833,0.469,10.28
501,0.394,21,21,44,0.886,0.933,0.436,9.77
502,-66.158,17,30,50,0.8,0.8,0.325,11.22
503,4.985,14,13,27,0.889,1.0,0.417,6.75
504,-20.699,16,20,37,0.73,1.0,0.519,8.49
505,0.112,22,21,46,0.848,0.833,0.41,6.79
506,-36.808,13,20,36,0.722,0.5,0.462,7.03
507,-1.126,15,15,33,0.818,1.0,0.407,8.43
508,-46.177,22,31,59,0.881,0.846,0.308,11.34
509,-43.913,16,24,46,0.696,0.526,0.281,13.29
510,9.992,25,23,49,0.918,1.0,0.422,6.0
511,4.843,22,21,45,0.911,1.0,0.39,10.58
512,20.878,20,16,41,0.756,0.8,0.419,9.19
513,-39.811,22,29,57,0.86,0.862,0.429,10.96
514,45.351,25,16,44,0.864,1.0,0.368,9.49
515,-64.581,18,30,51,0.824,0.889,0.357,10.28
516,-39.701,18,25,48,0.854,0.778,0.366,9.86
517,-32.141,17,23,44,0.864,0.889,0.447,12.09
518,-38.409,18,25,49,0.633,0.778,0.29,7.58
519,-78.988,11,26,44,0.773,0.6,0.324,13.69
520,0.241,16,16,33,0.818,0.667,0.556,10.23
521,-27.473,18,23,42,0.81,0.571,0.412,8.53
522,23.962,27,22,51,0.843,0.875,0.372,9.29
523,-27.143,17,22,49,0.837,0.875,0.366,8.21
524,-68.22,13,26,49,0.714,0.688,0.343,13.44
525,56.587,20,9,32,0.906,1.0,0.483,7.0
526,-11.064,18,20,40,0.925,1.0,0.486,5.36
527,10.873,19,17,36,0.889,1.0,0.562,7.23
528,7.485,18,16,41,0.829,1.0,0.353,7.45
529,18.661,23,19,46,0.783,0.786,0.417,8.88
530,15.287,25,22,48,0.708,0.6,0.324,10.69
531,-76.747,14,29,47,0.745,0.9,0.314,9.72
532,97.881,26,7,33,0.818,1.0,0.519,5.64
533,20.079,19,15,34,0.882,1.0,0.467,6.23
534,-32.376,15,21,43,0.814,0.778,0.629,8.03
535,43.005,22,13,40,0.825,0.5,0.576,6.77
536,-82.923,13,29,43,0.814,0.889,0.571,10.42
537,10.207,21,19,43,0.767,0.583,0.303,10.88
538,9.011,21,19,41,0.878,0.778,0.361,7.51
539,-32.445,15,21,37,0.703,0.75,0.346,10.05
540,-48.242,15,24,44,0.795,0.667,0.314,12.7
541,-37.866,20,27,51,0.882,1.0,0.356,8.69
542,-5.981,22,23,49,0.898,0.857,0.523,11.21
543,-32.73,16,22,40,0.9,1.0,0.417,11.97
544,12.793,23,20,45,0.711,0.7,0.375,7.68
545,2.672,20,19,43,0.814,0.875,0.343,7.35
546,-62.264,11,23,38,0.842,0.833,0.438,12.26
547,-104.709,13,33,47,0.851,0.8,0.325,12.68
548,-11.846,19,21,40,0.9,1.0,0.361,10.84
549,27.061,21,15,40,0.775,0.571,0.548,5.88
550,-35.354,15,21,42,0.833,0.9,0.371,12.86
551,39.096,29,21,55,0.745,0.652,0.39,10.32
552,-11.997,19,21,43,0.767,1.0,0.364,9.63
553,54.902,27,16,45,0.911,0.875,0.659,9.29
554,-57.56,13,24,42,0.857,0.75,0.472,9.14
555,-7.487,23,24,53,0.755,0.706,0.275,6.96
556,12.759,24,21,53,0.774,0.636,0.439,10.93
557,3.522,17,16,35,0.829,0.667,0.379,9.2
558,-31.485,17,23,43,0.837,0.667,0.444,11.82
559,49.661,26,16,45,0.778,0.875,0.6,10.06
560,-61.01,19,30,55,0.745,0.75,0.317,14.86
561,33.996,18,11,31,0.935,1.0,0.379,7.19
562,64.546,24,11,42,0.905,1.0,0.421,4.98
563,-30.82,20,26,48,0.75,0.727,0.278,8.77
564,-6.681,20,21,44,0.75,0.4,0.333,10.31
565,-41.209,17,25,45,0.889,1.0,0.275,9.4
566,-107.485,14,35,55,0.873,1.0,0.312,10.34
567,39.747,24,16,43,0.837,0.833,0.444,8.39
568,79.944,29,13,49,0.857,1.0,0.381,9.25
569,49.142,24,14,40,0.825,0.75,0.394,8.34
570,13.232,24,21,49,0.816,0.75,0.525,11.31
571,-2.084,20,20,42,0.786,0.778,0.424,13.64
572,34.97,19,12,33,0.939,1.0,0.581,5.04
573,-39.649,16,23,44,0.773,0.85,0.353,11.05
574,-12.127,21,23,46,0.761,0.875,0.314,9.89
575,62.137,22,10,33,0.879,0.8,0.586,10.67
576,53.876,24,13,40,0.875,1.0,0.629,5.24
577,-64.966,12,24,44,0.727,0.875,0.375,12.66
578,76.187,20,5,29,0.966,1.0,0.464,5.7
579,-83.564,15,31,48,0.875,0.929,0.31,10.48
580,8.646,22,20,45,0.822,0.818,0.459,11.42
581,-11.392,17,19,41,0.829,0.625,0.412,9.86
582,-8.205,23,24,50,0.88,1.0,0.318,9.04
583,91.101,29,11,44,0.818,0.6,0.5,7.04
584,-46.566,17,26,44,0.932,1.0,0.415,12.61
585,-47.324,18,27,49,0.837,0.81,0.293,10.35
586,19.125,22,18,41,0.902,0.875,0.378,7.36
587,-73.57,15,29,49,0.755,0.571,0.378,17.17
588,-6.448,14,15,31,0.742,1.0,0.435,9.27
589,27.412,19,13,36,0.944,0.0,0.412,6.8
590,75.522,28,13,43,0.814,0.333,0.4,6.18
591,-68.749,14,27,49,0.755,0.8,0.378,10.1
592,38.918,22,14,38,0.737,0.889,0.464,11.72
593,22.89,22,17,41,0.878,1.0,0.361,7.58
594,-4.709,22,23,50,0.84,0.684,0.405,10.6
595,8.818,20,18,43,0.814,0.857,0.371,10.08
596,88.484,23,6,32,0.844,0.8,0.444,6.59
597,7.736,19,17,42,0.857,1.0,0.444,10.43
598,29.721,28,21,53,0.811,0.733,0.372,7.74
599,44.685,21,12,37,0.784,1.0,0.345,7.61
600,24.695,19,14,33,0.788,0.8,0.385,8.95
601,7.38,19,17,41,0.854,0.889,0.4,12.36
602,66.007,23,10,33,0.758,0.6,0.48,8.55
603,128.715,31,6,37,0.919,1.0,0.618,5.04
604,-77.537,15,30,49,0.898,0.889,0.341,14.28
605,2.936,20,19,43,0.698,0.667,0.367,10.62
606,-31.793,13,19,34,0.824,0.9,0.357,6.66
607,-6.116,18,19,43,0.837,0.875,0.417,8.1
608,-19.908,18,21,44,0.636,0.444,0.393,7.77
609,-43.248,15,23,41,0.732,0.727,0.3,10.23
610,-0.594,20,20,42,0.786,0.75,0.545,14.62
611,-10.862,21,23,45,0.8,0.583,0.417,10.13
612,-150.46,14,43,61,0.82,0.862,0.3,18.28
613,-89.144,11,28,45,0.822,0.8,0.27,13.39
614,-16.812,24,27,57,0.667,0.765,0.289,14.02
615,-12.455,20,22,45,0.711,0.688,0.375,9.97
616,-23.396,21,25,48,0.771,0.889,0.351,9.5
617,-50.5,19,29,52,0.692,0.6,0.417,9.7
618,-63.507,21,33,57,0.825,0.87,0.298,15.23
619,5.06,22,21,45,0.822,0.0,0.378,7.4
620,9.516,21,19,43,0.791,0.714,0.412,9.31
621,-93.357,11,29,45,0.578,0.556,0.423,13.42
622,-18.852,19,22,46,0.717,0.615,0.333,7.97
623,42.455,22,13,40,0.875,1.0,0.429,8.94
624,-32.645,21,27,52,0.865,0.909,0.333,9.61
625,-1.907,18,18,36,0.778,0.7,0.464,6.71
626,-18.441,17,20,39,0.795,0.75,0.452,9.48
627,31.185,24,18,46,0.826,0.714,0.342,10.85
628,36.168,18,11,32,0.844,0.714,0.667,11.09
629,38.42,17,9,29,0.793,0.0,0.522,5.09
630,-5.354,20,21,47,0.766,0.6,0.639,12.29
631,-17.649,16,19,37,0.757,0.6,0.536,12.24
632,9.642,21,19,43,0.86,0.833,0.324,10.62
633,52.216,26,16,44,0.75,0.75,0.455,7.22
634,90.153,23,5,33,0.818,1.0,0.481,6.23
635,45.867,26,17,47,0.702,1.0,0.455,7.98
636,23.158,22,17,42,0.881,0.889,0.459,10.61
637,66.732,26,13,41,0.756,1.0,0.452,6.29
638,-43.707,17,25,48,0.729,0.769,0.314,10.36
639,17.816,19,15,37,0.865,0.833,0.375,10.76
640,38.628,24,16,41,0.805,1.0,0.303,7.06
641,-21.392,21,25,48,0.729,0.929,0.343,9.64
642,9.302,20,18,42,0.762,0.8,0.375,11.25
643,-21.777,18,22,41,0.927,1.0,0.237,8.44
644,-72.922,10,24,42,0.81,0.75,0.353,10.16
645,-30.348,19,25,46,0.761,0.75,0.486,8.78
646,72.485,25,11,39,0.744,0.556,0.448,8.03
647,-63.616,16,28,51,0.824,0.75,0.381,16.07
648,-62.547,13,25,42,0.81,0.429,0.353,10.98
649,40.454,19,11,32,0.812,0.429,0.615,10.36
650,-53.898,14,24,47,0.83,0.571,0.256,10.28
651,-41.069,19,27,50,0.7,0.778,0.343,12.55
652,10.471,20,18,40,0.75,0.857,0.433,7.54
653,31.762,21,15,39,0.718,0.333,0.464,8.66
654,4.877,16,15,36,0.889,0.667,0.438,9.43
655,-52.095,12,22,38,0.816,1.0,0.323,10.53
656,-51.177,15,25,47,0.851,0.909,0.375,11.63
657,8.543,23,21,49,0.796,0.9,0.359,11.07
658,24.15,23,18,44,0.818,0.667,0.444,8.16
659,32.673,20,13,37,0.892,1.0,0.394,9.15
660,-17.968,20,23,44,0.818,0.833,0.361,10.91
661,-34.488,19,25,48,0.875,0.87,0.357,12.7
662,36.692,20,13,33,0.879,0.6,0.621,7.01
663,9.7,23,21,50,0.82,0.875,0.317,8.36
664,-28.235,16,21,43,0.721,0.625,0.387,10.71
665,51.623,24,14,38,0.921,1.0,0.543,6.92
666,-84.612,11,27,43,0.674,0.667,0.276,11.23
667,-1.058,24,24,52,0.846,0.786,0.386,10.3
668,-41.411,13,21,38,0.711,0.636,0.333,10.89
669,-7.434,20,21,44,0.705,0.714,0.323,6.68
670,-27.139,18,23,46,0.739,0.786,0.382,10.71
671,-1.459,22,22,45,0.756,0.786,0.265,9.5
672,60.328,24,12,40,0.825,1.0,0.485,5.83
673,-54.959,23,33,62,0.806,0.722,0.32,12.83
674,-19.953,18,21,44,0.818,1.0,0.389,8.63
675,55.591,23,12,36,0.889,0.889,0.469,6.54
676,15.089,22,19,42,0.857,0.778,0.389,10.94
677,-57.835,13,24,42,0.762,0.75,0.406,8.23
678,-1.216,19,19,38,0.842,0.857,0.312,9.71
679,-10.834,19,21,42,0.833,1.0,0.457,9.44
680,64.885,28,15,47,0.872,0.875,0.488,7.49
681,-37.23,18,25,49,0.816,0.722,0.475,14.09
682,-21.069,18,22,44,0.932,0.889,0.463,9.53
683,4.427,24,23,51,0.824,0.769,0.452,11.2
684,-99.171,18,37,59,0.661,0.78,0.308,16.04
685,46.177,23,14,39,0.872,1.0,0.441,9.53
686,-46.113,23,32,59,0.78,0.941,0.5,11.43
687,-11.213,18,20,38,0.947,1.0,0.306,9.2
688,44.656,16,7,29,0.793,1.0,0.391,6.48
689,-10.742,21,23,44,0.773,0.8,0.441,10.02
690,65.756,27,14,41,0.902,1.0,0.568,8.41
691,50.426,25,15,44,0.727,0.6,0.438,8.16
692,1.573,16,15,36,0.833,1.0,0.3,7.42
693,-38.33,13,20,40,0.8,1.0,0.344,11.94
694,-36.537,17,24,41,0.878,1.0,0.417,7.97
695,41.687,28,20,48,0.854,0.714,0.561,6.97
696,67.221,28,15,43,0.791,0.5,0.471,7.6
697,-11.455,21,23,46,0.87,0.8,0.45,16.58
698,43.753,22,13,35,0.829,1.0,0.379,10.55
699,-93.602,18,36,59,0.864,0.895,0.333,9.84
700,19.998,23,19,47,0.745,0.778,0.486,10.46
701,48.57,24,14,40,0.825,1.0,0.515,8.41
702,45.795,25,16,44,0.75,0.6,0.424,8.47
703,51.552,23,13,39,0.769,0.8,0.467,9.74
704,-1.973,21,21,44,0.864,1.0,0.342,8.4
705,-32.479,18,24,46,0.913,0.857,0.31,8.73
706,-122.32,10,34,46,0.761,0.727,0.486,14.79
707,99.912,28,8,41,0.878,0.667,0.556,6.56
708,75.997,26,11,39,0.897,0.714,0.6,5.72
709,-2.154,21,21,42,0.738,0.667,0.387,8.03
710,-85.334,9,25,37,0.649,0.667,0.458,13.64
711,-37.255,15,22,42,0.714,0.667,0.4,10.52
712,65.832,21,8,33,0.758,1.0,0.44,5.74
713,49.387,25,15,45,0.844,0.0,0.553,8.54
714,-35.223,17,24,43,0.791,0.75,0.382,13.75
715,-32.068,16,22,41,0.878,1.0,0.389,11.22
716,-5.009,26,27,60,0.85,0.929,0.314,10.85
717,65.44,27,14,42,0.81,0.9,0.559,8.47
718,88.895,24,7,32,0.938,0.8,0.6,6.12
719,10.426,25,23,52,0.885,0.846,0.478,11.65
720,14.309,21,18,44,0.909,1.0,0.475,10.16
721,9.276,22,20,43,0.86,0.833,0.351,6.83
722,-75.183,9,23,40,0.775,0.636,0.323,11.7
723,-42.248,24,32,60,0.783,0.867,0.511,10.58
724,87.103,27,10,37,0.865,0.75,0.375,5.49
725,9.806,20,18,42,0.81,0.6,0.412,8.73
726,51.055,19,9,29,0.897,1.0,0.462,8.42
727,-41.295,10,18,30,0.667,0.571,0.55,9.76
728,-48.75,14,23,42,0.81,0.8,0.441,12.14
729,-6.313,12,13,27,0.667,0.6,0.556,9.68
730,13.615,19,16,40,0.825,0.889,0.545,8.76
731,46.862,20,11,36,0.917,1.0,0.545,11.86
732,-4.326,21,22,46,0.739,0.706,0.324,13.91
733,10.492,16,14,33,0.818,1.0,0.519,12.15
734,6.361,20,18,41,0.683,0.667,0.5,7.95
735,47.703,21,11,40,0.925,0.8,0.351,10.89
736,-110.742,12,33,52,0.769,0.818,0.35,12.82
737,-15.964,11,14,29,0.897,1.0,0.423,8.76
738,95.831,28,9,39,0.897,1.0,0.486,5.41
739,-58.179,14,25,43,0.767,0.75,0.424,9.53
740,-12.073,21,23,47,0.851,0.5,0.375,7.02
741,-36.779,16,23,44,0.932,0.5,0.683,8.17
742,-52.17,14,24,41,0.78,0.857,0.5,13.27
743,82.388,27,11,39,0.769,1.0,0.5,7.22
744,58.979,26,14,43,0.744,0.6,0.531,6.44
745,-2.662,22,22,48,0.812,0.818,0.333,9.03
746,-33.561,19,25,51,0.745,1.0,0.395,13.24
747,-22.061,13,17,36,0.778,1.0,0.321,10.55
748,33.444,20,13,36,0.944,1.0,0.529,10.73
749,16.368,26,22,49,0.837,0.692,0.293,7.46
750,12.775,24,21,48,0.854,0.909,0.439,10.46
751,10.033,20,18,46,0.848,0.727,0.333,11.6
752,-6.286,15,16,32,0.844,0.714,0.444,11.26
753,-103.247,12,32,46,0.63,0.56,0.31,14.4
754,35.69,27,20,47,0.872,0.889,0.512,9.53
755,22.601,23,19,43,0.814,0.75,0.571,9.05
756,-1.556,21,21,47,0.83,1.0,0.308,9.77
757,43.215,19,10,33,0.788,0.0,0.385,8.58
758,-68.32,15,28,45,0.711,0.706,0.344,8.99
759,2.802,17,16,37,0.865,1.0,0.531,10.34
760,45.164,20,11,35,0.886,0.667,0.548,6.9
761,61.237,22,10,33,0.909,0.75,0.467,6.69
762,27.693,17,11,30,0.9,0.0,0.37,6.48
763,-56.276,15,26,44,0.659,0.667,0.379,11.5
764,-9.435,17,18,43,0.86,0.846,0.324,11.37
765,-7.126,24,25,54,0.833,0.625,0.311,13.8
766,58.693,25,13,40,0.95,1.0,0.632,8.8
767,30.35,26,20,48,0.75,0.667,0.389,9.77
768,78.099,24,9,36,0.806,1.0,0.621,6.99
769,16.096,23,19,45,0.822,0.714,0.351,8.33
770,-39.18,21,27,55,0.873,0.875,0.312,7.2
771,-37.874,9,16,31,0.677,0.6,0.429,9.47
772,-0.885,19,19,39,0.795,0.4,0.323,8.61
773,-45.055,17,25,48,0.688,0.75,0.273,10.88
774,20.443,18,14,34,0.912,1.0,0.516,11.38
775,35.378,23,16,41,0.878,1.0,0.389,10.4
776,38.746,25,17,44,0.795,0.75,0.6,11.12
777,-37.594,19,26,48,0.875,0.923,0.31,9.05
778,35.365,21,14,39,0.897,1.0,0.457,10.93
779,4.282,18,17,39,0.821,0.667,0.406,8.41
780,80.086,31,15,46,0.891,1.0,0.707,7.78
781,71.734,19,5,25,0.8,1.0,0.55,6.04
782,80.431,27,11,42,0.81,0.75,0.529,6.19
783,60.485,30,18,50,0.86,1.0,0.442,9.05
784,98.542,29,10,39,0.821,1.0,0.562,6.1
785,41.183,24,16,41,0.854,0.0,0.571,9.06
786,-27.928,16,21,45,0.822,0.8,0.378,9.16
787,-35.976,13,20,35,0.914,0.857,0.312,8.92
788,13.155,17,14,36,0.833,0.667,0.4,7.36
789,2.315,20,19,43,0.767,0.667,0.333,7.27
790,-14.831,19,22,42,0.714,0.667,0.433,10.04
791,12.065,24,21,45,0.822,0.917,0.351,6.2
792,13.672,22,19,45,0.889,0.833,0.325,9.62
793,74.608,29,14,47,0.851,1.0,0.375,6.21
794,-18.499,21,24,48,0.812,0.875,0.41,11.26
795,43.172,27,18,50,0.86,0.889,0.488,10.7
796,-38.311,17,24,45,0.756,0.8,0.353,12.35
797,18.706,21,17,40,0.9,1.0,0.417,9.97
798,10.908,22,20,44,0.841,0.917,0.405,8.43
799,60.374,23,11,36,0.861,0.0,0.613,6.32
800,21.284,20,16,37,0.946,1.0,0.457,7.92
801,77.524,25,10,39,0.923,1.0,0.417,6.15
802,-24.744,17,21,44,0.795,0.824,0.371,10.19
803,74.255,25,10,38,0.921,0.0,0.514,7.5
804,-2.679,19,19,41,0.854,0.75,0.371,9.2
805,77.609,24,9,35,0.829,0.857,0.552,10.11
806,101.765,27,7,34,0.765,1.0,0.462,7.11
807,-28.801,19,25,51,0.882,0.833,0.356,11.23
808,-25.865,18,23,43,0.744,0.889,0.281,9.75
809,50.889,24,14,39,0.923,1.0,0.556,6.78
810,-2.582,21,21,46,0.935,1.0,0.372,9.99
811,55.136,26,15,45,0.844,0.667,0.579,9.31
812,-20.853,14,18,37,0.73,1.0,0.37,8.11
813,82.371,29,13,44,0.909,0.5,0.525,5.23
814,64.927,24,11,36,0.861,1.0,0.677,8.49
815,-32.526,17,23,42,0.714,0.667,0.433,14.34
816,10.982,27,25,53,0.792,0.8,0.381,8.06
817,-17.995,19,22,44,0.705,0.75,0.484,14.16
818,37.857,31,23,59,0.695,0.682,0.537,10.7
819,2.084,21,20,44,0.773,0.75,0.206,8.7
820,71.22,26,12,41,0.927,1.0,0.579,6.26
821,0.021,17,17,34,0.735,0.636,0.48,10.15
822,4.075,20,19,42,0.881,0.917,0.243,12.02
823,-1.113,17,17,37,0.676,0.7,0.32,8.64
824,14.95,21,18,43,0.721,0.769,0.387,10.45
825,69.502,24,10,35,0.8,1.0,0.357,8.07
826,6.446,20,19,41,0.805,0.667,0.515,9.6
827,-46.769,19,28,52,0.827,0.941,0.442,10.29
828,14.401,16,13,30,0.633,0.5,0.474,8.17
829,18.405,19,15,35,0.743,0.75,0.423,9.42
830,-43.932,18,26,46,0.761,0.812,0.343,9.42
831,-51.602,16,26,53,0.736,0.611,0.308,10.42
832,17.923,19,15,37,0.838,1.0,0.323,10.17
833,26.401,24,18,44,0.795,1.0,0.457,4.76
834,-62.195,16,28,50,0.76,0.778,0.368,9.59
835,-42.708,20,28,51,0.824,0.8,0.333,12.46
836,11.56,23,21,49,0.837,0.875,0.317,8.68
837,8.723,22,20,44,0.659,1.0,0.448,10.36
838,39.293,23,15,41,0.732,0.5,0.433,7.93
839,50.673,22,12,38,0.789,0.75,0.5,7.29
840,21.185,19,15,35,0.8,1.0,0.5,7.42
841,27.098,23,18,43,0.93,1.0,0.475,12.82
842,53.261,23,12,37,0.892,0.9,0.364,8.34
843,30.592,17,11,29,0.897,0.0,0.692,7.37
844,-43.558,16,24,47,0.787,0.833,0.378,17.43
845,23.342,20,15,39,0.769,1.0,0.533,7.54
846,20.141,19,15,36,0.778,0.833,0.536,8.84
847,27.015,19,14,33,0.848,1.0,0.357,5.61
848,-118.128,11,34,48,0.75,0.688,0.417,13.29
849,-68.775,15,28,45,0.778,0.889,0.371,9.81
850,-50.708,19,29,51,0.784,0.765,0.25,8.56
851,65.984,24,11,37,0.865,0.75,0.438,8.24
852,87.054,29,12,44,0.932,0.889,0.561,9.02
853,-103.196,8,28,38,0.763,0.444,0.31,9.93
854,73.911,27,12,47,0.936,1.0,0.364,7.68
855,50.168,21,11,38,0.868,0.667,0.515,9.69
856,-86.344,13,30,44,0.818,0.769,0.278,9.3
857,-55.26,17,27,46,0.696,0.6,0.594,11.05
858,-2.473,21,21,45,0.822,0.8,0.541,14.98
859,-42.668,20,28,51,0.706,0.625,0.278,13.16
860,25.823,18,13,33,0.727,0.5,0.458,8.98
861,18.269,23,19,44,0.841,0.9,0.378,9.46
862,40.59,26,18,45,0.867,0.8,0.641,6.34
863,-33.178,18,24,48,0.583,0.8,0.357,12.7
864,67.238,20,7,30,0.867,1.0,0.462,8.23
865,34.808,22,15,40,0.825,1.0,0.545,8.0
866,9.289,19,17,39,0.821,0.667,0.312,8.34
867,51.473,28,18,51,0.882,0.842,0.467,11.78
868,-16.798,20,23,44,0.75,0.778,0.515,8.34
869,56.793,23,12,36,0.833,0.5,0.567,6.66
870,56.633,26,14,47,0.787,1.0,0.514,5.98
871,17.938,19,15,42,0.857,0.875,0.361,11.09
872,19.245,21,17,41,0.756,1.0,0.323,8.87
873,-7.936,24,25,49,0.816,0.875,0.4,9.5
874,35.999,18,11,32,0.875,0.0,0.464,6.54
875,42.061,28,19,49,0.816,0.909,0.5,8.43
876,15.699,19,16,36,0.861,0.0,0.516,4.97
877,-10.08,21,23,46,0.848,0.875,0.256,11.95
878,-19.103,15,18,35,0.8,0.875,0.357,8.47
879,-19.714,16,20,36,0.889,0.857,0.531,11.16
880,18.516,23,19,45,0.8,0.7,0.444,8.04
881,63.073,29,17,52,0.923,0.875,0.396,5.58
882,-40.37,20,27,50,0.72,0.727,0.306,9.58
883,-4.92,21,22,45,0.6,0.375,0.407,9.63
884,-7.336,21,22,49,0.857,0.875,0.476,14.87
885,-42.987,21,29,52,0.712,0.786,0.27,10.52
886,-27.925,17,22,43,0.86,0.867,0.378,8.35
887,-47.584,20,29,51,0.843,0.818,0.419,9.4
888,39.276,26,18,46,0.826,0.727,0.474,9.4
889,-14.433,19,21,46,0.826,0.733,0.421,8.41
890,7.829,22,20,47,0.723,0.81,0.441,10.94
891,81.838,23,7,31,0.839,0.0,0.654,5.71
892,27.109,20,15,37,0.919,0.857,0.441,8.8
893,26.501,19,14,37,0.865,0.667,0.688,8.0
894,-8.095,22,23,50,0.78,0.778,0.282,11.92
895,73.874,28,13,43,0.884,0.909,0.421,6.8
896,82.299,27,11,39,1.0,1.0,0.564,7.23
897,-38.523,16,23,44,0.682,0.65,0.333,12.89
898,68.911,27,13,42,0.857,1.0,0.389,9.68
899,69.404,22,8,30,0.867,1.0,0.423,6.94
900,-8.136,24,25,50,0.7,0.857,0.314,9.09
901,28.657,19,13,34,0.824,0.0,0.393,11.76
902,14.627,19,16,39,0.821,0.9,0.469,10.39
903,29.782,18,12,32,0.688,0.5,0.455,7.21
904,13.94,23,20,46,0.87,0.867,0.575,8.82
905,-98.515,12,31,44,0.75,0.824,0.333,11.39
906,-36.128,20,27,49,0.714,0.643,0.457,14.17
907,-10.053,26,28,57,0.772,0.833,0.295,8.7
908,-109.893,13,34,56,0.732,0.727,0.244,12.71
909,44.786,21,12,34,0.971,1.0,0.333,8.53
910,88.906,25,8,36,0.889,1.0,0.5,6.02
911,97.089,27,8,37,0.865,1.0,0.531,6.92
912,28.472,22,16,44,0.818,0.75,0.528,11.04
913,-51.029,12,22,35,0.886,1.0,0.29,10.33
914,-1.596,20,20,48,0.833,0.917,0.3,9.2
915,-9.682,21,22,48,0.917,0.889,0.364,9.37
916,29.092,23,17,45,0.822,0.818,0.432,11.63
917,-20.98,18,22,41,0.78,0.667,0.406,10.35
918,29.538,19,13,35,0.829,0.6,0.448,10.32
919,37.429,23,15,40,0.875,0.875,0.257,5.77
920,57.669,20,9,35,0.914,1.0,0.531,7.65
921,-37.712,13,20,37,0.865,0.75,0.5,12.04
922,50.593,23,13,39,0.872,1.0,0.529,9.63
923,-60.189,12,23,39,0.769,0.769,0.367,11.2
924,-14.248,22,24,50,0.76,0.75,0.474,12.09
925,58.042,27,15,45,0.844,0.4,0.447,7.39
926,9.374,20,18,42,0.929,1.0,0.667,9.45
927,-33.105,18,24,44,0.841,0.875,0.514,14.41
928,7.885,24,23,51,0.882,0.8,0.489,10.45
929,33.805,23,16,41,0.756,0.5,0.484,7.47
930,3.764,17,16,37,0.757,0.667,0.464,9.75
931,-8.256,14,16,31,1.0,1.0,0.581,7.24
932,36.131,20,13,34,0.941,1.0,0.562,7.76
933,33.161,22,15,42,0.952,0.9,0.475,9.43
934,-8.713,25,26,53,0.774,0.75,0.463,13.64
935,-16.448,20,23,47,0.915,1.0,0.349,10.6
936,45.463,20,11,31,0.71,0.0,0.409,6.94
937,-69.427,13,26,43,0.767,0.667,0.576,13.69
938,43.562,26,17,43,0.93,1.0,0.4,5.68
939,10.054,18,16,39,0.923,1.0,0.472,10.96
940,93.108,27,9,37,0.838,0.833,0.516,9.34
941,-10.428,16,18,35,0.771,0.75,0.481,7.57
942,49.314,31,21,53,0.887,0.8,0.383,6.79
943,9.66,21,19,42,0.738,0.8,0.387,8.93
944,-13.095,22,24,47,0.766,0.769,0.417,10.89
945,78.973,28,12,45,0.933,1.0,0.476,18.45
946,29.952,20,14,37,0.892,1.0,0.424,9.94
947,-7.447,21,22,46,0.848,0.636,0.462,16.36
948,53.331,19,9,37,0.865,0.8,0.375,10.11
949,-13.541,21,23,51,0.843,0.895,0.512,12.56
950,8.797,25,23,50,0.86,1.0,0.512,7.82
951,18.304,24,20,45,0.8,0.812,0.333,8.89
952,10.401,22,20,42,0.881,1.0,0.459,8.23
953,-11.321,25,27,55,0.745,0.765,0.317,11.9
954,-6.387,25,26,54,0.759,0.867,0.341,13.18
955,-65.259,16,28,47,0.787,0.625,0.351,12.93
956,-17.643,20,23,48,0.604,0.65,0.448,12.08
957,-40.557,19,26,48,0.729,0.789,0.371,13.47
958,-21.614,21,25,47,0.766,0.75,0.389,11.28
959,13.2,25,22,50,0.68,0.75,0.353,11.95
960,-37.933,16,23,44,0.886,1.0,0.359,10.79
961,62.735,27,14,42,0.905,1.0,0.447,7.67
962,34.323,19,12,36,0.778,0.8,0.321,9.63
963,-31.962,18,24,48,0.875,0.8,0.405,15.77
964,45.34,23,14,42,0.881,0.75,0.595,7.65
965,23.497,25,20,46,0.761,0.6,0.657,7.15
966,23.75,24,19,46,0.717,0.625,0.515,11.48
967,43.772,24,15,42,0.81,0.571,0.353,9.55
968,5.367,22,21,44,0.841,0.875,0.432,9.78
969,-17.345,18,21,42,0.81,0.833,0.324,11.09
970,56.205,28,17,47,0.851,0.8,0.675,8.48
971,61.9,30,17,49,0.878,0.75,0.326,9.82
972,-8.463,18,19,42,0.881,0.929,0.459,13.12
973,33.571,23,16,40,0.85,0.857,0.5,8.14
974,54.106,23,12,36,0.889,1.0,0.625,5.74
975,-35.501,16,23,41,0.707,0.812,0.379,10.57
976,-15.292,14,17,32,0.906,1.0,0.414,8.87
977,70.186,30,16,47,0.702,1.0,0.576,8.75
978,121.883,31,7,39,0.872,1.0,0.588,4.6
979,23.774,16,11,34,0.735,0.5,0.6,6.07
980,29.908,21,15,42,0.81,0.857,0.353,8.09
981,94.716,30,11,43,0.884,1.0,0.605,5.76
982,-42.307,18,26,45,0.867,0.929,0.385,12.61
983,77.933,27,11,41,0.927,1.0,0.447,9.19
984,-5.704,19,20,40,0.85,1.0,0.324,9.75
985,59.115,28,16,47,0.83,1.0,0.436,8.13
986,60.803,26,14,41,0.732,0.8,0.467,9.09
987,49.89,29,19,52,0.712,0.667,0.514,9.07
988,-68.48,14,27,47,0.745,0.647,0.4,14.38
989,-3.079,21,21,44,0.727,0.769,0.562,10.27
990,13.488,21,18,46,0.848,0.909,0.487,12.31
991,-16.792,19,22,44,0.795,0.733,0.429,12.39
992,-21.778,17,21,41,0.707,0.8,0.379,8.96
993,-26.825,18,23,45,0.733,0.667,0.303,8.01
994,-1.007,19,19,40,0.9,1.0,0.306,9.7
995,10.664,24,21,46,0.761,0.667,0.343,9.03
996,46.378,22,13,40,0.8,1.0,0.406,7.13
997,64.579,29,16,48,0.896,0.0,0.535,7.37
998,8.305,19,17,38,0.816,0.667,0.484,8.78
999,16.23,19,16,38,0.789,0.857,0.6,10.33
1000,13.15,21,18,43,0.744,0.444,0.375,11.34
1001,-13.67,19,21,46,0.87,1.0,0.3,10.12
1002,-43.183,17,25,45,0.689,0.714,0.323,11.12
1003,-27.238,25,30,56,0.786,0.812,0.364,12.32
1004,-53.823,15,25,40,0.5,0.5,0.35,10.92
1005,5.443,20,19,39,0.897,0.833,0.4,9.27
1006,-16.421,21,24,47,0.723,0.667,0.5,10.39
1007,30.138,21,15,37,0.919,0.0,0.5,5.45
1008,28.055,24,18,42,0.786,0.714,0.333,6.37
1009,-7.091,16,17,41,0.585,0.545,0.417,8.78
1010,38.08,19,11,33,0.788,1.0,0.462,8.0
1011,-6.519,24,25,55,0.8,0.875,0.318,11.19
1012,28.636,21,15,37,0.568,0.5,0.333,8.7
1013,39.102,24,16,45,0.822,1.0,0.405,9.24
1014,-51.833,14,24,41,0.683,0.6,0.357,8.67
1015,49.633,31,21,55,0.891,1.0,0.51,10.37
1016,-48.016,14,23,48,0.729,0.857,0.314,12.16
1017,31.663,25,19,44,0.705,0.286,0.419,7.27
1018,-54.493,18,28,49,0.776,0.875,0.368,10.88
1019,54.26,25,14,42,0.857,1.0,0.611,7.34
1020,4.243,19,17,40,0.825,1.0,0.273,9.18
1021,60.643,26,14,46,0.739,0.75,0.559,8.09
1022,22.046,26,21,54,0.833,0.85,0.489,8.74
1023,-2.162,25,25,55,0.8,0.857,0.364,7.73
1024,-16.826,17,20,40,0.85,0.778,0.412,10.55
1025,15.015,21,18,39,0.615,0.556,0.5,9.56
1026,70.32,22,8,32,0.781,1.0,0.6,5.68
1027,69.978,27,13,43,0.791,1.0,0.588,7.91
1028,99.709,30,10,44,0.727,0.733,0.344,7.89
1029,25.158,25,20,47,0.894,0.875,0.357,9.71
1030,34.09,26,19,46,0.848,0.7,0.513,6.79
1031,-26.887,17,22,41,0.78,0.625,0.344,9.75
1032,-41.305,17,25,46,0.804,0.933,0.324,8.6
1033,44.893,24,15,44,0.841,0.0,0.568,8.75
1034,52.43,24,13,41,0.732,0.714,0.533,6.73
1035,24.525,20,15,36,0.833,0.857,0.467,9.43
1036,-6.471,20,21,43,0.907,0.8,0.41,6.51
1037,62.779,24,11,39,0.872,1.0,0.412,5.26
1038,50.802,25,15,43,0.907,0.0,0.538,8.27
1039,29.132,22,16,43,0.93,1.0,0.5,8.97
1040,37.954,23,15,38,0.789,1.0,0.467,5.47
1041,26.254,18,13,32,0.75,0.75,0.417,9.91
1042,41.866,17,9,31,0.871,1.0,0.667,5.45
1043,-114.139,13,35,53,0.811,0.75,0.326,12.32
1044,45.898,23,14,37,0.865,1.0,0.312,8.35
1045,6.534,20,18,43,0.837,0.833,0.472,9.85
1046,-3.707,26,26,54,0.796,0.75,0.442,11.82
1047,71.108,20,6,29,0.897,1.0,0.538,5.34
1048,-84.318,10,26,45,0.8,0.688,0.278,11.56
1049,-2.155,26,26,56,0.786,0.889,0.568,10.28
1050,112.361,30,8,39,0.744,0.5,0.414,6.09
1051,-6.784,25,26,52,0.673,0.692,0.314,9.12
1052,27.12,24,18,47,0.766,0.917,0.444,9.27
1053,7.245,22,20,45,0.733,0.6,0.364,9.59
1054,-6.71,22,23,49,0.714,0.846,0.371,11.64
1055,43.183,25,16,45,0.756,1.0,0.412,8.53
1056,52.784,22,12,36,0.75,0.0,0.556,7.47
1057,48.97,31,21,52,0.827,1.0,0.535,6.56
1058,-82.023,16,32,51,0.608,0.6,0.355,16.2
1059,86.124,26,9,37,0.649,0.714,0.375,7.88
1060,-18.1,19,22,45,0.622,0.538,0.321,11.15
1061,19.43,21,17,38,0.868,1.0,0.576,6.88
1062,-0.327,23,23,46,0.674,0.75,0.581,10.07
1063,-12.998,14,16,32,0.75,1.0,0.417,9.31
1064,-31.771,18,24,48,0.688,0.778,0.303,8.57
1065,22.908,22,17,43,0.698,0.714,0.433,8.52
1066,-13.749,19,21,45,0.711,0.667,0.344,8.3
1067,11.024,17,14,34,0.824,1.0,0.5,7.28
1068,-34.23,18,24,43,0.674,0.875,0.31,9.38
1069,28.106,24,18,44,0.727,0.5,0.406,9.34
1070,71.851,22,8,33,0.788,1.0,0.5,5.79
1071,64.401,24,11,37,0.784,1.0,0.586,7.11
1072,-52.734,19,29,50,0.76,0.8,0.342,10.27
1073,-27.168,16,21,43,0.605,0.727,0.346,12.31
1074,8.7,25,23,51,0.804,0.889,0.537,9.81
1075,45.5,25,16,46,0.783,0.842,0.444,11.93
1076,7.293,21,19,45,0.889,0.75,0.325,8.61
1077,23.699,21,16,42,0.81,1.0,0.382,11.45
1078,27.783,21,15,39,0.846,0.818,0.485,11.43
1079,-14.564,24,26,51,0.804,0.8,0.366,6.86
1080,40.808,22,14,42,0.833,1.0,0.457,10.68
1081,-78.111,18,33,52,0.712,0.667,0.351,14.96
1082,55.191,23,12,38,0.605,0.833,0.652,8.5
1083,45.424,27,18,49,0.816,1.0,0.55,11.11
1084,8.577,19,17,37,0.595,0.5,0.409,6.76
1085,-23.327,20,24,46,0.652,0.556,0.467,8.94
1086,50.581,22,12,39,0.692,0.875,0.333,8.02
1087,-11.137,21,23,46,0.848,0.857,0.564,10.12
1088,8.274,23,21,44,0.636,0.722,0.393,12.79
1089,15.029,23,20,43,0.791,0.6,0.529,7.99
1090,-17.224,21,24,54,0.667,0.667,0.333,13.42
1091,12.962,25,22,47,0.702,0.6,0.424,7.57
1092,-63.036,16,28,47,0.638,0.765,0.333,11.26
1093,25.573,21,16,41,0.707,0.8,0.483,12.81
1094,18.153,22,18,43,0.814,0.8,0.343,8.08
1095,30.557,23,17,45,0.756,0.667,0.441,12.38
1096,46.914,21,12,35,0.857,0.857,0.433,6.34
1097,-17.811,23,26,49,0.592,0.714,0.276,10.19
1098,61.047,20,8,31,0.871,0.857,0.593,5.88
1099,44.224,25,16,41,0.707,0.75,0.31,8.41
1100,77.184,24,9,33,0.818,0.778,0.556,6.55
1101,60.215,28,16,45,0.8,0.8,0.472,9.87
1102,39.044,22,14,41,0.683,0.769,0.429,9.61
1103,23.081,23,18,47,0.702,0.778,0.606,10.08
1104,96.208,29,10,39,0.795,1.0,0.419,6.45
1105,48.861,24,14,41,0.805,0.818,0.424,9.59
1106,-0.346,21,21,46,0.674,0.5,0.387,11.09
1107,-22.365,18,22,42,0.643,0.929,0.407,10.82
1108,64.347,29,16,46,0.783,0.818,0.528,8.48
1109,35.039,21,14,38,0.711,1.0,0.333,8.57
1110,73.104,26,11,43,0.605,0.429,0.538,8.08
1111,-68.781,18,31,50,0.72,0.625,0.389,11.07
1112,-6.071,21,22,45,0.733,0.778,0.303,8.04
1113,-14.739,15,18,33,0.727,1.0,0.5,8.22
1114,-60.181,17,29,52,0.692,1.0,0.278,9.09
1115,5.014,16,15,31,0.774,1.0,0.458,6.12
1116,32.076,23,17,44,0.773,0.8,0.559,10.97
1117,55.535,21,10,34,0.824,0.857,0.571,6.19
1118,-74.488,20,34,58,0.741,0.765,0.395,13.38
1119,53.733,25,14,43,0.744,1.0,0.375,7.63
1120,63.761,28,15,45,0.756,0.75,0.5,10.1
1121,40.17,23,15,40,0.725,0.5,0.345,7.49
1122,64.428,28,15,46,0.848,0.75,0.41,9.63
1123,-67.528,12,25,42,0.762,0.929,0.406,12.08
1124,-32.785,19,25,45,0.733,0.8,0.394,10.1
1125,39.845,25,17,44,0.727,1.0,0.375,8.35
1126,45.589,23,14,42,0.81,1.0,0.412,8.18
1127,18.659,20,16,41,0.732,0.778,0.433,9.62
1128,36.407,18,11,33,0.727,1.0,0.625,7.6
1129,54.306,20,9,31,0.71,0.5,0.409,7.96
1130,52.423,23,13,38,0.658,1.0,0.4,8.25
1131,57.434,23,12,35,0.743,0.4,0.462,7.09
1132,58.198,22,11,37,0.757,0.667,0.357,10.07
1133,9.277,21,19,43,0.698,0.625,0.433,12.97
1134,44.198,19,10,32,0.906,1.0,0.517,6.83
1135,-52.762,18,28,49,0.816,0.783,0.4,15.54
1136,-62.39,14,26,43,0.605,0.533,0.346,13.0
1137,-61.17,16,28,45,0.778,0.75,0.371,9.58
1138,39.119,25,17,44,0.727,0.8,0.531,9.87
1139,-38.081,23,30,56,0.821,0.812,0.326,9.9
1140,-86.561,18,35,56,0.804,0.857,0.333,13.69
1141,15.902,32,29,63,0.746,0.714,0.362,15.52
1142,3.686,18,17,40,0.65,0.875,0.5,9.71
1143,41.468,22,14,38,0.842,0.857,0.562,10.8
1144,39.328,25,17,48,0.688,0.667,0.394,10.99
1145,45.464,21,12,37,0.784,1.0,0.379,8.62
1146,23.171,22,17,40,0.75,1.0,0.367,7.81
1147,119.371,31,8,40,0.875,1.0,0.429,5.78
1148,-1.829,18,18,38,0.605,0.5,0.435,10.74
1149,53.505,27,16,50,0.86,1.0,0.395,8.26
1150,16.367,23,20,44,0.818,0.846,0.389,14.03
1151,27.272,23,17,41,0.805,0.9,0.333,8.63
1152,4.625,19,18,40,0.75,0.909,0.367,8.16
1153,34.652,25,18,46,0.783,0.857,0.25,10.35
1154,127.779,32,7,41,0.756,1.0,0.581,6.01
1155,-11.088,26,28,59,0.797,0.765,0.404,10.49
1156,18.536,18,14,33,0.818,1.0,0.556,8.81
1157,-29.559,19,25,46,0.87,1.0,0.375,12.01
1158,105.737,32,11,45,0.667,0.786,0.6,7.72
1159,12.042,23,20,45,0.6,0.429,0.444,10.22
1160,49.659,21,11,32,0.719,1.0,0.391,5.93
1161,-27.199,16,21,39,0.718,0.75,0.393,8.87
1162,-8.058,23,24,48,0.854,1.0,0.366,8.05
1163,-43.127,19,27,51,0.824,0.875,0.381,12.09
1164,35.327,27,20,49,0.673,0.8,0.394,9.4
1165,-71.107,19,32,53,0.698,0.7,0.27,12.09
1166,51.116,21,11,33,0.818,0.5,0.519,6.61
1167,-11.107,18,20,42,0.786,0.8,0.394,7.08
1168,97.731,28,9,40,0.8,1.0,0.438,7.53
1169,-23.181,17,21,39,0.718,0.846,0.357,10.79
1170,-21.45,19,23,45,0.756,0.75,0.324,8.65
1171,90.836,24,6,33,0.818,1.0,0.407,5.87
1172,38.648,28,20,49,0.714,0.647,0.429,9.09
1173,69.697,26,12,40,0.925,1.0,0.649,9.18
1174,31.56,21,15,38,0.816,0.778,0.516,10.33
1175,49.997,21,11,36,0.806,0.889,0.448,9.48
1176,-2.499,18,18,36,0.639,0.571,0.435,8.01
1177,-31.383,17,23,40,0.625,0.714,0.24,9.98
1178,65.329,23,10,33,0.697,1.0,0.652,8.12
1179,23.737,21,16,39,0.718,0.5,0.429,7.28
1180,-1.063,23,23,48,0.792,0.857,0.395,7.85
1181,-30.258,21,26,48,0.625,0.667,0.367,8.49
1182,23.135,26,21,51,0.706,0.571,0.306,9.05
1183,12.824,15,12,31,0.581,0.0,0.5,7.67
1184,39.769,24,16,44,0.682,0.556,0.467,10.99
1185,-47.656,16,25,47,0.809,0.75,0.421,9.53
1186,13.283,21,18,40,0.725,0.857,0.414,10.27
1187,39.897,22,14,39,0.846,0.909,0.455,7.3
1188,47.996,26,16,44,0.818,1.0,0.389,7.68
1189,37.356,21,13,39,0.769,0.833,0.367,8.64
1190,-15.951,16,19,39,0.821,1.0,0.406,8.84
1191,-53.031,21,31,53,0.698,0.65,0.243,11.51
1192,25.502,26,21,50,0.76,0.778,0.526,9.79
1193,38.752,24,16,44,0.75,0.889,0.455,10.53
1194,-39.333,15,22,47,0.809,0.8,0.342,11.95
1195,-10.693,19,21,46,0.717,0.636,0.333,9.65
1196,54.827,27,16,43,0.791,0.833,0.412,6.1
1197,-31.852,20,26,50,0.74,0.778,0.459,8.72
1198,-68.499,17,30,50,0.62,0.682,0.355,11.01
1199,-47.787,15,24,43,0.744,1.0,0.344,6.91
1200,-17.144,18,21,47,0.681,0.333,0.281,10.35
1201,39.974,24,16,43,0.744,0.875,0.531,12.02
1202,20.88,20,16,37,0.838,1.0,0.419,10.07
1203,-148.647,10,39,52,0.673,0.619,0.343,12.58
1204,-26.199,20,25,47,0.617,0.786,0.379,11.93
1205,16.566,21,18,41,0.659,0.579,0.333,10.76
1206,71.122,26,12,41,0.805,0.75,0.515,7.23
1207,-33.241,16,22,38,0.711,0.714,0.296,11.29
1208,23.975,18,13,34,0.824,0.625,0.464,9.11
1209,-67.034,15,28,46,0.652,0.462,0.367,11.98
1210,-42.419,19,27,47,0.66,0.929,0.419,8.01
1211,98.836,27,8,35,0.857,1.0,0.533,6.85
1212,2.067,20,19,43,0.721,0.833,0.419,9.53
1213,74.603,24,9,33,0.667,0.5,0.591,8.46
1214,-98.981,14,33,52,0.462,0.5,0.292,15.63
1215,38.421,24,16,43,0.581,0.5,0.4,9.84
1216,-46.668,19,28,47,0.638,0.733,0.467,12.4
1217,-30.445,17,23,42,0.595,0.421,0.4,10.29
1218,33.679,23,16,40,0.6,0.6,0.292,8.24
1219,43.456,24,15,40,0.5,0.6,0.4,10.24
1220,7.603,21,19,40,0.775,0.0,0.452,7.14
1221,-32.865,16,22,39,0.641,0.545,0.4,9.74
1222,24.984,15,10,27,0.741,1.0,0.4,8.62
1223,-47.499,17,26,49,0.694,0.667,0.441,12.57
1224,46.317,21,12,37,0.838,0.667,0.548,7.36
1225,71.236,27,12,46,0.761,0.833,0.429,10.69
1226,31.499,25,19,48,0.75,0.75,0.444,8.35
1227,-38.856,19,26,46,0.761,1.0,0.343,10.05
1228,59.504,23,11,37,0.703,0.6,0.385,6.4
1229,-51.775,16,26,44,0.75,0.769,0.394,8.13
1230,-27.201,20,25,47,0.745,0.737,0.343,9.88
1231,-8.522,18,19,41,0.78,0.909,0.25,10.04
1232,86.844,28,11,39,0.744,0.0,0.517,6.73
1233,1.008,22,22,48,0.646,0.571,0.452,9.92
1234,36.287,16,9,27,0.556,1.0,0.467,7.45
1235,3.784,24,23,51,0.784,0.846,0.325,9.28
1236,13.851,21,18,44,0.591,0.5,0.423,7.65
1237,-26.404,19,24,44,0.614,0.375,0.259,9.94
1238,8.788,20,18,39,0.846,0.846,0.333,7.91
1239,72.149,21,7,28,0.929,1.0,0.538,5.9
1240,-11.125,24,26,54,0.537,0.529,0.414,14.5
1241,17.332,20,16,40,0.725,0.8,0.483,8.36
1242,86.969,29,12,42,0.69,1.0,0.483,8.88
1243,-25.438,20,24,48,0.729,0.643,0.314,6.69
1244,74.879,24,9,36,0.722,0.0,0.346,5.67
1245,-70.886,16,30,51,0.686,0.556,0.371,16.15
1246,89.61,34,16,50,0.7,0.714,0.343,6.04
1247,78.654,26,10,37,0.757,0.75,0.464,6.57
1248,-34.457,19,25,50,0.62,0.625,0.226,12.07
1249,89.658,29,11,43,0.744,0.5,0.375,6.9
1250,91.357,30,12,45,0.844,0.833,0.421,7.83
1251,34.885,25,18,47,0.872,0.667,0.341,10.21
1252,7.048,25,23,50,0.78,0.75,0.41,7.98
1253,-78.039,15,30,46,0.783,0.647,0.306,10.17
1254,6.512,21,19,49,0.796,0.667,0.41,12.08
1255,-68.054,14,27,47,0.723,0.667,0.353,13.01
1256,-16.793,19,22,43,0.674,0.583,0.448,9.15
1257,5.681,22,20,46,0.652,0.562,0.433,9.22
1258,11.331,26,23,51,0.843,0.812,0.512,5.84
1259,8.063,18,16,37,0.73,0.714,0.37,10.79
1260,75.756,28,13,41,0.659,0.571,0.296,7.49
1261,12.957,20,17,40,0.725,1.0,0.517,6.99
1262,83.411,29,12,42,0.81,0.4,0.353,8.99
1263,51.686,19,9,29,0.586,0.0,0.529,6.91
1264,54.03,29,18,51,0.608,0.6,0.355,11.49
1265,39.383,26,18,48,0.833,0.875,0.425,9.02
1266,63.783,23,10,40,0.75,0.5,0.467,6.71
1267,12.112,28,25,56,0.75,0.786,0.262,10.4
1268,24.843,27,21,49,0.673,0.625,0.303,10.01
1269,75.657,24,9,34,0.824,0.0,0.5,5.35
1270,5.132,23,22,47,0.766,0.9,0.333,9.7
1271,-47.383,14,23,42,0.714,0.667,0.3,11.27
1272,59.818,23,11,36,0.778,0.8,0.464,7.84
1273,-21.584,17,21,38,0.737,0.818,0.321,8.24
1274,3.244,21,20,48,0.75,0.786,0.333,12.64
1275,-86.866,10,27,44,0.818,0.875,0.222,9.57
1276,-31.032,22,27,51,0.902,0.933,0.304,8.32
1277,-22.456,18,22,45,0.667,0.5,0.3,14.45
1278,54.223,23,12,42,0.833,0.9,0.457,10.21
1279,38.919,23,15,41,0.829,0.875,0.412,7.55
1280,73.817,29,14,45,0.8,0.667,0.333,6.44
1281,118.36,30,7,37,0.865,1.0,0.656,4.22
1282,-0.648,20,20,41,0.854,0.889,0.457,8.74
1283,28.31,19,13,38,0.868,1.0,0.333,7.31
1284,62.18,25,13,40,0.8,0.846,0.469,4.4
1285,68.146,28,14,48,0.854,1.0,0.439,6.07
1286,54.352,27,16,44,0.818,0.8,0.361,6.76
1287,-50.082,22,31,57,0.737,0.76,0.333,12.79
1288,56.373,25,14,39,0.744,0.75,0.448,9.7
1289,61.322,23,11,36,0.639,1.0,0.348,8.0
1290,13.208,21,18,42,0.833,0.778,0.429,10.46
1291,-61.714,19,31,55,0.745,0.917,0.317,9.7
1292,-6.951,22,23,46,0.739,0.222,0.441,9.27
1293,-27.882,19,24,45,0.733,0.667,0.333,11.71
1294,-45.291,22,30,55,0.618,0.733,0.353,8.5
1295,-3.177,26,26,53,0.679,0.611,0.389,9.0
1296,7.001,14,12,29,0.862,1.0,0.36,5.21
1297,66.008,22,9,35,0.857,0.75,0.467,6.34
1298,74.756,25,10,42,0.881,1.0,0.514,7.51
1299,82.621,25,9,37,0.838,0.0,0.484,5.55
1300,107.988,26,5,35,0.886,0.0,0.516,5.23
1301,-7.687,19,20,40,0.725,0.5,0.414,8.54
1302,100.97,26,6,33,0.788,0.0,0.5,4.27
1303,52.567,24,14,38,0.737,1.0,0.393,8.34
1304,65.915,27,14,44,0.545,0.5,0.375,9.26
1305,3.79,23,22,45,0.733,0.6,0.364,7.35
1306,-23.335,23,27,52,0.808,0.786,0.357,9.52
1307,54.548,24,13,39,0.795,0.833,0.387,8.78
1308,-2.78,17,17,39,0.821,0.833,0.5,10.59
1309,35.589,18,11,32,0.75,0.0,0.458,8.29
1310,30.106,27,21,49,0.837,1.0,0.463,6.73
1311,66.79,27,14,45,0.822,1.0,0.676,7.73
1312,77.312,28,13,41,0.829,0.6,0.471,6.72
1313,7.468,17,15,37,0.865,0.0,0.531,8.9
1314,-108.776,8,29,44,0.795,0.714,0.343,12.99
1315,20.98,22,17,46,0.696,0.75,0.375,9.15
1316,4.491,15,14,32,0.594,0.333,0.316,6.78
1317,55.284,21,10,32,0.781,1.0,0.4,7.02
1318,97.53,29,10,40,0.75,0.5,0.567,7.4
1319,41.631,27,19,46,0.783,0.909,0.472,7.93
1320,-22.323,18,22,41,0.683,0.6,0.286,10.72
1321,-33.027,13,19,36,0.667,0.0,0.375,8.66
1322,-3.49,21,21,47,0.702,0.455,0.303,11.35
1323,-33.008,14,20,38,0.658,0.667,0.32,9.46
1324,28.77,22,16,42,0.857,1.0,0.472,5.46
1325,-59.049,23,34,61,0.607,0.632,0.324,11.17
1326,57.694,28,16,48,0.833,0.667,0.35,9.03
1327,-13.571,20,22,45,0.844,0.833,0.579,11.52
1328,91.506,26,8,36,0.778,0.667,0.429,7.96
1329,103.007,27,7,38,0.763,1.0,0.655,5.53
1330,-69.12,15,28,44,0.773,0.875,0.353,9.96
1331,-29.307,19,24,46,0.739,0.875,0.265,13.41
1332,18.652,21,17,40,0.75,0.5,0.267,7.78
1333,-4.905,21,22,44,0.75,0.556,0.333,10.42
1334,-30.726,18,24,47,0.766,0.9,0.361,9.52
1335,-6.864,24,25,52,0.673,0.696,0.429,13.93
1336,59.702,25,13,42,0.786,1.0,0.455,7.98
1337,-20.726,22,26,54,0.87,1.0,0.34,11.59
1338,-32.404,22,28,50,0.76,0.714,0.342,7.94
1339,14.545,24,21,48,0.833,0.833,0.425,6.99
1340,-54.967,16,26,47,0.745,0.929,0.4,10.1
1341,80.367,30,14,48,0.812,1.0,0.385,8.16
1342,74.164,28,13,49,0.816,1.0,0.475,6.07
1343,55.667,29,17,48,0.833,0.818,0.425,9.71
1344,35.594,23,16,41,0.732,0.833,0.333,11.4
1345,18.257,26,22,49,0.714,0.812,0.286,10.78
1346,-41.145,16,23,41,0.707,0.75,0.207,8.64
1347,18.838,22,18,43,0.744,1.0,0.406,6.75
1348,-10.239,20,21,46,0.652,0.647,0.267,8.91
1349,-1.246,23,23,49,0.776,0.824,0.474,10.33
1350,21.366,27,22,49,0.857,0.889,0.429,7.91
1351,59.755,20,8,29,0.828,0.0,0.458,6.49
1352,40.554,21,13,38,0.737,0.714,0.5,9.61
1353,-101.611,15,34,53,0.811,0.833,0.326,15.31
1354,68.908,25,11,38,0.789,0.75,0.5,9.08
1355,28.05,22,16,43,0.767,0.8,0.485,8.59
1356,74.777,24,9,37,0.865,1.0,0.469,5.79
1357,65.166,22,9,36,0.917,1.0,0.697,7.96
1358,56.232,23,12,37,0.784,0.75,0.448,5.99
1359,-27.465,14,19,35,0.686,0.75,0.542,8.1
1360,98.591,29,9,40,0.85,0.833,0.5,6.31
1361,53.273,25,14,43,0.884,1.0,0.316,7.37
1362,60.385,30,18,53,0.811,0.667,0.628,9.31
1363,-0.012,13,13,28,0.714,1.0,0.45,7.88
1364,51.715,21,11,33,0.727,1.0,0.542,7.59
1365,61.109,25,13,39,0.744,0.875,0.448,9.51
1366,27.843,26,20,48,0.875,0.818,0.571,10.38
1367,54.278,29,18,51,0.804,1.0,0.415,7.91
1368,35.024,19,12,32,0.812,0.667,0.462,4.52
1369,20.147,21,17,39,0.744,0.778,0.345,8.11
1370,-27.5,15,20,38,0.553,0.571,0.381,11.48
1371,111.571,33,11,50,0.78,0.75,0.462,7.76
1372,64.334,27,14,41,0.78,1.0,0.281,8.49
1373,-26.871,21,26,47,0.787,0.769,0.297,9.9
1374,49.345,25,15,45,0.822,0.5,0.405,7.08
1375,38.681,19,11,36,0.75,0.333,0.556,8.71
1376,30.64,23,17,42,0.81,1.0,0.294,6.79
1377,-2.557,21,21,45,0.778,0.636,0.343,13.27
1378,94.361,23,5,29,0.621,0.0,0.611,6.69
1379,-77.233,14,29,45,0.911,1.0,0.268,8.04
1380,40.095,23,15,38,0.921,1.0,0.457,7.44
1381,18.766,20,16,39,0.744,0.0,0.414,10.19
1382,-103.178,10,30,44,0.818,0.667,0.278,10.56
1383,76.183,23,8,31,0.774,1.0,0.458,5.03
1384,-19.114,18,21,40,0.85,0.714,0.324,9.68
1385,59.301,32,20,53,0.83,1.0,0.318,10.41
1386,-19.181,16,19,38,0.789,0.571,0.367,10.38
1387,-29.754,17,23,41,0.805,1.0,0.303,10.23
1388,0.439,17,16,38,0.842,1.0,0.344,7.32
1389,28.134,26,20,46,0.804,1.0,0.27,8.48
1390,54.627,26,15,43,0.721,0.5,0.323,8.33
1391,-63.179,14,26,44,0.773,0.643,0.382,11.12
1392,-26.272,15,20,37,0.73,0.75,0.333,11.25
1393,59.898,20,8,28,0.714,1.0,0.4,7.9
1394,-27.05,21,26,53,0.83,0.8,0.636,9.91
1395,4.052,19,18,40,0.85,0.8,0.324,7.05
1396,14.744,23,20,45,0.911,1.0,0.341,6.85
1397,-7.07,22,23,48,0.833,0.889,0.375,13.15
1398,28.588,19,13,32,0.844,1.0,0.481,5.93
1399,-1.75,23,23,49,0.878,0.909,0.302,7.2
1400,-58.222,10,21,34,0.912,1.0,0.258,8.82
1401,15.984,23,19,42,0.762,1.0,0.5,6.25
1402,1.739,17,16,35,0.886,1.0,0.387,6.78
1403,-36.515,13,20,39,0.821,0.75,0.375,10.1
1404,-77.821,22,37,60,0.833,1.0,0.26,10.14
1405,65.64,25,12,38,0.737,0.667,0.571,6.94
1406,17.49,25,21,48,0.75,1.0,0.361,9.64
1407,-21.935,26,30,61,0.836,0.909,0.275,13.4
1408,18.508,24,20,47,0.83,1.0,0.538,5.12
1409,76.135,28,13,46,0.848,0.5,0.538,6.24
1410,114.319,28,5,35,0.886,1.0,0.452,6.04
1411,7.014,23,21,46,0.913,1.0,0.262,8.05
1412,-4.945,14,15,38,0.737,1.0,0.357,9.42
1413,13.334,19,16,38,0.921,1.0,0.343,7.4
1414,50.912,27,17,46,0.891,0.882,0.244,11.03
1415,37.964,26,18,45,0.778,1.0,0.229,7.75
1416,28.186,22,16,41,0.854,0.857,0.514,6.97
1417,47.621,22,13,35,0.943,1.0,0.455,6.18
1418,4.555,15,14,31,0.742,0.75,0.348,9.93
1419,103.878,34,13,48,0.833,0.889,0.325,7.98
1420,20.435,23,19,45,0.822,0.8,0.324,11.27
1421,30.716,27,20,53,0.887,0.85,0.34,9.18
1422,37.698,22,14,39,0.821,1.0,0.562,8.08
1423,-2.964,23,23,50,0.9,0.8,0.4,9.96
1424,-6.796,22,23,47,0.851,0.769,0.25,10.77
1425,78.687,25,9,37,0.811,0.667,0.467,5.39
1426,61.446,23,11,34,0.735,0.0,0.32,6.39
1427,-22.467,22,26,48,0.833,0.882,0.375,7.52
1428,-22.016,18,22,46,0.783,1.0,0.333,6.65
1429,-66.559,20,32,59,0.797,0.864,0.298,8.65
1430,15.701,19,16,40,0.825,1.0,0.364,7.98
1431,87.337,26,9,37,0.838,0.5,0.484,4.51
1432,-34.556,21,27,53,0.792,0.833,0.262,12.27
1433,-27.209,18,23,44,0.864,0.909,0.289,11.65
1434,-46.295,19,28,47,0.787,0.923,0.297,10.43
1435,-45.825,18,27,46,0.783,0.769,0.306,10.86
1436,-67.849,18,31,51,0.765,0.875,0.308,11.78
1437,44.679,23,14,44,0.818,1.0,0.306,6.0
1438,-78.763,20,35,57,0.789,0.75,0.289,9.61
1439,41.47,24,15,40,0.75,1.0,0.467,5.93
1440,20.119,21,17,42,0.786,1.0,0.273,8.84
1441,-17.732,17,20,39,0.769,0.615,0.367,10.29
1442,50.381,24,14,41,0.829,0.833,0.441,6.93
1443,67.572,28,15,44,0.818,0.833,0.361,8.04
1444,41.84,22,13,38,0.684,0.75,0.5,8.27
1445,32.804,24,18,42,0.762,0.333,0.312,9.1
1446,29.434,26,20,47,0.702,0.778,0.364,6.19
1447,52.417,24,13,39,0.744,0.8,0.414,9.19
1448,20.252,22,18,42,0.667,0.857,0.357,9.52
1449,17.637,19,15,38,0.737,1.0,0.393,7.73
1450,71.541,24,10,35,0.771,0.333,0.407,7.22
1451,-46.126,21,29,59,0.763,0.885,0.311,11.65
1452,-38.843,17,24,45,0.756,0.625,0.5,10.51
1453,29.916,20,14,35,0.8,1.0,0.536,6.84
1454,25.923,21,16,44,0.818,1.0,0.25,8.97
1455,25.254,19,14,35,0.8,1.0,0.429,7.64
1456,25.702,24,19,44,0.841,0.75,0.27,11.6
1457,54.876,30,19,51,0.745,0.583,0.5,8.19
1458,-8.158,17,19,38,0.816,0.714,0.355,9.97
1459,-6.26,22,23,46,0.826,1.0,0.342,7.11
1460,51.423,22,12,40,0.8,1.0,0.625,8.8
1461,72.708,27,13,42,0.857,0.778,0.472,6.42
1462,-17.033,22,25,51,0.824,0.75,0.381,9.96
1463,-43.303,17,25,45,0.689,0.7,0.355,13.12
1464,-22.015,15,19,34,0.794,1.0,0.259,10.44
1465,64.339,30,17,49,0.857,0.6,0.429,7.11
1466,-8.23,25,26,54,0.704,0.8,0.289,13.85
1467,49.284,24,14,42,0.762,0.5,0.406,8.69
1468,-21.851,21,25,51,0.804,0.75,0.39,9.2
1469,-21.666,21,25,47,0.723,0.562,0.294,11.64
1470,-10.739,18,20,40,0.8,0.667,0.344,9.82
1471,-37.896,15,22,38,0.763,0.667,0.379,9.57
1472,43.534,25,16,45,0.822,0.889,0.459,9.54
1473,-7.113,15,16,35,0.8,0.75,0.393,9.8
1474,-21.881,20,24,45,0.889,0.818,0.3,9.31
1475,46.912,25,15,43,0.86,0.8,0.514,5.69
1476,111.369,27,5,36,0.861,0.833,0.387,6.71
1477,-30.531,15,21,38,0.842,0.75,0.344,8.33
1478,54.896,24,13,37,0.73,1.0,0.37,5.65
1479,-8.241,21,22,47,0.894,0.889,0.286,9.67
1480,10.035,23,21,45,0.822,0.75,0.297,6.57
1481,54.265,26,15,43,0.791,1.0,0.441,6.81
1482,31.328,19,13,33,0.909,0.857,0.267,7.63
1483,55.099,19,8,30,0.8,0.0,0.375,7.95
1484,-63.98,14,26,44,0.841,0.833,0.297,9.35
1485,83.504,22,6,28,0.857,1.0,0.458,4.95
1486,7.598,19,17,38,0.816,0.6,0.419,6.06
1487,12.806,17,14,35,0.857,0.8,0.3,7.58
1488,82.543,26,10,36,0.833,0.667,0.5,6.27
1489,25.352,21,16,44,0.818,0.8,0.556,10.16
1490,5.285,26,24,55,0.709,0.684,0.385,8.71
1491,-16.626,20,23,45,0.844,0.857,0.368,10.33
1492,31.586,27,21,50,0.8,0.875,0.325,9.22
1493,43.94,24,15,44,0.705,1.0,0.484,7.48
1494,6.51,22,20,47,0.702,0.8,0.273,8.42
1495,24.432,26,21,54,0.759,0.583,0.415,9.68
1496,56.081,25,14,42,0.833,0.8,0.571,6.77
1497,-17.423,22,25,50,0.78,0.769,0.385,6.71
1498,45.06,24,15,43,0.884,0.833,0.474,7.75
1499,-51.692,16,26,44,0.682,0.571,0.333,8.25
1500,16.631,20,16,36,0.778,0.667,0.25,8.87
