"# dyn mode=none d=0 [0,0] route_mask=free lam_hot=0.60 ch=3 seed=9 eps=1500 ue=25"
episode,reward,success,fail,arrived,route_rate,cond_route_rate,top_share,load_std
1,-35.743,17,24,44,0.818,1.0,0.306,10.33
2,3.646,23,22,46,0.761,0.923,0.314,8.18
3,-10.101,13,15,29,0.862,1.0,0.24,7.05
4,9.29,19,17,40,0.85,0.889,0.265,7.1
5,-8.524,20,22,46,0.761,0.7,0.229,8.25
6,-29.745,14,20,37,0.757,1.0,0.25,6.38
7,-37.641,20,27,48,0.708,0.85,0.265,10.47
8,-10.693,20,22,46,0.63,0.429,0.31,9.05
9,-114.256,17,39,63,0.825,0.833,0.25,12.34
10,29.571,21,15,39,0.769,0.625,0.3,7.31
11,31.701,22,16,42,0.833,1.0,0.286,9.33
12,25.541,19,14,36,0.806,0.0,0.483,7.91
13,-65.759,13,26,39,0.769,0.5,0.3,6.27
14,-10.954,15,17,32,0.812,1.0,0.269,5.72
15,29.181,22,16,42,0.738,0.75,0.258,7.95
16,-26.89,20,25,52,0.808,0.778,0.333,9.45
17,-45.29,14,23,38,0.737,0.714,0.286,8.87
18,-60.573,14,26,41,0.854,1.0,0.343,8.98
19,-40.681,22,30,53,0.755,0.846,0.275,11.33
20,-10.91,23,25,53,0.792,0.6,0.286,9.33
21,-77.082,15,30,47,0.872,0.923,0.268,8.76
22,-61.338,15,27,44,0.864,0.889,0.289,9.47
23,15.645,15,12,30,0.867,0.0,0.308,6.85
24,-18.482,18,22,41,0.854,0.8,0.4,6.94
25,-15.21,14,17,32,0.781,0.0,0.28,7.54
26,-9.999,18,20,44,0.841,1.0,0.378,9.26
27,-14.987,18,21,44,0.841,0.733,0.297,11.48
28,32.986,26,19,45,0.667,0.6,0.267,7.15
29,-52.146,18,28,47,0.83,0.778,0.256,10.87
30,-6.099,20,21,46,0.848,0.909,0.256,11.75
31,-4.152,17,18,43,0.767,0.889,0.273,10.72
32,-52.313,18,28,46,0.696,0.857,0.281,7.79
33,-14.78,20,23,46,0.739,0.647,0.294,10.29
34,24.535,21,16,39,0.744,0.5,0.276,6.97
35,35.586,24,17,44,0.795,1.0,0.257,6.32
36,-28.75,12,18,33,0.818,0.5,0.333,7.57
37,-27.777,21,26,53,0.717,0.786,0.237,8.04
38,-46.858,16,25,46,0.761,0.867,0.286,10.27
39,42.746,32,23,59,0.763,0.842,0.289,10.59
40,-3.262,18,19,37,0.919,0.9,0.235,7.97
41,43.896,22,13,39,0.821,0.875,0.281,7.61
42,-103.235,11,31,45,0.711,0.538,0.281,11.19
43,-66.728,11,24,36,0.667,0.643,0.333,15.36
44,-120.045,21,44,67,0.821,0.714,0.364,11.86
45,53.86,29,18,50,0.78,0.737,0.282,9.87
46,18.746,21,17,38,0.816,0.889,0.419,6.66
47,-123.867,5,29,41,0.683,0.545,0.25,11.96
48,-16.961,20,23,44,0.841,0.75,0.297,8.16
49,-56.568,11,22,37,0.811,0.9,0.3,8.55
50,19.936,21,17,42,0.833,1.0,0.286,6.62
51,-56.792,14,25,42,0.81,0.333,0.294,7.86
52,-84.312,14,30,48,0.896,0.889,0.326,9.68
53,53.313,21,11,35,0.8,0.0,0.25,6.19
54,-78.044,13,28,49,0.857,0.75,0.381,14.27
55,22.593,21,17,41,0.902,1.0,0.27,6.84
56,56.999,21,10,31,0.871,1.0,0.296,5.45
57,58.761,24,13,44,0.932,0.8,0.268,8.28
58,16.839,22,19,43,0.953,1.0,0.293,7.28
59,-13.919,22,25,48,0.833,0.818,0.225,10.39
60,-2.968,20,21,42,0.833,0.833,0.286,6.16
61,-12.566,26,29,58,0.81,0.786,0.255,10.87
62,15.807,19,16,39,0.872,1.0,0.412,5.66
63,-8.347,18,20,41,0.805,0.0,0.242,7.25
64,-23.513,21,25,50,0.76,0.692,0.342,8.63
65,4.115,18,17,38,0.921,1.0,0.343,9.36
66,-56.532,16,27,44,0.841,0.9,0.27,7.83
67,19.262,21,17,40,0.75,0.875,0.3,8.37
68,-25.074,22,27,50,0.88,0.938,0.295,9.15
69,-62.255,13,25,42,0.738,0.833,0.29,9.8
70,-28.54,11,17,30,0.967,0.5,0.276,5.35
71,-103.631,10,30,42,0.786,0.857,0.242,9.93
72,10.98,26,24,53,0.736,0.769,0.282,10.4
73,-55.198,11,22,35,0.771,0.833,0.296,7.21
74,108.308,30,9,40,0.75,1.0,0.267,4.78
75,-60.938,16,28,48,0.792,0.833,0.289,11.73
76,-39.783,18,26,52,0.846,0.733,0.25,10.15
77,-5.427,17,18,38,0.842,0.75,0.281,7.79
78,-47.184,19,28,48,0.771,0.722,0.297,10.62
79,5.024,18,17,36,0.722,0.667,0.346,6.67
80,73.854,26,12,39,0.769,0.833,0.333,7.34
81,57.349,24,13,39,0.769,1.0,0.333,5.87
82,1.802,23,23,46,0.717,0.8,0.303,7.06
83,30.294,20,14,35,0.714,1.0,0.32,6.95
84,-44.716,13,22,37,0.865,0.667,0.25,8.29
85,6.799,19,18,43,0.791,0.833,0.265,10.01
86,-30.917,18,24,45,0.778,0.545,0.229,10.96
87,-50.668,18,28,50,0.84,0.7,0.238,13.72
88,-13.01,18,21,41,0.878,1.0,0.278,9.97
89,-117.865,12,35,48,0.854,0.909,0.366,10.07
90,85.79,27,10,38,0.895,1.0,0.265,5.83
91,-31.23,13,19,38,0.842,1.0,0.281,8.4
92,-61.181,21,33,55,0.8,0.867,0.318,12.96
93,85.103,27,11,38,0.895,1.0,0.265,5.8
94,13.927,20,17,43,0.837,1.0,0.278,7.08
95,-36.983,15,22,44,0.909,0.895,0.25,7.64
96,-0.754,19,19,39,0.769,0.857,0.233,7.43
97,43.16,20,12,34,0.853,1.0,0.276,5.98
98,46.698,29,20,51,0.784,0.882,0.25,7.85
99,-5.799,17,18,38,0.868,0.778,0.273,8.59
100,-41.878,21,29,52,0.827,0.826,0.279,12.85
101,-38.607,17,25,49,0.776,1.0,0.263,11.89
102,9.796,21,19,45,0.822,0.833,0.324,8.42
103,17.25,17,14,37,0.892,1.0,0.242,6.02
104,-39.66,21,29,54,0.741,0.647,0.25,9.23
105,23.905,27,22,54,0.815,0.8,0.386,7.49
106,-0.349,24,24,49,0.796,0.714,0.256,10.9
107,-14.053,22,25,50,0.8,0.875,0.275,10.22
108,-0.082,21,21,45,0.844,0.7,0.263,7.75
109,12.408,20,18,42,0.929,1.0,0.333,8.76
110,23.515,23,19,46,0.826,0.667,0.263,9.61
111,-9.472,18,20,41,0.805,0.75,0.364,9.2
112,16.616,19,16,37,0.892,1.0,0.303,6.81
113,18.22,24,21,48,0.896,1.0,0.256,8.42
114,-82.963,19,35,56,0.839,0.824,0.255,11.45
115,-38.988,12,20,36,0.806,1.0,0.31,7.41
116,68.643,20,7,32,0.844,0.0,0.259,6.55
117,-24.371,19,24,49,0.857,1.0,0.381,10.47
118,0.988,21,21,44,0.795,0.875,0.286,7.04
119,15.45,22,19,46,0.587,0.444,0.296,9.47
120,-52.051,22,32,61,0.836,0.773,0.275,8.6
121,6.465,28,27,56,0.786,0.714,0.341,8.19
122,43.868,23,15,40,0.775,0.714,0.258,6.32
123,19.751,22,18,43,0.86,1.0,0.297,7.83
124,-66.096,9,22,33,0.879,0.889,0.276,8.06
125,-25.171,15,20,42,0.857,0.667,0.306,11.13
126,22.532,16,12,31,0.903,1.0,0.25,6.62
127,-21.646,19,23,44,0.75,0.5,0.364,5.32
128,71.559,27,13,41,0.829,0.889,0.265,6.77
129,-9.909,18,20,42,0.738,0.667,0.387,7.86
130,-4.76,16,17,38,0.763,0.75,0.379,10.55
131,-34.75,17,24,48,0.812,0.75,0.333,6.19
132,57.289,21,10,33,0.788,1.0,0.308,5.36
133,-111.741,13,35,50,0.86,0.25,0.256,12.72
134,-18.706,15,19,34,0.853,0.667,0.379,7.89
135,15.721,25,22,53,0.811,0.8,0.326,9.96
136,-68.561,16,30,47,0.894,1.0,0.262,7.77
137,18.325,24,21,47,0.723,0.846,0.235,9.33
138,-19.922,13,17,31,0.774,0.667,0.25,6.35
139,14.196,26,23,55,0.727,0.667,0.25,9.29
140,-50.927,13,23,42,0.786,0.714,0.242,8.22
141,0.645,18,18,42,0.762,0.75,0.281,9.46
142,26.73,22,17,42,0.833,1.0,0.343,4.89
143,-40.385,19,27,53,0.792,0.714,0.333,12.2
144,16.663,15,12,30,0.9,0.0,0.333,5.7
145,0.504,20,20,41,0.829,1.0,0.294,7.57
146,39.926,29,21,54,0.833,1.0,0.267,8.98
147,-21.313,21,25,50,0.82,1.0,0.341,10.3
148,-104.38,11,31,50,0.78,1.0,0.282,9.86
149,-87.201,8,25,34,0.941,0.833,0.344,7.88
150,86.049,28,11,42,0.762,1.0,0.375,5.84
151,92.558,29,11,42,0.905,1.0,0.263,5.47
152,-25.003,13,18,36,0.861,0.667,0.323,7.64
153,10.727,16,14,33,0.909,0.5,0.333,5.92
154,-21.905,16,20,39,0.744,0.6,0.276,9.17
155,25.876,23,18,46,0.783,0.571,0.222,6.77
156,63.424,34,21,57,0.825,0.857,0.319,8.68
157,19.085,23,19,43,0.744,0.7,0.281,6.87
158,26.511,24,19,46,0.783,1.0,0.417,7.91
159,-55.474,14,25,42,0.833,1.0,0.286,8.36
160,0.256,25,25,53,0.811,0.7,0.326,7.94
161,-15.98,20,23,44,0.864,1.0,0.263,8.96
162,48.525,21,12,35,0.886,0.0,0.258,6.28
163,89.816,27,10,41,0.756,1.0,0.29,7.45
164,-0.26,24,24,51,0.863,0.875,0.295,10.05
165,30.39,24,18,46,0.783,0.75,0.306,6.84
166,23.178,20,16,39,0.846,0.0,0.424,5.58
167,12.532,14,12,28,0.821,0.0,0.435,6.1
168,-82.513,16,32,52,0.808,0.812,0.286,13.22
169,30.294,23,17,44,0.818,0.571,0.25,9.33
170,17.538,20,17,39,0.897,1.0,0.314,8.25
171,-20.597,21,25,51,0.863,1.0,0.25,8.58
172,-23.378,19,24,46,0.783,0.9,0.306,10.24
173,35.552,27,20,52,0.712,0.545,0.27,12.2
174,0.803,21,21,46,0.826,0.8,0.289,6.99
175,-5.457,19,20,43,0.93,0.833,0.25,8.79
176,58.09,32,20,54,0.741,0.7,0.25,7.76
177,-0.258,17,17,37,0.757,1.0,0.25,8.82
178,-25.077,17,22,44,0.75,0.667,0.273,8.56
179,-59.28,16,28,45,0.822,0.765,0.297,8.88
180,-41.441,13,21,37,0.919,1.0,0.294,7.8
181,-55.47,13,24,40,0.9,0.889,0.333,12.53
182,-32.538,17,23,44,0.841,0.6,0.27,9.83
183,42.976,26,17,48,0.792,0.846,0.263,7.18
184,1.624,22,22,46,0.913,0.75,0.286,7.88
185,-72.371,16,30,50,0.84,0.909,0.214,8.47
186,-72.59,15,29,45,0.867,1.0,0.282,5.99
187,29.708,22,16,42,0.643,0.75,0.333,7.49
188,-20.336,17,21,41,0.902,0.9,0.324,9.33
189,-13.753,15,18,36,0.833,1.0,0.267,6.36
190,56.638,25,14,42,0.786,1.0,0.273,7.6
191,-46.117,24,33,59,0.797,0.733,0.277,12.76
192,-66.526,15,28,47,0.851,0.812,0.325,10.32
193,0.405,16,16,35,0.771,0.6,0.259,7.1
194,80.447,29,13,47,0.872,0.714,0.268,4.75
195,72.047,25,11,40,0.8,0.778,0.281,4.8
196,3.528,19,18,41,0.829,0.571,0.265,7.77
197,0.517,14,14,33,0.758,0.0,0.24,6.49
198,-117.81,10,33,46,0.913,0.889,0.333,12.86
199,39.294,22,14,40,0.875,0.0,0.314,7.14
200,12.282,22,20,45,0.911,0.889,0.293,11.56
201,40.989,28,20,50,0.88,0.923,0.295,9.91
202,-25.732,12,17,31,0.871,1.0,0.259,7.66
203,72.228,29,15,50,0.86,0.875,0.256,8.87
204,74.065,26,12,42,0.881,1.0,0.27,8.46
205,-30.926,20,26,47,0.83,0.714,0.256,7.36
206,15.194,20,17,40,0.725,0.75,0.31,5.95
207,-3.137,17,18,37,0.757,0.857,0.429,7.88
208,14.335,25,22,48,0.812,0.833,0.41,7.21
209,-158.091,9,40,54,0.907,0.824,0.286,11.32
210,16.516,16,13,33,0.879,1.0,0.31,6.62
211,66.969,29,16,48,0.812,0.8,0.333,5.44
212,-19.771,18,22,44,0.909,1.0,0.275,7.82
213,66.741,28,15,45,0.8,0.889,0.222,7.55
214,26.469,22,17,41,0.854,0.778,0.371,8.64
215,-20.577,24,28,52,0.865,0.846,0.267,7.84
216,-76.762,16,31,50,0.78,0.667,0.256,8.64
217,69.874,29,15,53,0.774,0.833,0.293,8.23
218,-15.587,21,24,48,0.833,0.778,0.225,7.98
219,-15.35,20,23,49,0.837,0.846,0.268,7.25
220,-12.951,19,22,43,0.907,1.0,0.282,7.04
221,37.818,20,13,37,0.757,0.6,0.321,8.74
222,-50.432,16,26,47,0.851,0.714,0.275,6.86
223,-13.578,17,20,41,0.854,1.0,0.257,9.86
224,-61.282,19,31,57,0.754,0.684,0.233,9.9
225,-35.414,19,26,48,0.854,0.818,0.268,10.71
226,-10.899,17,19,41,0.805,0.0,0.273,7.56
227,81.171,29,13,47,0.809,1.0,0.237,6.87
228,58.419,17,6,24,0.875,0.0,0.381,4.75
229,64.852,23,10,38,0.868,1.0,0.242,6.15
230,32.298,22,16,40,0.85,0.0,0.265,8.71
231,6.21,15,14,31,0.903,1.0,0.286,6.26
232,51.956,20,10,33,0.758,1.0,0.32,4.31
233,-70.332,14,28,46,0.761,0.8,0.314,11.71
234,7.071,25,24,51,0.804,0.875,0.268,7.44
235,48.937,22,13,35,0.771,0.833,0.296,5.99
236,23.964,25,20,47,0.83,0.889,0.282,8.12
237,-27.738,26,31,61,0.836,0.947,0.235,8.39
238,23.98,22,17,42,0.738,0.889,0.29,7.27
239,25.348,20,15,38,0.921,1.0,0.314,7.41
240,36.976,24,17,42,0.762,0.778,0.312,7.15
241,87.734,28,11,40,0.8,0.0,0.344,4.68
242,-36.281,17,24,45,0.8,0.8,0.306,8.83
243,9.741,20,18,41,0.829,0.583,0.265,9.35
244,5.936,20,19,45,0.822,1.0,0.297,8.52
245,3.466,26,25,54,0.944,1.0,0.235,7.72
246,10.982,20,18,43,0.791,1.0,0.294,7.59
247,-55.894,14,25,40,0.8,0.923,0.25,8.6
248,-29.327,14,20,40,0.775,0.625,0.323,6.94
249,14.434,23,20,48,0.75,1.0,0.417,6.22
250,0.996,18,18,36,0.917,0.75,0.333,8.27
251,56.145,25,14,42,0.952,1.0,0.35,6.95
252,-13.515,12,15,29,0.897,1.0,0.269,7.34
253,-45.809,23,31,57,0.86,0.923,0.265,11.9
254,60.465,26,14,41,0.732,0.5,0.267,4.96
255,-14.686,17,20,40,0.875,0.9,0.314,8.7
256,-98.817,13,32,57,0.86,0.9,0.265,13.12
257,-102.292,11,31,44,0.955,1.0,0.238,12.99
258,19.658,19,15,37,0.838,1.0,0.226,6.47
259,14.127,26,23,55,0.8,1.0,0.25,10.19
260,49.227,29,19,49,0.796,0.9,0.256,8.67
261,-48.18,21,30,55,0.873,0.857,0.292,10.23
262,29.788,26,20,48,0.812,0.917,0.282,7.83
263,-35.961,10,17,33,0.818,1.0,0.333,7.75
264,41.562,19,11,34,0.824,1.0,0.286,7.08
265,55.951,26,15,42,0.881,0.778,0.297,5.45
266,-39.853,22,30,55,0.782,0.778,0.256,11.05
267,-31.216,21,27,51,0.863,0.8,0.295,12.79
268,103.334,32,12,48,0.833,1.0,0.325,5.98
269,4.674,24,23,48,0.833,1.0,0.3,7.79
270,41.657,20,12,38,0.763,0.667,0.31,9.48
271,-19.677,22,26,51,0.804,1.0,0.244,11.64
272,68.928,27,14,45,0.778,0.875,0.314,9.56
273,4.625,18,17,37,0.838,0.833,0.323,6.61
274,31.27,17,11,30,0.767,1.0,0.304,7.06
275,90.082,28,10,40,0.9,1.0,0.278,5.93
276,8.194,22,21,46,0.804,1.0,0.27,9.21
277,93.298,30,12,44,0.864,1.0,0.316,6.16
278,-11.054,19,21,42,0.762,1.0,0.281,7.7
279,42.052,19,11,31,0.742,0.0,0.261,5.85
280,102.842,26,6,35,0.771,1.0,0.333,5.43
281,-29.329,23,29,56,0.857,1.0,0.229,10.91
282,10.998,23,21,45,0.867,0.75,0.256,8.23
283,43.124,24,16,45,0.889,0.909,0.275,6.73
284,-19.764,21,25,48,0.854,1.0,0.268,8.35
285,26.666,15,10,27,0.815,1.0,0.318,5.94
286,5.544,19,18,38,0.816,0.667,0.323,7.93
287,5.833,20,19,41,0.902,0.75,0.27,9.44
288,20.34,25,21,47,0.872,0.889,0.293,8.33
289,90.833,29,11,43,0.791,1.0,0.294,4.12
290,-42.82,21,29,53,0.83,0.786,0.341,9.26
291,34.204,22,15,46,0.804,0.667,0.27,5.59
292,-9.543,18,20,39,0.769,1.0,0.233,7.98
293,-51.106,19,29,54,0.815,0.789,0.295,9.03
294,10.494,21,19,40,0.75,0.714,0.3,6.91
295,16.3,20,17,43,0.674,1.0,0.276,6.44
296,-24.931,21,26,50,0.78,0.773,0.359,12.83
297,4.585,24,23,54,0.852,0.833,0.283,7.31
298,48.743,25,15,44,0.818,0.714,0.306,6.95
299,-0.805,24,24,54,0.815,0.7,0.25,9.53
300,-72.761,17,31,52,0.827,0.895,0.256,9.77
301,-1.459,21,21,45,0.822,0.667,0.324,9.72
302,61.501,28,16,46,0.804,0.8,0.27,7.27
303,26.022,26,21,49,0.837,0.7,0.22,8.54
304,-11.13,23,25,50,0.86,1.0,0.372,7.12
305,-7.453,23,24,48,0.833,0.944,0.275,9.19
306,45.851,26,17,44,0.773,0.857,0.294,8.23
307,-14.522,20,23,46,0.848,0.846,0.282,12.06
308,-51.723,17,27,47,0.872,0.889,0.268,8.37
309,-20.807,13,17,34,0.882,0.875,0.233,6.25
310,102.326,28,8,36,0.833,1.0,0.267,5.45
311,81.265,27,11,42,0.929,1.0,0.333,6.18
312,-39.531,14,22,38,0.895,1.0,0.324,6.96
313,-21.91,26,30,62,0.839,0.857,0.442,8.85
314,-86.988,17,34,52,0.885,0.926,0.239,9.16
315,-46.972,13,22,42,0.905,1.0,0.289,8.29
316,13.791,22,19,45,0.733,0.5,0.333,7.44
317,30.703,22,16,40,0.8,0.875,0.312,8.05
318,-89.278,14,31,47,0.787,0.857,0.27,9.86
319,93.215,27,9,41,0.756,0.0,0.29,6.28
320,-5.575,18,19,40,0.85,0.818,0.324,9.7
321,95.695,31,12,46,0.783,0.889,0.333,7.77
322,18.04,22,19,42,0.714,0.5,0.3,6.83
323,-3.486,20,21,43,0.767,1.0,0.333,5.8
324,-51.982,18,28,52,0.788,0.667,0.293,11.09
325,4.698,28,27,58,0.862,0.882,0.24,8.43
326,42.074,22,14,36,0.778,1.0,0.357,6.46
327,76.268,27,12,41,0.854,1.0,0.229,7.66
328,30.325,26,20,47,0.872,1.0,0.268,9.32
329,11.604,22,19,46,0.804,0.75,0.27,8.07
330,-52.671,21,31,62,0.742,0.727,0.261,10.53
331,58.584,22,11,34,0.765,0.75,0.308,5.75
332,-9.738,22,24,52,0.788,0.75,0.293,10.49
333,50.631,29,19,49,0.898,1.0,0.273,6.25
334,-10.374,19,21,44,0.864,1.0,0.368,7.84
335,77.083,27,12,42,0.881,0.667,0.216,6.76
336,38.852,21,13,41,0.732,0.333,0.233,7.07
337,57.333,25,14,41,0.756,0.889,0.29,8.73
338,52.469,25,15,44,0.886,1.0,0.385,7.05
339,-0.029,18,18,40,0.825,1.0,0.364,8.08
340,31.906,20,14,41,0.829,1.0,0.235,7.53
341,66.733,28,15,46,0.804,0.812,0.297,9.85
342,-14.777,17,20,38,0.921,0.9,0.229,8.2
343,51.781,24,14,41,0.878,1.0,0.361,7.31
344,81.137,26,10,37,0.811,1.0,0.3,7.72
345,-19.032,23,27,51,0.843,0.857,0.233,9.51
346,50.945,21,11,34,0.794,0.0,0.296,6.08
347,95.278,29,10,42,0.786,1.0,0.424,4.88
348,9.668,16,14,34,0.824,0.0,0.357,7.7
349,81.571,26,10,38,0.816,0.0,0.258,6.05
350,-9.952,19,21,43,0.884,1.0,0.342,9.47
351,53.002,20,10,32,0.906,0.0,0.276,5.97
352,49.749,23,13,38,0.895,1.0,0.294,5.24
353,-24.25,17,22,43,0.744,1.0,0.312,9.08
354,-102.197,16,36,53,0.83,1.0,0.273,11.62
355,-30.195,20,26,48,0.792,0.6,0.342,6.94
356,64.744,29,16,47,0.702,0.833,0.273,7.34
357,55.921,21,10,31,0.839,1.0,0.308,4.69
358,20.395,23,19,44,0.886,1.0,0.308,7.81
359,15.089,19,16,36,0.833,0.818,0.267,5.73
360,65.648,30,17,47,0.766,0.571,0.25,8.15
361,43.644,26,18,46,0.87,0.857,0.325,6.16
362,24.567,23,18,44,0.818,1.0,0.389,6.88
363,1.82,22,22,45,0.822,0.778,0.243,9.48
364,15.605,16,13,35,0.886,0.0,0.258,7.81
365,0.268,23,23,52,0.808,1.0,0.31,9.46
366,-97.148,8,27,39,0.872,1.0,0.235,8.36
367,118.896,28,5,33,0.818,0.0,0.259,4.29
368,36.036,24,17,47,0.787,1.0,0.324,9.44
369,-56.065,19,30,53,0.83,0.867,0.25,8.25
370,-127.6,11,36,51,0.804,0.923,0.244,12.43
371,19.847,19,15,38,0.868,1.0,0.273,8.33
372,92.686,26,8,37,0.811,1.0,0.267,5.16
373,40.131,22,14,39,0.718,0.75,0.321,6.37
374,71.665,29,14,47,0.787,0.846,0.351,5.81
375,12.746,18,16,37,0.838,1.0,0.323,9.02
376,72.983,24,10,37,0.892,1.0,0.273,4.75
377,6.803,18,17,40,0.775,0.571,0.323,8.16
378,36.47,21,14,38,0.816,1.0,0.226,7.35
379,0.054,20,20,43,0.837,0.667,0.25,9.45
380,31.937,20,14,34,0.882,1.0,0.267,7.38
381,-46.527,15,24,44,0.886,1.0,0.308,9.44
382,72.582,23,9,34,0.824,0.8,0.321,7.07
383,-6.174,20,21,44,0.841,0.8,0.27,8.11
384,-62.316,15,27,46,0.891,1.0,0.341,8.98
385,46.672,23,14,40,0.85,1.0,0.294,7.12
386,73.211,31,16,49,0.816,1.0,0.25,5.45
387,-0.059,21,21,51,0.882,0.7,0.356,11.53
388,-46.339,17,26,45,0.822,0.812,0.27,7.66
389,30.078,22,16,44,0.864,0.75,0.289,9.3
390,47.455,19,10,30,0.833,1.0,0.32,7.79
391,62.989,27,15,43,0.744,1.0,0.25,6.92
392,9.517,18,16,37,0.811,1.0,0.4,6.67
393,30.096,22,16,41,0.829,0.75,0.265,6.52
394,48.712,27,17,46,0.87,1.0,0.225,5.69
395,46.879,20,11,35,0.886,1.0,0.355,7.08
396,-44.663,14,23,38,0.895,1.0,0.294,8.9
397,-67.588,16,29,48,0.854,1.0,0.268,12.54
398,-46.049,17,26,45,0.733,0.714,0.303,10.5
399,-13.641,20,23,45,0.822,0.889,0.378,8.92
400,-15.689,22,24,50,0.88,1.0,0.25,8.43
401,57.563,26,15,42,0.81,1.0,0.265,7.33
402,47.325,28,19,47,0.851,0.917,0.275,9.45
403,-10.987,21,23,45,0.756,0.9,0.294,8.8
404,61.809,25,13,40,0.775,1.0,0.323,6.89
405,8.656,24,22,49,0.857,0.833,0.333,7.05
406,13.915,18,15,33,0.818,1.0,0.333,6.24
407,86.379,28,11,39,0.821,1.0,0.281,6.44
408,36.712,24,17,42,0.714,0.667,0.367,6.16
409,-0.608,23,23,49,0.796,0.7,0.231,8.34
410,62.297,20,8,30,0.933,1.0,0.321,4.53
411,97.879,28,9,40,0.875,1.0,0.343,6.02
412,-9.794,22,24,49,0.796,0.8,0.256,9.85
413,16.5,25,22,48,0.812,0.8,0.231,7.82
414,67.164,27,14,43,0.837,0.8,0.25,6.87
415,25.982,26,21,52,0.865,0.938,0.267,9.09
416,17.475,17,14,32,0.875,0.8,0.286,6.54
417,85.557,32,15,49,0.837,0.857,0.293,6.85
418,44.348,26,17,48,0.833,1.0,0.25,9.07
419,-27.011,20,25,53,0.811,0.923,0.302,7.48
420,35.27,22,15,41,0.805,1.0,0.303,7.53
421,58.699,27,15,47,0.851,1.0,0.325,6.41
422,6.276,26,25,53,0.906,0.889,0.229,10.65
423,-4.104,21,21,48,0.917,0.909,0.273,10.52
424,25.07,19,14,36,0.833,1.0,0.267,7.15
425,-34.197,16,23,39,0.744,1.0,0.276,7.86
426,30.132,23,17,42,0.833,1.0,0.257,5.86
427,12.514,21,19,41,0.805,0.0,0.364,7.14
428,-10.942,17,19,40,0.875,0.875,0.257,8.56
429,-34.338,21,28,52,0.885,0.833,0.326,9.65
430,86.545,29,12,42,0.929,0.0,0.282,4.6
431,23.965,22,17,46,0.848,0.75,0.282,6.8
432,82.523,27,11,42,0.833,0.833,0.286,9.04
433,47.019,23,14,38,0.816,1.0,0.323,8.14
434,105.889,31,10,44,0.795,1.0,0.257,5.85
435,86.781,32,15,53,0.792,0.923,0.31,7.2
436,7.204,21,19,42,0.857,0.875,0.25,6.44
437,-70.606,12,26,39,0.897,0.75,0.257,6.78
438,32.386,26,19,48,0.771,0.714,0.27,7.66
439,41.897,24,16,43,0.837,0.75,0.278,6.85
440,-5.588,20,21,45,0.8,0.75,0.278,7.43
441,13.554,22,19,43,0.907,1.0,0.282,5.65
442,48.739,21,12,34,0.882,1.0,0.3,5.35
443,29.391,22,16,42,0.857,1.0,0.25,7.3
444,74.802,24,9,34,0.765,0.833,0.308,5.18
445,67.405,26,13,40,0.8,1.0,0.312,8.03
446,10.547,23,21,47,0.787,0.714,0.243,8.55
447,10.515,23,21,46,0.783,0.929,0.306,7.27
448,-8.797,23,25,50,0.84,0.625,0.262,7.95
449,104.327,31,10,41,0.805,1.0,0.333,5.1
450,18.675,23,19,43,0.744,0.75,0.281,7.32
451,93.991,29,11,40,0.825,1.0,0.303,6.16
452,23.445,29,24,53,0.906,0.857,0.25,6.76
453,20.101,25,21,50,0.74,0.667,0.297,7.57
454,56.97,25,14,42,0.857,1.0,0.278,5.16
455,74.364,28,13,44,0.909,1.0,0.275,5.9
456,25.979,26,20,52,0.904,0.889,0.255,8.71
457,24.763,26,21,48,0.833,0.9,0.25,7.89
458,31.185,17,11,32,0.781,0.333,0.24,5.65
459,21.047,24,20,45,0.911,0.889,0.293,8.51
460,39.549,23,15,44,0.841,0.917,0.297,9.3
461,57.813,22,11,35,0.829,1.0,0.241,5.58
462,101.441,29,9,43,0.814,0.75,0.314,5.49
463,-78.051,12,27,48,0.854,0.857,0.244,7.75
464,42.375,20,12,34,0.853,1.0,0.276,6.14
465,57.27,24,13,38,0.816,1.0,0.323,6.69
466,24.379,23,18,44,0.864,0.889,0.368,7.78
467,-139.029,16,43,63,0.825,0.783,0.327,13.37
468,-52.553,16,26,48,0.875,1.0,0.238,10.05
469,10.755,21,19,41,0.854,1.0,0.257,6.5
470,-11.141,22,24,47,0.851,0.857,0.275,8.08
471,3.26,17,16,35,0.829,0.0,0.276,6.03
472,20.856,21,16,39,0.846,1.0,0.303,5.98
473,-26.963,19,24,46,0.696,0.7,0.281,8.18
474,103.599,29,9,40,0.9,0.0,0.278,5.37
475,149.546,33,4,38,0.842,0.0,0.281,5.13
476,75.72,22,7,30,0.833,0.0,0.24,3.4
477,4.904,20,19,41,0.902,0.8,0.243,9.25
478,-36.894,23,30,54,0.796,0.632,0.256,9.62
479,-55.733,23,34,59,0.797,0.786,0.255,9.61
480,-93.917,11,29,45,0.844,0.714,0.263,11.08
481,-10.239,22,24,48,0.896,1.0,0.256,8.54
482,94.568,33,14,49,0.755,0.9,0.324,8.66
483,66.171,29,16,47,0.83,0.833,0.256,6.88
484,55.135,26,15,42,0.881,1.0,0.27,7.13
485,34.902,21,14,37,0.784,1.0,0.276,4.96
486,61.412,24,12,43,0.837,1.0,0.25,6.27
487,66.473,29,16,47,0.809,1.0,0.237,5.11
488,79.598,31,16,47,0.851,0.857,0.25,7.63
489,61.308,25,13,42,0.976,1.0,0.317,6.51
490,41.776,32,23,56,0.839,0.9,0.298,7.32
491,-7.949,21,23,49,0.878,0.857,0.302,8.35
492,-36.218,14,21,36,0.917,1.0,0.333,7.41
493,113.086,34,12,47,0.872,0.692,0.268,6.3
494,34.161,25,18,45,0.867,1.0,0.385,6.54
495,-48.812,16,26,47,0.809,0.75,0.263,8.85
496,17.014,19,16,37,0.865,0.75,0.344,8.17
497,-3.43,23,23,52,0.827,0.8,0.349,9.45
498,52.764,28,17,47,0.766,0.889,0.278,6.65
499,38.354,22,15,40,0.875,1.0,0.314,7.19
500,18.897,19,15,39,0.795,1.0,0.258,5.76
501,85.002,32,15,53,0.868,1.0,0.283,9.15
502,43.086,24,15,41,0.78,0.778,0.344,7.85
503,6.262,25,23,56,0.804,0.812,0.267,11.7
504,92.396,22,4,27,0.815,1.0,0.318,5.89
505,-69.677,15,28,44,0.864,0.889,0.263,7.34
506,93.383,25,7,39,0.795,0.0,0.452,8.44
507,-36.398,19,26,51,0.804,1.0,0.317,6.81
508,97.838,30,11,44,0.886,1.0,0.256,6.28
509,-48.981,15,24,45,0.911,1.0,0.268,9.01
510,113.755,34,11,47,0.851,1.0,0.3,5.84
511,40.748,17,9,28,0.857,0.0,0.292,5.29
512,77.998,28,13,47,0.809,0.75,0.237,7.56
513,10.915,26,24,53,0.849,0.75,0.244,8.49
514,-4.47,22,23,47,0.83,0.909,0.282,10.11
515,31.254,23,17,41,0.829,0.0,0.265,5.85
516,99.523,28,9,37,0.892,1.0,0.303,5.96
517,51.21,24,14,39,0.846,1.0,0.303,5.0
518,92.779,25,7,33,0.818,0.75,0.222,5.71
519,38.804,26,18,46,0.826,1.0,0.263,8.35
520,14.796,27,24,55,0.891,0.923,0.286,8.64
521,3.322,24,23,47,0.851,1.0,0.3,7.71
522,42.642,24,15,44,0.955,1.0,0.262,6.07
523,36.212,22,15,41,0.878,1.0,0.361,7.62
524,42.699,24,16,40,0.825,0.889,0.273,7.77
525,9.112,22,20,44,0.909,0.923,0.325,5.69
526,106.435,28,7,39,0.846,0.0,0.273,5.88
527,-0.157,22,22,46,0.804,0.75,0.378,8.01
528,18.774,26,22,52,0.827,0.667,0.256,7.29
529,122.765,30,6,36,0.833,1.0,0.4,4.9
530,-16.704,18,21,42,0.833,1.0,0.257,8.23
531,23.029,21,16,41,0.854,1.0,0.229,7.77
532,100.793,26,6,33,0.788,1.0,0.269,4.96
533,96.895,26,7,37,0.892,1.0,0.242,6.71
534,57.03,23,12,38,0.842,1.0,0.312,6.29
535,56.99,18,7,29,0.897,1.0,0.308,5.21
536,71.537,26,12,38,0.816,0.8,0.29,5.37
537,114.672,25,3,30,0.7,0.0,0.286,4.98
538,22.533,23,18,45,0.933,1.0,0.262,5.32
539,10.006,23,21,45,0.867,1.0,0.308,6.6
540,65.99,28,15,45,0.844,0.667,0.237,4.97
541,-6.382,16,17,39,0.718,0.5,0.25,7.01
542,27.131,21,15,40,0.675,0.444,0.259,9.02
543,41.986,26,18,48,0.854,0.875,0.244,9.44
544,19.805,20,16,37,0.73,1.0,0.259,5.99
545,87.895,31,14,49,0.816,0.889,0.275,6.67
546,50.104,30,20,50,0.88,1.0,0.25,7.32
547,-8.252,20,21,47,0.851,1.0,0.275,7.89
548,70.687,25,11,39,0.872,1.0,0.294,6.13
549,-51.929,16,26,44,0.818,0.833,0.333,10.66
550,45.306,22,13,35,0.743,0.5,0.269,6.71
551,87.145,26,9,40,0.825,1.0,0.273,5.29
552,4.168,22,21,45,0.756,0.75,0.294,6.69
553,34.753,27,20,49,0.796,0.5,0.282,9.03
554,9.158,23,21,44,0.773,0.8,0.235,7.41
555,86.424,19,2,23,0.87,0.0,0.35,4.39
556,-81.566,21,37,62,0.823,0.857,0.255,9.58
557,42.707,26,18,46,0.783,1.0,0.25,8.59
558,16.292,19,16,35,0.8,0.5,0.321,7.44
559,121.733,31,7,39,0.821,0.75,0.344,5.38
560,91.186,28,10,38,0.895,0.833,0.206,6.84
561,-85.553,15,31,53,0.849,1.0,0.244,9.07
562,96.937,29,10,41,0.878,1.0,0.306,5.08
563,60.149,28,16,46,0.739,0.0,0.294,5.9
564,77.047,24,9,36,0.861,0.0,0.226,4.77
565,28.982,22,16,41,0.805,1.0,0.242,5.71
566,71.362,28,14,44,0.818,0.875,0.389,7.82
567,51.103,19,9,29,0.897,0.0,0.346,4.76
568,34.394,26,19,51,0.922,0.667,0.298,7.27
569,62.203,25,13,42,0.738,1.0,0.29,5.85
570,96.954,29,10,45,0.844,0.667,0.342,5.45
571,40.369,26,17,47,0.915,1.0,0.256,6.46
572,-16.785,21,24,51,0.922,1.0,0.319,7.99
573,74.794,26,11,40,0.9,1.0,0.25,6.32
574,-11.685,17,19,36,0.861,0.5,0.29,8.22
575,-134.831,13,39,57,0.807,0.826,0.326,11.39
576,100.918,32,12,45,0.733,0.8,0.212,5.67
577,-5.686,28,29,58,0.862,0.833,0.24,8.23
578,21.255,17,13,30,0.833,0.0,0.36,6.07
579,37.898,28,20,53,0.66,0.765,0.314,7.46
580,6.09,20,19,42,0.786,0.833,0.303,5.69
581,68.829,23,10,33,0.636,1.0,0.286,5.24
582,14.711,29,26,58,0.81,0.737,0.255,10.93
583,39.364,30,22,59,0.898,0.929,0.283,7.61
584,22.997,23,18,44,0.818,0.75,0.278,9.72
585,72.148,23,9,34,0.765,1.0,0.308,7.26
586,36.955,19,12,40,0.9,0.875,0.278,10.81
587,-31.88,17,23,45,0.956,1.0,0.256,9.9
588,26.56,19,14,35,0.8,1.0,0.286,7.33
589,28.739,21,15,39,0.872,1.0,0.324,6.6
590,9.55,19,17,43,0.86,1.0,0.297,7.99
591,-35.29,17,24,47,0.915,1.0,0.279,9.48
592,-27.251,17,22,41,0.878,1.0,0.25,10.23
593,99.971,22,3,27,0.667,0.0,0.278,5.44
594,46.215,28,19,50,0.88,1.0,0.273,6.74
595,28.079,23,17,40,0.825,0.571,0.303,7.26
596,-19.766,20,24,46,0.935,1.0,0.256,7.98
597,108.373,29,8,37,0.919,1.0,0.324,4.08
598,9.342,24,22,49,0.878,1.0,0.279,6.55
599,-55.941,17,28,46,0.848,1.0,0.256,9.05
600,-6.99,15,16,35,0.829,0.0,0.31,8.5
601,112.108,38,15,55,0.745,0.8,0.293,4.97
602,33.072,21,15,36,0.833,1.0,0.367,6.35
603,4.312,21,20,44,0.818,1.0,0.222,8.35
604,-5.206,24,25,55,0.818,0.857,0.333,8.42
605,-39.109,14,22,37,0.865,1.0,0.25,8.71
606,43.29,23,14,39,0.846,0.0,0.242,6.35
607,-12.75,21,24,47,0.872,1.0,0.268,8.44
608,62.967,27,14,45,0.822,0.875,0.324,9.97
609,33.613,21,14,39,0.872,0.875,0.294,7.07
610,92.289,29,10,43,0.767,0.889,0.394,8.61
611,19.286,25,21,47,0.702,0.667,0.273,6.17
612,57.907,20,9,32,0.719,0.5,0.348,6.94
613,60.406,21,9,31,0.903,1.0,0.25,4.98
614,75.038,29,15,44,0.727,0.889,0.281,6.18
615,41.111,26,18,46,0.891,1.0,0.22,5.92
616,18.819,21,18,40,0.825,1.0,0.333,9.11
617,44.65,25,16,45,0.822,0.667,0.351,7.31
618,-62.173,9,21,34,0.706,0.833,0.25,9.12
619,25.822,23,18,45,0.8,0.625,0.25,9.57
620,27.247,20,14,39,0.846,0.889,0.333,6.74
621,-37.057,16,23,43,0.93,1.0,0.25,8.6
622,36.634,24,17,45,0.8,0.8,0.25,10.0
623,61.19,25,13,43,0.86,1.0,0.27,6.17
624,-4.76,19,20,42,0.762,0.786,0.25,8.47
625,95.251,29,10,43,0.814,1.0,0.343,6.82
626,-16.114,18,21,44,0.795,0.75,0.314,8.01
627,-51.394,18,28,50,0.84,0.8,0.381,8.75
628,30.473,24,18,45,0.889,1.0,0.25,6.41
629,58.764,26,15,42,0.833,1.0,0.314,8.15
630,112.853,30,8,41,0.756,1.0,0.29,5.75
631,43.297,21,13,34,0.735,1.0,0.32,7.21
632,30.326,22,16,40,0.875,0.667,0.314,6.65
633,60.53,19,7,30,0.8,1.0,0.292,5.5
634,81.283,27,11,42,0.881,1.0,0.27,5.67
635,127.218,34,9,43,0.744,1.0,0.219,6.28
636,41.891,23,15,42,0.738,0.5,0.323,9.51
637,32.791,23,16,42,0.786,1.0,0.333,5.64
638,74.757,26,11,40,0.8,1.0,0.312,6.19
639,93.885,28,10,38,0.816,0.0,0.29,5.73
640,-72.962,17,31,53,0.774,0.9,0.244,10.16
641,68.688,23,10,33,0.848,0.0,0.464,5.09
642,6.511,17,16,34,0.824,1.0,0.464,6.39
643,60.494,24,12,40,0.725,1.0,0.276,7.8
644,28.643,19,14,33,0.818,1.0,0.37,5.06
645,23.711,23,18,45,0.911,0.8,0.293,7.57
646,22.256,19,15,35,0.914,1.0,0.25,6.9
647,40.682,23,15,42,0.714,1.0,0.3,5.82
648,23.0,22,17,43,0.86,0.857,0.297,8.76
649,-15.251,17,20,41,0.78,0.857,0.312,7.03
650,105.943,29,8,37,0.865,0.0,0.312,5.31
651,56.311,26,15,41,0.707,0.833,0.31,6.23
652,41.815,22,14,42,0.738,0.0,0.258,5.12
653,31.302,23,17,43,0.767,0.556,0.273,8.3
654,82.572,27,11,40,0.925,1.0,0.351,7.48
655,101.552,23,3,28,0.857,0.0,0.292,3.92
656,119.457,31,7,42,0.881,1.0,0.243,7.41
657,87.363,33,16,50,0.9,1.0,0.311,6.72
658,30.532,22,15,44,0.818,0.75,0.333,6.58
659,1.652,20,20,43,0.767,1.0,0.303,9.82
660,37.766,20,12,34,0.706,0.5,0.25,5.76
661,25.13,21,16,45,0.933,1.0,0.31,5.55
662,119.87,29,6,37,0.973,1.0,0.278,6.36
663,65.719,27,14,47,0.787,0.833,0.297,6.48
664,48.515,26,16,48,0.875,1.0,0.262,4.84
665,85.819,25,8,34,0.853,1.0,0.276,4.98
666,56.65,25,14,41,0.829,0.8,0.324,8.37
667,22.53,28,23,53,0.811,0.889,0.279,5.35
668,75.581,28,13,41,0.732,0.778,0.4,6.81
669,14.984,23,20,47,0.851,0.833,0.25,8.67
670,35.867,18,11,33,0.909,1.0,0.333,6.79
671,58.657,24,12,41,0.878,0.6,0.278,6.79
672,55.776,26,15,46,0.87,0.4,0.225,6.91
673,50.695,25,15,43,0.86,0.667,0.27,5.86
674,64.096,19,7,29,0.966,1.0,0.286,5.35
675,-72.421,20,34,58,0.81,1.0,0.404,10.65
676,26.857,21,16,39,0.872,1.0,0.265,7.77
677,54.878,24,13,39,0.846,1.0,0.273,6.29
678,50.806,25,15,42,0.786,0.5,0.303,6.08
679,4.516,27,26,55,0.855,1.0,0.234,10.22
680,-0.049,26,26,55,0.8,0.857,0.273,10.9
681,-12.868,18,20,44,0.864,1.0,0.237,7.74
682,76.905,25,10,38,0.842,1.0,0.219,6.96
683,20.512,22,18,43,0.86,1.0,0.297,8.68
684,-25.579,17,22,39,0.846,0.818,0.273,8.13
685,-67.387,15,28,48,0.792,0.778,0.316,11.21
686,-56.73,17,28,46,0.891,0.714,0.317,8.58
687,36.585,18,11,31,0.871,0.667,0.333,6.94
688,94.132,27,9,37,0.865,1.0,0.281,8.09
689,77.883,22,7,30,0.867,0.0,0.308,6.86
690,142.4,34,6,41,0.878,0.0,0.25,5.26
691,-0.13,21,21,45,0.778,0.8,0.257,7.37
692,-1.226,21,21,46,0.891,1.0,0.366,7.88
693,32.318,27,20,51,0.863,1.0,0.273,6.18
694,41.915,23,15,44,0.841,1.0,0.27,9.02
695,-35.167,14,21,39,0.821,1.0,0.312,8.18
696,-57.562,17,28,48,0.812,0.917,0.282,10.34
697,97.678,31,12,46,0.804,1.0,0.297,7.72
698,52.326,26,15,41,0.805,1.0,0.273,4.75
699,28.139,26,20,48,0.833,0.8,0.25,6.4
700,-72.831,12,26,47,0.851,0.917,0.25,7.64
701,25.424,23,18,45,0.822,0.917,0.243,8.66
702,25.56,25,20,49,0.857,1.0,0.262,9.95
703,-27.126,21,26,48,0.917,0.909,0.273,5.96
704,110.619,31,10,42,0.857,1.0,0.25,5.83
705,101.422,30,10,40,0.8,0.8,0.312,4.5
706,131.774,29,3,34,0.941,0.5,0.406,4.54
707,40.023,27,19,52,0.865,0.875,0.244,7.5
708,40.526,27,19,50,0.86,0.786,0.302,8.11
709,94.027,24,6,31,0.871,0.0,0.259,6.26
710,81.854,27,11,40,0.825,1.0,0.273,5.17
711,-33.873,16,22,42,0.881,0.833,0.297,9.21
712,52.699,26,16,43,0.907,1.0,0.282,8.65
713,15.428,20,17,37,0.838,0.857,0.484,8.14
714,-13.586,19,21,42,0.881,0.0,0.297,7.75
715,39.576,23,15,42,0.857,1.0,0.25,7.37
716,73.251,24,10,36,0.75,1.0,0.333,5.43
717,87.144,29,12,41,0.829,0.0,0.294,4.03
718,108.62,26,5,35,0.829,1.0,0.276,7.65
719,103.232,27,7,36,0.833,0.0,0.267,5.27
720,59.702,24,13,37,0.919,1.0,0.265,6.42
721,14.119,22,19,41,0.805,1.0,0.273,7.13
722,73.998,28,13,43,0.791,0.0,0.294,4.48
723,-22.205,20,24,50,0.84,1.0,0.238,7.92
724,78.42,26,11,38,0.868,1.0,0.303,6.78
725,150.985,35,5,40,0.85,0.0,0.324,4.71
726,9.594,20,18,44,0.864,1.0,0.289,9.82
727,20.102,24,20,45,0.733,0.583,0.273,10.68
728,24.961,19,14,39,0.923,0.75,0.25,7.74
729,2.405,20,19,43,0.791,0.909,0.265,8.33
730,45.936,22,13,40,0.875,1.0,0.343,8.31
731,97.308,29,10,39,0.744,1.0,0.31,6.38
732,10.733,21,19,44,0.818,1.0,0.278,6.01
733,50.23,25,15,42,0.81,1.0,0.412,4.51
734,61.458,24,12,43,0.721,0.0,0.258,4.98
735,-75.326,15,30,45,0.911,1.0,0.244,8.54
736,56.052,26,15,42,0.714,0.857,0.4,7.21
737,66.308,26,13,41,0.756,1.0,0.387,5.99
738,76.722,29,14,44,0.795,0.5,0.314,5.13
739,12.112,25,23,50,0.9,0.882,0.267,8.8
740,95.095,33,14,50,0.76,0.857,0.237,5.62
741,64.055,26,13,40,0.85,1.0,0.265,7.73
742,67.282,23,10,38,0.947,1.0,0.25,7.21
743,120.009,36,13,50,0.86,0.818,0.233,6.89
744,48.463,29,19,50,0.82,0.8,0.268,7.82
745,81.607,29,13,48,0.896,1.0,0.279,8.1
746,26.959,29,23,58,0.879,0.9,0.255,7.76
747,-15.649,19,22,48,0.812,0.727,0.256,9.46
748,71.818,27,13,43,0.86,0.889,0.27,6.95
749,34.168,26,19,45,0.8,0.667,0.389,6.15
750,66.734,29,16,45,0.822,0.833,0.297,8.62
751,93.155,23,5,30,0.8,1.0,0.25,4.93
752,-61.788,18,30,50,0.84,0.81,0.262,9.86
753,76.135,27,12,43,0.814,1.0,0.343,7.52
754,32.204,25,19,47,0.766,0.889,0.278,7.99
755,35.943,23,16,40,0.75,1.0,0.367,7.19
756,118.17,34,11,48,0.875,0.8,0.238,9.09
757,-35.453,19,26,50,0.86,1.0,0.256,9.83
758,44.068,21,12,35,0.829,0.75,0.241,6.28
759,-7.234,21,22,47,0.872,0.8,0.268,8.45
760,30.858,22,16,41,0.878,1.0,0.278,8.8
761,48.24,19,10,30,0.867,1.0,0.423,7.61
762,87.86,23,6,32,0.844,1.0,0.222,6.49
763,42.042,22,14,38,0.789,1.0,0.333,8.6
764,-41.69,17,25,45,0.867,1.0,0.256,7.27
765,-24.065,19,24,47,0.83,0.889,0.282,9.28
766,78.55,22,7,30,0.9,0.0,0.296,5.74
767,82.997,26,10,40,0.825,0.5,0.364,6.49
768,13.252,25,22,50,0.84,0.556,0.238,8.42
769,-51.722,18,28,48,0.812,0.917,0.308,6.87
770,164.318,37,5,44,0.75,0.0,0.424,5.47
771,56.32,27,16,43,0.837,0.875,0.306,8.11
772,5.389,20,19,40,0.775,0.667,0.226,7.59
773,89.16,25,8,34,0.824,1.0,0.286,6.27
774,52.814,22,12,38,0.868,1.0,0.242,7.23
775,16.912,25,21,52,0.904,0.875,0.255,7.03
776,117.768,32,9,43,0.814,0.0,0.286,5.83
777,25.766,21,16,37,0.784,0.714,0.276,5.81
778,46.996,26,17,47,0.809,1.0,0.263,9.02
779,133.443,33,7,44,0.841,0.0,0.324,5.24
780,66.441,25,12,43,0.767,0.0,0.303,6.85
781,-15.316,24,26,53,0.811,0.857,0.256,5.23
782,93.596,25,7,32,0.906,0.0,0.241,4.83
783,62.224,26,14,41,0.78,1.0,0.281,6.57
784,26.79,15,10,25,0.76,1.0,0.368,4.69
785,74.509,30,15,45,0.889,0.5,0.325,5.64
786,10.261,15,13,33,0.758,1.0,0.36,7.28
787,118.278,33,10,43,0.814,1.0,0.343,6.35
788,51.705,24,14,40,0.875,1.0,0.343,5.89
789,-34.655,18,25,45,0.733,0.429,0.333,8.15
790,71.819,31,17,50,0.88,1.0,0.341,7.67
791,-30.883,18,24,50,0.8,0.0,0.325,8.19
792,102.451,32,12,48,0.833,1.0,0.35,6.33
793,-7.48,15,16,36,0.833,0.9,0.3,7.98
794,57.859,27,15,45,0.778,0.857,0.371,5.0
795,-34.916,17,24,46,0.739,0.875,0.353,9.53
796,-4.732,18,19,39,0.949,1.0,0.324,6.76
797,108.423,29,8,40,0.775,0.6,0.29,7.55
798,86.146,30,13,46,0.804,0.4,0.324,7.17
799,32.228,24,18,42,0.833,0.857,0.229,6.81
800,86.488,26,9,39,0.795,1.0,0.29,5.85
801,-44.786,16,25,42,0.857,0.857,0.25,7.32
802,35.144,28,20,52,0.788,0.667,0.293,6.57
803,30.581,23,17,45,0.822,1.0,0.324,9.19
804,5.186,25,24,52,0.885,0.833,0.261,9.66
805,42.607,28,19,50,0.84,0.8,0.286,7.21
806,93.192,30,12,44,0.841,1.0,0.216,6.39
807,-24.621,22,27,50,0.86,1.0,0.256,10.25
808,55.257,27,16,44,0.841,0.833,0.351,8.74
809,37.766,29,22,54,0.833,0.714,0.267,8.15
810,52.379,25,15,41,0.756,0.778,0.258,5.82
811,21.802,23,19,47,0.745,0.875,0.257,10.02
812,-14.794,17,20,41,0.805,0.75,0.273,8.02
813,77.828,22,7,33,0.697,0.5,0.348,5.33
814,66.759,26,13,44,0.841,0.769,0.297,10.21
815,-117.396,13,36,54,0.815,0.75,0.25,8.72
816,-18.942,24,27,57,0.789,0.75,0.267,8.38
817,77.777,23,8,32,0.812,1.0,0.269,5.29
818,-37.227,17,24,44,0.727,0.429,0.312,10.62
819,4.229,26,25,52,0.942,1.0,0.224,7.77
820,-52.655,15,25,45,0.8,0.8,0.25,10.5
821,-0.602,17,17,36,0.806,1.0,0.276,6.34
822,107.958,31,10,41,0.854,1.0,0.257,6.83
823,51.718,23,13,39,0.897,1.0,0.286,6.2
824,98.478,28,9,37,0.919,1.0,0.294,5.03
825,60.233,25,13,44,0.795,1.0,0.314,6.51
826,73.264,27,13,40,0.875,0.833,0.343,6.06
827,67.877,22,9,33,0.879,0.0,0.241,7.17
828,80.1,25,9,38,0.763,1.0,0.276,5.3
829,30.287,24,18,46,0.804,0.875,0.243,6.7
830,11.773,21,19,41,0.878,0.667,0.306,5.21
831,46.081,23,14,38,0.789,1.0,0.267,6.11
832,29.913,20,14,37,0.892,0.667,0.364,8.89
833,-51.731,17,27,46,0.826,0.714,0.263,7.77
834,3.782,20,19,44,0.841,0.875,0.27,7.97
835,9.088,24,21,49,0.878,1.0,0.326,6.85
836,19.354,23,19,42,0.857,1.0,0.306,7.03
837,46.855,21,11,37,0.784,0.667,0.345,5.11
838,-24.945,11,16,29,0.862,1.0,0.28,8.99
839,-9.083,14,16,31,0.839,1.0,0.346,7.72
840,40.173,24,16,41,0.854,0.857,0.286,6.82
841,103.09,32,12,44,0.886,1.0,0.282,6.37
842,-93.574,16,34,54,0.815,0.75,0.273,9.14
843,-26.277,21,26,49,0.694,0.733,0.324,10.36
844,11.087,20,18,41,0.805,0.75,0.303,6.08
845,97.065,23,4,30,0.833,0.0,0.24,5.04
846,-83.615,20,36,57,0.842,0.885,0.375,12.52
847,-4.835,25,26,53,0.868,0.929,0.261,9.02
848,80.067,29,13,51,0.882,1.0,0.222,6.29
849,65.695,30,17,51,0.843,1.0,0.279,8.73
850,-21.946,16,20,43,0.744,0.8,0.312,7.65
851,44.391,27,18,46,0.826,1.0,0.289,10.39
852,41.29,24,16,43,0.791,0.0,0.235,7.76
853,-30.652,14,20,35,0.829,0.0,0.31,6.32
854,75.254,27,12,40,0.9,1.0,0.25,5.65
855,40.818,24,16,42,0.905,0.75,0.342,6.16
856,9.738,24,22,50,0.9,0.8,0.333,7.53
857,24.354,25,20,48,0.896,0.857,0.326,7.87
858,111.88,30,8,40,0.875,0.75,0.286,5.69
859,-8.657,26,28,56,0.839,0.846,0.298,8.85
860,-56.888,18,29,50,0.8,0.867,0.25,10.88
861,66.475,24,11,35,0.886,1.0,0.258,4.09
862,67.587,25,12,38,0.763,1.0,0.31,7.12
863,71.678,26,12,38,0.763,0.8,0.31,5.3
864,38.489,28,20,49,0.796,0.615,0.282,5.84
865,89.288,20,3,23,0.913,0.0,0.333,5.51
866,38.721,21,14,37,0.946,1.0,0.314,6.22
867,69.343,29,15,46,0.804,1.0,0.324,6.03
868,-6.111,15,16,32,0.781,1.0,0.28,6.75
869,5.964,26,25,52,0.904,0.938,0.277,9.28
870,-21.772,21,25,50,0.86,0.867,0.279,9.52
871,-19.025,21,25,47,0.766,0.9,0.278,7.41
872,87.002,29,12,41,0.902,0.5,0.243,6.58
873,0.847,18,18,39,0.846,1.0,0.303,9.3
874,45.085,28,19,50,0.9,1.0,0.267,8.17
875,97.872,30,11,43,0.837,1.0,0.278,5.47
876,47.181,26,17,43,0.93,1.0,0.25,5.63
877,-11.212,14,16,33,0.727,0.0,0.375,6.39
878,122.007,31,7,38,0.763,1.0,0.276,5.57
879,26.346,23,18,45,0.844,1.0,0.263,8.21
880,-42.079,16,24,43,0.767,0.769,0.303,9.35
881,67.653,23,10,33,0.879,1.0,0.276,5.83
882,123.838,33,9,44,0.841,0.0,0.351,5.47
883,-39.264,15,23,41,0.854,0.875,0.343,9.64
884,46.502,18,9,30,0.9,1.0,0.296,6.54
885,75.583,30,15,49,0.776,0.933,0.237,7.68
886,55.992,22,11,33,0.909,0.0,0.3,5.86
887,63.429,23,11,36,0.778,0.667,0.357,6.2
888,70.032,28,14,48,0.854,0.9,0.293,8.09
889,67.803,21,8,30,0.933,0.0,0.286,5.81
890,-13.222,24,26,54,0.778,0.857,0.238,7.81
891,31.901,21,15,39,0.872,0.8,0.382,7.12
892,41.644,24,16,41,0.805,1.0,0.303,5.89
893,82.321,28,12,42,0.833,1.0,0.286,7.93
894,-16.073,22,25,50,0.88,0.8,0.295,7.59
895,65.034,24,11,37,0.838,0.875,0.387,6.31
896,6.163,18,17,37,0.838,0.833,0.258,7.86
897,63.742,25,12,41,0.854,0.667,0.257,5.25
898,33.367,24,18,43,0.86,1.0,0.27,5.92
899,90.934,29,11,41,0.732,0.0,0.267,7.2
900,-129.408,14,39,55,0.764,0.808,0.262,9.04
901,20.286,20,16,38,0.868,0.75,0.273,8.53
902,141.982,37,9,47,0.872,1.0,0.293,6.54
903,64.631,22,9,31,0.839,1.0,0.385,5.43
904,138.066,30,3,34,0.882,0.0,0.3,3.8
905,106.716,33,12,46,0.804,1.0,0.378,6.78
906,102.194,27,7,36,0.806,0.5,0.276,5.96
907,95.535,31,12,45,0.844,0.8,0.263,6.12
908,-35.435,18,25,44,0.932,1.0,0.341,7.37
909,49.94,22,12,36,0.917,1.0,0.364,5.49
910,-39.794,21,29,55,0.855,0.9,0.255,8.52
911,46.995,22,13,39,0.872,1.0,0.441,5.39
912,15.176,19,16,38,0.921,1.0,0.4,6.55
913,-15.104,21,24,48,0.854,1.0,0.317,10.07
914,99.118,33,14,48,0.854,0.0,0.341,6.13
915,-7.049,21,22,46,0.87,1.0,0.3,7.29
916,77.783,25,10,39,0.846,0.833,0.333,4.99
917,-16.814,21,24,50,0.8,0.667,0.3,9.39
918,102.274,30,10,40,0.775,0.0,0.258,4.18
919,37.455,28,20,54,0.833,0.846,0.267,6.64
920,89.233,29,11,42,0.762,1.0,0.25,4.63
921,90.617,27,9,38,0.842,1.0,0.312,6.87
922,13.157,22,19,45,0.889,1.0,0.25,7.04
923,111.55,31,9,44,0.75,1.0,0.273,5.83
924,51.402,27,17,44,0.841,0.833,0.27,5.19
925,23.287,24,19,52,0.75,0.923,0.282,9.9
926,92.172,27,9,39,0.923,1.0,0.306,7.58
927,102.356,28,8,39,0.795,0.833,0.484,5.99
928,55.479,26,15,43,0.814,0.625,0.343,7.14
929,14.81,24,21,46,0.848,1.0,0.333,5.82
930,84.915,30,13,49,0.837,1.0,0.22,5.94
931,113.798,29,7,37,0.919,1.0,0.294,5.4
932,109.788,33,11,44,0.818,0.8,0.278,4.15
933,87.829,32,15,47,0.83,0.75,0.308,5.99
934,53.221,24,14,38,0.763,0.5,0.31,7.43
935,70.444,25,11,38,0.868,0.0,0.303,4.71
936,5.551,19,18,41,0.927,1.0,0.342,7.22
937,-17.634,18,21,42,0.81,1.0,0.265,7.52
938,105.118,32,11,43,0.791,0.818,0.265,6.7
939,19.427,17,13,33,0.818,1.0,0.333,6.18
940,17.887,25,21,48,0.812,0.923,0.282,10.43
941,98.415,29,10,40,0.875,1.0,0.286,5.24
942,56.93,26,15,42,0.833,0.875,0.343,5.58
943,52.314,21,11,34,0.941,1.0,0.312,5.21
944,64.864,25,12,38,0.789,0.75,0.3,5.61
945,119.543,33,10,48,0.896,0.0,0.349,4.26
946,59.936,29,17,50,0.82,1.0,0.22,6.06
947,36.866,18,11,30,0.967,1.0,0.241,6.0
948,-112.893,11,33,47,0.936,1.0,0.273,11.1
949,38.605,26,18,48,0.875,0.818,0.31,5.85
950,54.739,24,13,39,0.846,1.0,0.273,5.8
951,128.921,28,3,32,0.719,0.0,0.304,4.08
952,45.775,24,15,41,0.78,0.889,0.25,6.89
953,60.734,27,15,42,0.857,0.846,0.278,8.41
954,-48.266,14,23,42,0.857,1.0,0.25,7.06
955,-32.635,24,30,57,0.842,0.75,0.229,8.91
956,-27.034,20,25,45,0.733,0.556,0.242,8.44
957,-31.0,18,24,46,0.87,1.0,0.275,8.13
958,-31.53,17,23,46,0.804,0.714,0.297,7.11
959,-0.371,20,20,46,0.87,0.889,0.325,8.85
960,-5.794,18,19,37,0.865,1.0,0.281,6.83
961,64.203,31,18,53,0.774,1.0,0.293,6.3
962,-45.461,15,24,40,0.9,1.0,0.278,7.69
963,-0.612,25,25,50,0.86,0.917,0.326,7.2
964,63.716,29,16,46,0.826,0.75,0.263,7.55
965,1.702,23,22,51,0.941,1.0,0.25,7.51
966,56.496,19,8,27,0.778,0.8,0.333,5.04
967,-2.601,17,17,39,0.795,0.833,0.29,6.54
968,58.113,25,14,41,0.878,1.0,0.278,6.92
969,61.089,22,10,35,0.886,0.75,0.258,5.42
970,-13.995,19,22,44,0.682,0.6,0.367,6.27
971,154.86,33,3,37,0.838,1.0,0.226,4.6
972,-36.255,15,22,41,0.707,0.714,0.276,6.63
973,-129.679,6,31,42,0.81,0.833,0.324,8.21
974,-0.701,18,18,40,0.875,1.0,0.371,7.24
975,-3.621,17,18,37,0.919,0.9,0.265,8.61
976,10.57,22,20,46,0.891,1.0,0.268,8.93
977,139.189,36,8,49,0.755,1.0,0.243,5.17
978,114.473,34,11,45,0.844,0.667,0.316,6.19
979,88.608,29,12,42,0.952,1.0,0.35,7.95
980,85.762,28,11,39,0.872,1.0,0.265,5.25
981,79.603,29,13,44,0.705,0.667,0.258,6.3
982,-31.461,20,26,51,0.902,1.0,0.326,9.7
983,109.306,28,7,36,0.778,0.0,0.286,5.72
984,114.87,32,9,43,0.837,1.0,0.25,5.64
985,-21.732,21,25,52,0.846,0.778,0.227,9.63
986,-73.602,20,34,56,0.786,0.647,0.25,10.38
987,135.52,28,2,31,0.839,1.0,0.269,4.44
988,51.717,26,16,44,0.864,1.0,0.237,6.47
989,-69.151,17,30,52,0.827,0.933,0.279,9.79
990,76.354,28,13,44,0.795,0.5,0.286,5.34
991,67.33,33,19,56,0.839,0.909,0.255,6.09
992,96.978,29,10,39,0.744,0.714,0.276,6.15
993,61.607,24,12,40,0.925,1.0,0.297,5.92
994,87.632,28,11,42,0.929,1.0,0.282,6.15
995,62.876,25,13,40,0.8,0.75,0.344,6.96
996,61.388,24,12,37,0.946,1.0,0.343,7.21
997,120.821,31,7,43,0.814,1.0,0.286,6.39
998,21.58,18,14,33,0.879,0.0,0.345,5.73
999,73.093,27,13,40,0.875,1.0,0.314,6.65
1000,4.098,24,23,48,0.917,0.923,0.25,8.62
1001,33.613,27,20,51,0.804,1.0,0.293,5.58
1002,4.852,17,16,37,0.676,0.5,0.36,6.67
1003,113.025,29,6,42,0.786,1.0,0.273,5.75
1004,20.629,20,16,40,0.85,0.75,0.324,6.22
1005,24.102,21,16,40,0.875,1.0,0.257,8.02
1006,18.743,22,18,44,0.841,0.625,0.243,6.94
1007,54.242,27,16,47,0.957,1.0,0.333,5.71
1008,50.597,29,19,51,0.706,0.867,0.25,9.34
1009,58.122,26,15,41,0.805,0.0,0.333,6.08
1010,64.495,27,14,41,0.854,1.0,0.314,5.76
1011,25.853,22,17,40,0.925,1.0,0.297,5.97
1012,25.343,30,25,58,0.879,0.938,0.294,7.84
1013,55.312,29,18,50,0.88,0.9,0.295,6.36
1014,83.259,23,7,32,0.812,0.0,0.308,6.39
1015,43.419,22,13,37,0.838,0.75,0.323,5.19
1016,91.932,29,11,40,0.775,1.0,0.323,5.61
1017,90.37,33,15,53,0.868,1.0,0.283,10.69
1018,94.901,29,10,43,0.837,0.0,0.306,4.75
1019,-2.226,23,23,49,0.776,0.812,0.263,8.25
1020,10.247,22,20,47,0.851,0.933,0.25,8.57
1021,100.074,27,7,35,0.886,1.0,0.29,6.06
1022,22.547,23,18,43,0.767,0.909,0.333,7.42
1023,-48.119,18,27,47,0.894,0.818,0.31,8.24
1024,-17.666,16,19,36,0.889,1.0,0.312,5.85
1025,169.949,36,2,39,0.897,0.0,0.4,4.71
1026,72.933,26,12,38,0.921,1.0,0.286,5.83
1027,32.212,21,15,41,0.951,1.0,0.282,7.25
1028,72.429,23,9,34,0.794,1.0,0.259,5.78
1029,26.135,21,16,42,0.762,1.0,0.406,6.58
1030,20.767,25,21,46,0.848,1.0,0.256,8.44
1031,9.934,24,22,47,0.83,0.867,0.308,9.04
1032,-51.582,16,26,44,0.886,0.917,0.282,8.41
1033,11.862,24,22,46,0.826,0.818,0.211,6.71
1034,46.604,22,13,36,0.917,0.75,0.242,6.88
1035,71.029,21,7,30,0.833,0.0,0.32,6.81
1036,-72.026,12,26,42,0.833,0.769,0.429,9.51
1037,44.134,24,15,40,0.85,1.0,0.324,5.71
1038,54.292,26,15,42,0.833,1.0,0.286,6.26
1039,110.993,28,6,35,0.829,0.0,0.241,4.81
1040,131.838,34,8,43,0.721,1.0,0.29,6.69
1041,45.582,22,13,38,0.763,0.625,0.379,7.63
1042,41.921,22,14,39,0.923,1.0,0.278,7.54
1043,91.225,27,9,37,0.811,1.0,0.267,5.02
1044,87.072,29,12,46,0.891,0.875,0.268,7.46
1045,4.92,20,19,44,0.864,0.889,0.263,10.28
1046,72.266,27,13,41,0.756,0.778,0.29,7.33
1047,63.012,21,9,33,0.848,0.857,0.357,8.1
1048,44.231,24,15,41,0.78,0.833,0.312,7.06
1049,-25.528,18,23,43,0.744,0.571,0.281,8.25
1050,93.009,32,14,50,0.9,1.0,0.267,6.66
1051,47.051,24,15,43,0.837,0.625,0.361,6.57
1052,41.592,18,10,28,0.893,1.0,0.36,6.06
1053,-27.683,27,32,65,0.8,0.722,0.346,11.58
1054,-46.618,17,26,45,0.956,1.0,0.302,6.87
1055,-93.108,14,32,51,0.882,1.0,0.356,8.55
1056,32.076,21,15,39,0.923,1.0,0.25,9.55
1057,34.751,21,14,42,0.69,0.6,0.276,8.35
1058,41.139,22,14,39,0.821,0.0,0.25,6.69
1059,60.628,26,14,40,0.875,1.0,0.286,6.1
1060,72.043,18,4,26,0.923,0.0,0.25,4.93
1061,-20.283,21,25,52,0.769,0.909,0.325,7.61
1062,-60.343,13,25,41,0.805,0.818,0.303,10.85
1063,-4.313,18,19,40,0.825,1.0,0.303,8.91
1064,-1.313,20,20,43,0.791,1.0,0.294,7.35
1065,56.028,20,9,30,0.967,1.0,0.345,6.11
1066,49.999,28,18,47,0.766,0.8,0.333,6.62
1067,57.626,27,16,45,0.867,1.0,0.256,6.73
1068,77.149,24,9,34,0.824,1.0,0.286,5.82
1069,-19.269,21,24,49,0.755,0.714,0.27,11.27
1070,31.109,23,17,43,0.791,1.0,0.324,8.65
1071,29.798,22,16,39,0.923,1.0,0.361,6.04
1072,-6.34,22,23,47,0.851,0.909,0.3,8.19
1073,30.757,19,13,32,0.75,0.667,0.333,7.79
1074,-26.839,16,21,41,0.854,0.833,0.286,7.77
1075,137.046,38,11,50,0.8,0.889,0.35,6.22
1076,41.016,27,19,46,0.804,1.0,0.243,6.32
1077,96.838,26,7,38,0.711,1.0,0.296,4.98
1078,84.511,27,11,42,0.81,0.667,0.324,5.36
1079,119.979,35,11,46,0.87,1.0,0.3,4.85
1080,82.332,27,11,38,0.816,0.0,0.258,4.78
1081,-5.65,19,20,42,0.929,1.0,0.231,11.75
1082,81.328,28,12,44,0.864,1.0,0.289,5.64
1083,49.7,21,11,38,0.789,1.0,0.4,8.62
1084,80.499,27,11,39,0.846,0.5,0.333,5.93
1085,45.531,27,18,48,0.854,1.0,0.268,10.69
1086,30.434,21,15,40,0.825,1.0,0.273,7.73
1087,-65.454,14,27,47,0.851,0.8,0.25,8.52
1088,42.574,25,17,46,0.826,0.8,0.263,7.26
1089,18.954,20,16,37,0.811,1.0,0.267,5.16
1090,0.221,22,22,47,0.83,0.778,0.231,7.06
1091,51.966,20,10,34,0.765,1.0,0.385,7.67
1092,46.144,25,16,42,0.857,0.8,0.25,7.28
1093,115.407,28,6,35,0.771,1.0,0.37,5.38
1094,24.54,17,12,32,0.781,1.0,0.24,8.31
1095,78.61,24,9,39,0.872,1.0,0.294,6.42
1096,20.215,19,15,43,0.884,0.857,0.289,8.12
1097,51.641,22,12,43,0.86,1.0,0.297,6.28
1098,76.027,26,11,40,0.825,1.0,0.333,5.39
1099,15.361,17,14,37,0.784,1.0,0.276,5.97
1100,99.349,29,10,40,0.775,0.0,0.29,7.07
1101,28.448,22,16,39,0.744,1.0,0.276,5.73
1102,84.451,28,12,45,0.867,1.0,0.256,5.75
1103,20.603,23,19,43,0.721,0.875,0.29,6.26
1104,-9.055,22,24,49,0.878,0.833,0.419,5.47
1105,-105.727,12,33,49,0.776,0.875,0.289,10.4
1106,9.387,17,15,33,0.909,1.0,0.333,7.21
1107,88.151,27,10,41,0.683,1.0,0.393,7.93
1108,18.936,21,17,40,0.675,0.25,0.259,6.71
1109,50.115,22,12,37,0.676,1.0,0.36,6.8
1110,20.519,21,17,39,0.897,1.0,0.286,7.23
1111,6.727,22,21,43,0.907,1.0,0.359,9.89
1112,-41.223,16,24,42,0.857,1.0,0.278,8.8
1113,30.054,24,18,46,0.848,0.9,0.256,8.19
1114,53.258,25,15,41,0.927,0.714,0.237,7.16
1115,101.777,29,9,38,0.816,0.0,0.387,4.21
1116,48.097,19,10,29,0.828,0.0,0.333,4.36
1117,74.535,26,11,39,0.744,0.857,0.276,6.25
1118,-59.392,17,28,48,0.875,0.85,0.286,10.23
1119,5.046,20,19,47,0.766,1.0,0.278,8.88
1120,24.981,21,16,39,0.795,0.75,0.226,6.16
1121,121.729,33,9,43,0.86,0.0,0.324,5.02
1122,70.122,28,14,45,0.756,0.833,0.235,7.42
1123,68.128,26,13,41,0.902,1.0,0.243,7.1
1124,58.742,27,16,43,0.791,1.0,0.265,5.88
1125,-25.867,17,22,41,0.829,0.778,0.294,10.89
1126,-49.476,15,25,42,0.81,0.857,0.235,9.44
1127,35.823,21,14,39,0.795,1.0,0.29,9.68
1128,-38.146,23,30,53,0.849,0.75,0.311,6.99
1129,46.995,20,11,32,0.844,1.0,0.259,6.27
1130,-10.724,20,22,47,0.745,0.889,0.429,6.71
1131,14.358,22,19,45,0.844,0.8,0.263,7.33
1132,11.221,21,19,41,0.805,1.0,0.303,6.8
1133,51.45,25,15,49,0.878,1.0,0.326,6.93
1134,-4.574,20,21,46,0.891,1.0,0.293,11.11
1135,76.189,33,18,51,0.902,0.87,0.283,6.24
1136,51.119,18,8,32,0.938,1.0,0.267,5.18
1137,106.107,31,10,43,0.884,0.857,0.342,6.04
1138,42.469,25,17,43,0.767,0.8,0.364,5.7
1139,77.634,25,10,38,0.763,0.8,0.276,5.73
1140,39.064,23,15,41,0.902,1.0,0.27,6.85
1141,29.036,21,15,41,0.829,0.8,0.353,6.52
1142,46.835,24,15,44,0.818,1.0,0.25,6.41
1143,-96.074,9,28,40,0.775,0.667,0.258,8.72
1144,110.698,30,8,38,0.816,1.0,0.355,4.29
1145,-55.994,12,23,41,0.854,0.9,0.371,8.34
1146,23.896,25,20,49,0.776,0.846,0.237,10.74
1147,92.591,28,10,39,0.846,1.0,0.303,6.73
1148,38.86,27,19,48,0.708,1.0,0.265,6.55
1149,53.573,24,14,40,0.85,1.0,0.324,6.15
1150,80.054,34,18,52,0.904,0.917,0.255,6.43
1151,-26.089,22,27,53,0.887,0.867,0.383,6.02
1152,-119.107,8,31,44,0.886,1.0,0.231,11.32
1153,47.513,18,9,31,0.806,0.0,0.28,8.16
1154,103.141,27,7,39,0.821,1.0,0.469,4.26
1155,41.809,21,13,35,0.714,1.0,0.28,7.38
1156,-56.032,14,25,45,0.8,1.0,0.278,7.52
1157,-15.047,19,22,43,0.837,0.889,0.306,7.71
1158,45.442,20,11,32,0.75,1.0,0.333,7.6
1159,-9.468,22,24,46,0.848,0.9,0.333,9.93
1160,42.994,23,15,39,0.769,1.0,0.267,6.71
1161,-30.136,17,23,45,0.889,0.889,0.275,6.87
1162,41.336,21,13,40,0.775,0.8,0.355,7.57
1163,145.199,32,4,39,0.846,1.0,0.394,5.29
1164,78.303,28,13,47,0.787,0.875,0.27,6.86
1165,79.625,27,11,40,0.875,1.0,0.286,6.55
1166,88.721,26,9,35,0.857,0.8,0.267,6.09
1167,63.761,24,12,40,0.95,0.857,0.263,8.32
1168,15.687,24,21,48,0.854,0.875,0.317,11.57
1169,24.958,21,16,40,0.825,1.0,0.364,5.86
1170,-92.422,13,31,48,0.812,0.786,0.282,12.45
1171,46.807,23,14,40,0.825,1.0,0.273,7.03
1172,37.029,23,16,42,0.786,0.8,0.303,7.61
1173,3.947,20,19,43,0.884,0.909,0.289,6.56
1174,96.49,23,4,27,0.852,0.0,0.304,4.11
1175,65.486,22,9,38,0.816,1.0,0.323,6.73
1176,25.878,26,21,48,0.896,0.909,0.256,7.71
1177,61.947,20,8,29,0.69,1.0,0.3,7.48
1178,-81.498,19,35,56,0.768,0.818,0.279,11.06
1179,79.652,25,9,35,0.886,1.0,0.29,5.24
1180,105.813,26,5,33,0.879,1.0,0.276,3.4
1181,-118.185,11,34,46,0.761,0.619,0.286,8.65
1182,133.464,32,6,42,0.762,0.0,0.312,4.84
1183,67.429,28,15,45,0.733,0.25,0.333,7.25
1184,56.584,22,11,33,0.788,1.0,0.346,5.81
1185,55.871,26,15,45,0.911,1.0,0.268,10.69
1186,26.577,21,16,39,0.846,0.8,0.303,6.14
1187,62.414,25,13,39,0.872,1.0,0.382,7.35
1188,86.983,33,15,50,0.88,0.857,0.295,6.52
1189,52.744,28,17,47,0.745,0.875,0.286,6.41
1190,-28.521,22,27,50,0.84,0.75,0.31,9.36
1191,81.225,23,7,30,0.667,0.0,0.3,4.91
1192,4.662,19,18,41,0.878,1.0,0.278,5.06
1193,19.796,26,22,49,0.898,0.875,0.295,10.78
1194,84.466,29,12,41,0.756,0.571,0.29,5.03
1195,-46.553,13,22,35,0.829,0.8,0.31,7.28
1196,40.314,22,14,38,0.842,1.0,0.406,6.3
1197,-20.248,22,26,48,0.938,1.0,0.267,8.03
1198,-37.294,19,26,48,0.812,0.75,0.282,7.35
1199,32.463,24,18,43,0.86,0.667,0.297,7.2
1200,48.801,28,18,50,0.82,0.857,0.268,6.67
1201,96.474,24,5,34,0.853,1.0,0.276,5.78
1202,53.912,25,14,49,0.878,0.5,0.279,6.56
1203,67.039,28,15,43,0.86,1.0,0.27,7.24
1204,39.709,22,14,36,0.667,1.0,0.333,6.61
1205,-18.764,21,25,50,0.88,0.8,0.25,12.91
1206,70.784,25,11,39,0.769,1.0,0.333,8.33
1207,-95.345,12,31,45,0.867,1.0,0.282,10.41
1208,112.215,32,10,47,0.83,0.667,0.308,5.7
1209,-29.085,18,24,44,0.773,0.625,0.265,7.13
1210,-11.011,20,22,45,0.711,0.556,0.25,7.06
1211,64.657,26,13,46,0.87,1.0,0.275,5.15
1212,-106.933,12,33,48,0.812,0.8,0.333,8.78
1213,84.394,30,14,45,0.822,1.0,0.297,8.56
1214,36.656,22,15,39,0.897,0.0,0.257,6.39
1215,100.048,31,11,46,0.761,0.889,0.314,5.34
1216,-17.317,21,25,50,0.88,1.0,0.364,9.38
1217,106.756,32,11,44,0.773,0.0,0.324,6.24
1218,-24.998,20,25,46,0.804,0.824,0.27,8.46
1219,37.773,23,16,41,0.829,1.0,0.324,6.71
1220,-32.051,14,20,40,0.825,0.857,0.303,8.63
1221,36.148,22,15,37,0.838,0.833,0.323,5.15
1222,62.077,20,8,35,0.829,1.0,0.241,5.21
1223,72.622,25,11,39,0.692,1.0,0.259,7.07
1224,-76.998,16,31,51,0.824,0.917,0.238,7.43
1225,47.751,26,17,44,0.841,0.714,0.27,9.19
1226,-107.398,16,37,57,0.789,0.846,0.267,7.32
1227,-9.805,22,24,47,0.745,0.833,0.314,8.74
1228,3.854,23,22,45,0.8,0.875,0.333,9.54
1229,70.432,24,10,34,0.853,1.0,0.345,5.08
1230,29.709,21,15,37,0.919,1.0,0.265,5.33
1231,111.576,28,6,36,0.889,0.0,0.219,3.97
1232,81.4,27,11,40,0.85,0.833,0.265,5.67
1233,-15.987,15,18,34,0.765,0.6,0.269,11.28
1234,1.6,23,22,49,0.837,0.8,0.244,7.67
1235,28.966,20,14,34,0.794,0.9,0.296,7.49
1236,62.563,22,10,33,0.788,1.0,0.423,6.32
1237,-27.652,17,22,47,0.787,1.0,0.27,8.07
1238,81.446,26,10,37,0.622,0.75,0.348,6.12
1239,-67.276,15,28,44,0.795,0.824,0.229,9.92
1240,10.3,20,18,40,0.8,1.0,0.281,7.63
1241,31.949,22,16,42,0.833,0.667,0.314,7.68
1242,57.145,24,13,38,0.868,1.0,0.273,6.77
1243,78.508,22,7,34,0.735,1.0,0.24,5.5
1244,-3.702,20,21,44,0.864,1.0,0.263,8.62
1245,7.561,24,22,47,0.851,0.857,0.3,6.92
1246,124.19,29,5,36,0.833,0.0,0.267,6.6
1247,24.12,24,19,46,0.717,0.857,0.303,9.42
1248,-37.026,18,25,45,0.8,0.8,0.306,7.86
1249,82.282,24,8,35,0.886,0.0,0.258,7.96
1250,101.52,30,10,41,0.878,1.0,0.306,5.4
1251,-39.523,19,27,47,0.83,0.846,0.256,8.31
1252,87.577,24,7,35,0.8,0.5,0.286,5.1
1253,35.823,15,8,29,0.793,0.0,0.261,4.81
1254,117.291,32,9,43,0.837,1.0,0.25,4.75
1255,23.428,26,21,51,0.824,0.833,0.286,8.15
1256,49.127,28,18,48,0.833,1.0,0.275,7.94
1257,127.7,29,4,34,0.882,0.0,0.333,4.49
1258,-4.928,19,20,43,0.744,0.333,0.312,8.97
1259,112.304,35,13,54,0.796,0.889,0.302,7.57
1260,-102.118,11,31,43,0.837,1.0,0.278,9.51
1261,20.597,17,13,33,0.818,0.0,0.222,6.16
1262,11.731,19,17,38,0.816,1.0,0.29,7.87
1263,34.932,19,12,32,0.844,1.0,0.296,5.17
1264,-65.852,20,33,55,0.836,0.769,0.283,9.57
1265,-66.549,13,26,44,0.841,0.778,0.27,9.7
1266,-13.837,17,20,39,0.872,0.0,0.382,8.48
1267,-10.001,24,26,53,0.811,0.692,0.233,5.72
1268,16.536,19,16,37,0.784,0.6,0.345,9.84
1269,12.219,24,21,47,0.787,1.0,0.27,6.21
1270,-15.768,22,25,52,0.846,0.867,0.273,9.47
1271,-26.123,21,26,48,0.833,0.833,0.325,8.22
1272,16.598,20,17,38,0.816,1.0,0.29,7.04
1273,-27.51,17,22,47,0.872,0.8,0.293,9.35
1274,118.769,34,10,47,0.915,1.0,0.279,4.35
1275,-76.129,18,33,52,0.788,0.812,0.244,8.9
1276,67.627,27,14,43,0.884,1.0,0.237,5.67
1277,105.073,28,7,38,0.895,0.0,0.265,3.94
1278,15.179,22,18,47,0.83,0.875,0.256,6.33
1279,50.834,23,13,39,0.949,1.0,0.297,6.77
1280,-9.863,19,21,43,0.907,1.0,0.282,8.08
1281,77.563,26,10,44,0.818,1.0,0.278,6.57
1282,-50.472,13,23,39,0.744,0.6,0.241,9.55
1283,-35.391,12,19,33,0.939,1.0,0.323,8.47
1284,80.537,26,10,36,0.778,1.0,0.25,5.69
1285,-7.694,19,20,46,0.87,1.0,0.3,6.48
1286,108.167,29,8,42,0.881,1.0,0.297,5.58
1287,29.034,23,17,47,0.83,0.833,0.282,8.25
1288,20.724,17,13,32,0.906,0.667,0.276,7.68
1289,72.6,26,12,40,0.875,1.0,0.257,6.3
1290,4.049,21,20,48,0.688,0.667,0.273,8.03
1291,99.866,27,7,35,0.771,1.0,0.296,4.52
1292,25.748,22,17,41,0.854,0.0,0.229,5.32
1293,19.04,22,18,40,0.775,0.667,0.323,6.95
1294,9.662,25,23,54,0.852,1.0,0.304,7.14
1295,131.631,36,10,50,0.94,1.0,0.255,7.51
1296,-1.894,22,22,45,0.8,0.867,0.222,9.19
1297,9.733,23,21,49,0.755,0.786,0.27,8.16
1298,67.046,23,10,37,0.811,1.0,0.333,7.06
1299,95.191,27,8,38,0.868,1.0,0.273,6.6
1300,128.599,33,8,41,0.805,0.0,0.273,4.77
1301,-21.068,17,21,44,0.841,0.9,0.324,8.21
1302,29.512,22,16,44,0.909,0.75,0.3,8.89
1303,16.336,23,20,47,0.83,0.857,0.282,6.98
1304,-10.68,21,23,46,0.891,1.0,0.268,7.68
1305,105.406,28,7,40,0.925,0.75,0.297,6.17
1306,-56.936,20,31,55,0.836,0.889,0.304,6.55
1307,-36.211,16,23,42,0.929,1.0,0.308,8.92
1308,45.5,24,15,42,0.786,1.0,0.303,6.39
1309,-9.369,19,21,43,0.86,0.714,0.324,9.99
1310,43.869,25,17,44,0.886,0.0,0.308,6.34
1311,67.0,25,12,38,0.921,1.0,0.257,6.4
1312,48.134,23,13,39,0.846,0.667,0.455,6.77
1313,-10.496,18,20,41,0.902,1.0,0.27,10.57
1314,23.452,27,22,51,0.824,1.0,0.405,7.93
1315,46.95,29,19,53,0.868,1.0,0.326,5.49
1316,17.162,21,18,41,0.878,1.0,0.222,7.13
1317,65.896,23,10,38,0.816,0.75,0.258,8.36
1318,58.086,31,19,59,0.898,0.9,0.283,6.86
1319,97.611,24,5,29,0.862,0.0,0.44,3.43
1320,8.954,20,18,43,0.791,0.75,0.294,6.61
1321,-14.312,17,20,38,0.763,0.75,0.379,8.51
1322,113.502,28,6,36,0.833,0.0,0.333,4.83
1323,-84.953,14,31,48,0.854,0.875,0.293,9.88
1324,48.699,24,14,45,0.8,0.8,0.361,7.99
1325,14.551,24,21,47,0.83,0.0,0.256,5.73
1326,81.779,27,11,41,0.829,0.6,0.265,5.43
1327,92.558,26,8,35,0.886,1.0,0.387,6.24
1328,-0.562,21,21,53,0.792,0.583,0.262,8.49
1329,89.329,26,8,36,0.778,0.0,0.286,4.04
1330,20.993,21,17,40,0.875,1.0,0.314,5.68
1331,53.325,18,8,27,0.889,1.0,0.375,5.68
1332,80.921,29,12,45,0.733,0.8,0.364,7.48
1333,-5.58,20,21,43,0.86,0.833,0.378,7.31
1334,58.964,28,16,45,0.822,1.0,0.243,7.13
1335,54.563,29,18,54,0.852,0.857,0.261,7.1
1336,100.226,30,10,43,0.814,1.0,0.286,5.35
1337,102.873,28,7,36,0.778,1.0,0.393,6.41
1338,0.744,17,17,37,0.838,0.667,0.29,7.14
1339,-41.69,14,22,46,0.848,1.0,0.282,7.58
1340,32.822,25,18,45,0.867,1.0,0.231,7.2
1341,-50.7,14,24,42,0.81,0.875,0.235,8.4
1342,48.884,29,19,51,0.863,0.941,0.273,11.49
1343,19.878,22,18,41,0.902,1.0,0.243,6.79
1344,-24.6,16,21,43,0.721,0.833,0.323,8.22
1345,11.882,24,22,47,0.809,0.833,0.263,6.26
1346,59.3,30,18,51,0.804,0.8,0.22,7.99
1347,-3.111,16,17,35,0.8,1.0,0.286,7.1
1348,-15.332,21,24,48,0.875,0.818,0.333,9.05
1349,-9.694,22,24,50,0.84,0.778,0.286,8.53
1350,-13.76,21,24,48,0.875,0.889,0.262,8.18
1351,83.915,27,11,41,0.78,1.0,0.281,5.7
1352,-71.6,13,27,44,0.795,1.0,0.286,10.08
1353,10.315,25,23,49,0.837,0.667,0.341,8.17
1354,43.52,24,16,42,0.786,0.6,0.303,6.76
1355,89.463,30,13,44,0.773,1.0,0.294,6.48
1356,113.105,33,11,44,0.727,0.778,0.25,4.96
1357,77.186,29,14,45,0.867,1.0,0.333,6.97
1358,80.818,24,8,34,0.765,0.0,0.269,6.98
1359,-0.577,20,20,46,0.783,0.833,0.278,8.33
1360,-50.905,16,26,46,0.87,0.833,0.225,10.8
1361,47.862,24,15,43,0.93,0.0,0.275,6.17
1362,62.57,24,12,39,0.872,1.0,0.265,6.45
1363,-106.161,11,32,44,0.841,0.818,0.351,10.6
1364,31.463,21,15,39,0.769,0.667,0.4,8.32
1365,16.499,27,23,53,0.755,1.0,0.3,6.29
1366,25.734,20,15,40,0.925,1.0,0.351,9.1
1367,64.678,26,13,40,0.825,1.0,0.364,5.13
1368,-10.866,22,24,51,0.843,0.714,0.302,10.17
1369,72.96,21,7,28,0.857,0.0,0.333,4.99
1370,50.926,24,14,40,0.825,0.833,0.273,8.95
1371,80.832,24,8,35,0.743,1.0,0.308,5.66
1372,63.724,23,10,34,0.824,1.0,0.357,4.24
1373,43.084,23,14,39,0.641,0.5,0.32,8.02
1374,18.45,24,20,49,0.796,0.8,0.231,7.27
1375,-70.637,15,29,45,0.8,0.7,0.278,8.68
1376,54.227,26,15,43,0.884,0.75,0.237,7.24
1377,-88.455,14,31,46,0.891,1.0,0.293,10.51
1378,49.944,22,12,37,0.838,0.0,0.29,6.74
1379,-0.413,12,12,25,0.88,0.0,0.273,5.48
1380,16.489,24,21,48,0.854,0.95,0.317,7.7
1381,20.914,24,20,46,0.87,1.0,0.25,8.16
1382,119.259,31,7,41,0.854,1.0,0.257,6.16
1383,-19.576,18,22,41,0.878,0.8,0.278,8.94
1384,-16.212,15,18,37,0.703,0.0,0.308,6.86
1385,78.136,21,6,30,0.8,1.0,0.417,5.38
1386,-4.911,22,23,48,0.896,0.667,0.326,8.53
1387,-28.701,18,24,42,0.881,0.833,0.27,7.18
1388,71.798,24,10,37,0.811,1.0,0.333,6.73
1389,15.866,20,17,38,0.789,0.75,0.267,9.59
1390,75.789,30,15,46,0.913,0.667,0.238,5.63
1391,-13.366,24,26,51,0.843,0.875,0.279,10.4
1392,12.715,25,22,49,0.857,0.889,0.262,7.98
1393,-25.299,19,24,44,0.818,0.917,0.306,6.13
1394,104.623,32,12,45,0.889,1.0,0.275,6.14
1395,-46.509,21,30,51,0.686,0.824,0.286,7.43
1396,43.975,23,15,41,0.756,0.857,0.258,6.95
1397,-15.054,17,20,38,0.974,1.0,0.243,7.31
1398,106.706,30,9,39,0.821,1.0,0.281,5.28
1399,77.936,24,9,35,0.714,1.0,0.4,4.44
1400,24.915,21,16,40,0.9,0.75,0.278,7.43
1401,42.122,22,13,36,0.833,1.0,0.3,4.53
1402,55.034,26,15,41,0.878,0.857,0.361,7.73
1403,95.574,26,7,34,0.794,1.0,0.296,4.15
1404,21.388,23,19,45,0.8,1.0,0.278,5.91
1405,40.253,30,22,54,0.796,0.833,0.326,7.11
1406,43.731,19,11,31,0.871,1.0,0.296,6.95
1407,-3.259,18,19,39,0.744,0.727,0.276,9.93
1408,79.108,25,9,37,0.757,1.0,0.286,4.87
1409,-105.951,11,31,50,0.78,0.571,0.256,8.89
1410,-46.633,13,22,41,0.854,0.5,0.257,9.36
1411,81.947,19,3,24,0.75,0.0,0.222,4.29
1412,38.216,24,16,45,0.844,0.857,0.237,5.87
1413,25.809,22,17,43,0.93,1.0,0.35,5.49
1414,-22.231,17,21,39,0.718,0.714,0.321,7.43
1415,60.725,19,7,34,0.824,0.5,0.357,7.79
1416,-37.379,18,25,53,0.887,0.75,0.234,9.5
1417,73.914,32,17,53,0.774,0.889,0.268,8.01
1418,-46.059,22,31,55,0.727,0.643,0.275,7.54
1419,51.946,25,15,42,0.905,0.857,0.316,7.56
1420,-7.594,22,23,47,0.83,1.0,0.231,9.0
1421,76.789,26,11,39,0.795,0.0,0.29,5.43
1422,-36.968,15,22,38,0.763,1.0,0.31,8.81
1423,2.111,27,26,55,0.873,0.923,0.271,8.76
1424,111.651,30,8,40,0.85,1.0,0.235,5.14
1425,47.916,26,17,45,0.689,0.5,0.355,6.39
1426,27.497,25,19,45,0.889,1.0,0.3,6.51
1427,-19.293,21,24,49,0.837,0.5,0.293,7.38
1428,104.644,28,8,39,0.846,1.0,0.364,7.4
1429,-65.916,15,28,45,0.8,0.833,0.306,8.87
1430,81.431,25,9,37,0.865,0.5,0.281,5.35
1431,62.941,25,12,40,0.9,0.889,0.278,6.38
1432,113.673,34,11,47,0.851,1.0,0.25,4.23
1433,49.945,26,16,42,0.81,1.0,0.265,5.62
1434,-11.81,23,25,53,0.774,0.667,0.317,7.17
1435,24.829,22,17,41,0.902,1.0,0.324,7.17
1436,156.54,37,6,46,0.652,1.0,0.333,4.86
1437,89.398,25,8,35,0.8,1.0,0.25,8.07
1438,-35.15,18,25,46,0.87,0.875,0.275,7.54
1439,-13.504,18,20,39,0.846,1.0,0.333,5.21
1440,28.835,29,22,54,0.852,0.667,0.239,6.16
1441,71.081,26,12,38,0.816,0.5,0.258,5.2
1442,-30.75,17,23,47,0.872,0.75,0.268,9.21
1443,57.775,30,18,51,0.882,0.818,0.289,6.0
1444,67.663,28,15,44,0.864,1.0,0.289,6.62
1445,74.967,27,12,44,0.864,0.833,0.342,7.03
1446,101.67,34,14,50,0.92,1.0,0.261,6.84
1447,-52.013,18,28,55,0.8,0.786,0.295,11.07
1448,-35.439,19,26,46,0.826,1.0,0.316,9.13
1449,128.83,30,5,36,0.944,1.0,0.294,5.69
1450,-57.296,22,33,58,0.81,0.882,0.277,7.71
1451,36.426,25,18,44,0.864,0.8,0.316,8.5
1452,-23.666,22,27,55,0.782,0.667,0.349,8.97
1453,-22.995,23,27,53,0.868,0.875,0.283,8.6
1454,112.08,32,10,43,0.86,1.0,0.243,9.4
1455,-37.747,19,26,51,0.824,0.786,0.31,8.86
1456,28.693,24,18,43,0.814,1.0,0.314,4.43
1457,45.061,25,16,43,0.884,0.0,0.289,6.09
1458,18.096,27,23,56,0.839,1.0,0.234,6.58
1459,-7.005,18,19,43,0.93,0.75,0.35,6.23
1460,46.295,26,17,45,0.933,1.0,0.286,5.64
1461,121.906,29,5,34,0.824,0.0,0.25,3.33
1462,46.468,20,11,31,0.839,1.0,0.385,6.55
1463,10.851,20,18,38,0.842,1.0,0.344,6.17
1464,15.922,19,16,40,0.8,1.0,0.344,7.2
1465,14.527,22,19,47,0.872,0.8,0.293,8.81
1466,95.564,26,7,36,0.833,1.0,0.367,4.98
1467,3.392,21,20,45,0.8,0.727,0.333,6.36
1468,15.448,20,17,46,0.935,1.0,0.233,7.65
1469,106.733,27,6,34,0.912,0.667,0.323,5.89
1470,107.268,32,11,43,0.837,1.0,0.333,5.73
1471,26.274,28,23,55,0.855,1.0,0.319,7.75
1472,68.504,24,11,36,0.833,1.0,0.367,6.86
1473,55.077,29,18,52,0.808,1.0,0.286,9.75
1474,-56.132,14,25,40,0.725,0.923,0.276,9.89
1475,115.496,33,11,44,0.795,1.0,0.257,5.14
1476,43.774,21,13,35,0.829,1.0,0.276,6.78
1477,15.086,23,20,47,0.702,0.75,0.273,8.02
1478,46.769,19,10,30,0.9,1.0,0.296,6.2
1479,100.008,30,11,41,0.829,0.0,0.265,5.46
1480,-2.702,22,22,48,0.771,0.5,0.297,9.82
1481,89.137,28,11,40,0.775,1.0,0.226,7.57
1482,5.921,19,18,44,0.795,0.714,0.314,7.37
1483,109.537,25,4,30,0.9,0.0,0.296,5.38
1484,48.108,28,19,48,0.812,0.875,0.333,6.96
1485,-6.993,20,21,44,0.841,0.875,0.216,4.8
1486,-59.396,15,27,43,0.907,0.889,0.282,8.64
1487,95.3,28,9,38,0.895,1.0,0.235,5.03
1488,15.939,20,17,42,0.857,1.0,0.389,7.39
1489,13.881,23,20,46,0.87,0.5,0.275,8.16
1490,95.286,30,11,41,0.732,1.0,0.267,4.16
1491,117.084,34,11,48,0.833,1.0,0.375,5.97
1492,70.904,23,9,35,0.829,1.0,0.276,6.87
1493,11.147,20,18,39,0.846,1.0,0.333,6.94
1494,-9.43,16,18,36,0.861,0.714,0.323,8.98
1495,-34.576,15,22,41,0.902,1.0,0.297,7.28
1496,32.347,24,18,43,0.907,0.833,0.282,5.56
1497,-35.87,20,27,54,0.907,0.941,0.265,8.01
1498,63.376,19,7,27,0.815,1.0,0.318,5.35
1499,34.555,28,21,52,0.788,0.786,0.341,9.83
1500,16.491,24,21,45,0.889,1.0,0.325,7.15
