episode,fail_fwd,fail_local
1,25,4
2,20,7
3,17,1
4,16,3
5,20,3
6,19,1
7,20,5
8,20,4
9,33,8
10,15,3
11,16,4
12,11,3
13,19,2
14,19,4
15,17,4
16,25,5
17,20,5
18,19,2
19,31,2
20,21,2
21,28,1
22,21,0
23,15,0
24,19,1
25,17,3
26,15,1
27,19,4
28,23,0
29,23,3
30,23,1
31,20,2
32,26,4
33,23,5
34,13,3
35,18,3
36,14,1
37,22,5
38,20,6
39,23,9
40,16,4
41,13,4
42,31,4
43,20,4
44,41,3
45,19,2
46,21,2
47,27,0
48,19,10
49,18,4
50,18,2
51,24,3
52,28,3
53,8,1
54,31,3
55,14,2
56,9,1
57,13,0
58,20,2
59,25,4
60,24,4
61,30,6
62,16,1
63,13,4
64,19,3
65,14,2
66,23,2
67,15,1
68,21,6
69,22,1
70,16,1
71,25,8
72,24,3
73,17,5
74,13,5
75,26,6
76,28,3
77,19,3
78,28,3
79,11,3
80,15,3
81,11,4
82,22,5
83,11,7
84,16,5
85,22,3
86,22,4
87,23,1
88,19,3
89,29,6
90,15,4
91,18,2
92,29,5
93,10,2
94,18,2
95,20,2
96,17,2
97,14,2
98,22,3
99,16,2
100,35,3
101,20,5
102,20,1
103,16,0
104,29,2
105,23,4
106,27,3
107,26,4
108,18,4
109,18,0
110,15,4
111,16,3
112,16,1
113,19,2
114,27,6
115,11,4
116,14,0
117,26,4
118,19,4
119,17,6
120,28,4
121,30,2
122,17,2
123,19,0
124,17,4
125,18,3
126,12,2
127,19,2
128,21,0
129,16,3
130,18,3
131,19,6
132,15,3
133,34,2
134,20,2
135,26,5
136,25,5
137,17,6
138,13,2
139,25,3
140,16,5
141,18,2
142,15,1
143,20,7
144,8,3
145,17,3
146,27,7
147,25,4
148,29,4
149,20,3
150,12,1
151,16,2
152,13,2
153,14,4
154,16,1
155,17,5
156,26,2
157,17,1
158,13,3
159,19,3
160,29,3
161,25,6
162,13,2
163,16,1
164,24,4
165,18,3
166,18,2
167,9,1
168,33,4
169,19,2
170,17,5
171,25,3
172,22,5
173,21,4
174,25,1
175,20,1
176,21,4
177,19,2
178,22,7
179,25,3
180,13,4
181,17,2
182,21,2
183,16,3
184,17,9
185,23,2
186,24,3
187,21,3
188,23,1
189,13,2
190,16,2
191,29,6
192,26,3
193,16,2
194,17,2
195,14,0
196,19,1
197,11,3
198,24,4
199,15,2
200,17,2
201,27,6
202,15,1
203,17,4
204,15,3
205,28,3
206,19,3
207,8,2
208,22,2
209,29,3
210,11,3
211,20,3
212,25,4
213,16,5
214,21,3
215,23,8
216,28,5
217,15,4
218,21,5
219,16,9
220,20,7
221,15,2
222,16,4
223,14,4
224,31,6
225,25,4
226,21,4
227,15,3
228,4,1
229,10,1
230,15,6
231,8,2
232,9,2
233,25,5
234,17,7
235,10,3
236,23,3
237,28,7
238,20,2
239,15,0
240,20,2
241,13,3
242,25,4
243,17,0
244,22,2
245,29,0
246,16,1
247,18,6
248,13,7
249,22,2
250,13,3
251,15,1
252,9,2
253,27,6
254,9,3
255,14,3
256,30,4
257,24,9
258,15,2
259,20,8
260,19,4
261,31,5
262,15,5
263,9,4
264,13,0
265,16,3
266,26,1
267,22,7
268,17,4
269,22,4
270,17,1
271,29,4
272,10,3
273,11,5
274,11,2
275,10,3
276,22,4
277,15,4
278,24,1
279,11,2
280,9,2
281,23,6
282,14,2
283,20,2
284,19,4
285,10,2
286,15,4
287,17,4
288,25,5
289,12,2
290,24,3
291,17,0
292,20,2
293,25,5
294,19,3
295,19,0
296,26,2
297,22,4
298,15,5
299,25,5
300,25,9
301,24,2
302,16,5
303,14,4
304,24,5
305,21,8
306,20,3
307,17,2
308,18,8
309,14,4
310,7,1
311,12,2
312,16,4
313,29,4
314,29,1
315,17,2
316,16,7
317,14,6
318,27,3
319,10,0
320,22,1
321,8,6
322,21,3
323,11,6
324,24,4
325,35,5
326,14,4
327,12,0
328,21,3
329,13,1
330,29,6
331,10,2
332,23,1
333,21,7
334,22,1
335,10,7
336,7,3
337,17,0
338,11,8
339,15,2
340,11,2
341,19,5
342,17,5
343,16,5
344,10,5
345,26,5
346,15,2
347,13,2
348,11,3
349,14,1
350,16,3
351,10,5
352,11,5
353,20,5
354,27,6
355,16,3
356,14,5
357,9,3
358,19,4
359,13,2
360,23,2
361,14,5
362,15,3
363,23,1
364,12,3
365,19,3
366,20,4
367,4,1
368,18,2
369,35,4
370,27,4
371,18,3
372,8,2
373,14,2
374,13,3
375,17,1
376,6,4
377,14,3
378,15,1
379,17,7
380,17,3
381,17,4
382,12,3
383,14,1
384,18,6
385,10,1
386,16,1
387,23,1
388,19,7
389,15,4
390,8,2
391,21,3
392,16,2
393,16,0
394,12,4
395,6,1
396,18,0
397,24,2
398,24,7
399,18,3
400,20,3
401,17,5
402,17,4
403,18,3
404,18,2
405,16,8
406,12,1
407,12,1
408,15,0
409,24,3
410,6,0
411,11,2
412,19,7
413,19,8
414,20,2
415,22,3
416,16,4
417,16,3
418,10,5
419,21,7
420,13,5
421,13,5
422,19,7
423,13,9
424,17,2
425,14,5
426,14,3
427,15,2
428,15,7
429,25,6
430,7,4
431,15,5
432,13,3
433,14,0
434,12,3
435,23,4
436,13,4
437,18,4
438,19,3
439,13,5
440,17,5
441,18,4
442,12,3
443,20,3
444,13,0
445,15,4
446,18,3
447,21,2
448,24,4
449,13,1
450,21,4
451,16,0
452,27,1
453,23,4
454,15,2
455,14,4
456,21,3
457,19,7
458,8,6
459,20,7
460,14,0
461,14,3
462,14,3
463,18,6
464,10,1
465,12,10
466,15,5
467,36,8
468,23,5
469,15,9
470,21,6
471,13,4
472,13,6
473,18,5
474,13,4
475,10,2
476,15,0
477,12,5
478,27,4
479,29,8
480,25,6
481,17,3
482,22,4
483,19,2
484,17,3
485,11,5
486,10,3
487,14,1
488,21,1
489,12,4
490,29,2
491,19,3
492,22,1
493,17,3
494,18,6
495,20,3
496,16,2
497,22,5
498,23,4
499,17,3
500,13,4
501,17,2
502,14,1
503,20,5
504,9,2
505,24,5
506,14,4
507,22,3
508,14,3
509,17,3
510,15,3
511,9,2
512,16,5
513,22,5
514,22,2
515,16,1
516,14,1
517,15,0
518,12,1
519,19,1
520,23,3
521,23,5
522,15,3
523,19,1
524,14,4
525,17,6
526,11,2
527,27,3
528,21,7
529,6,2
530,24,2
531,16,4
532,12,0
533,7,3
534,10,3
535,5,0
536,6,2
537,5,0
538,20,0
539,15,4
540,18,2
541,9,4
542,16,4
543,15,7
544,17,1
545,18,7
546,21,2
547,19,8
548,13,0
549,24,3
550,17,2
551,10,7
552,23,3
553,18,6
554,21,1
555,4,0
556,30,6
557,15,5
558,16,5
559,10,1
560,12,2
561,34,2
562,13,2
563,20,2
564,7,1
565,15,6
566,14,4
567,9,3
568,21,4
569,17,1
570,19,2
571,15,3
572,13,5
573,7,6
574,14,5
575,34,10
576,14,2
577,25,6
578,14,2
579,24,5
580,15,6
581,11,0
582,26,4
583,15,7
584,19,3
585,12,0
586,11,3
587,21,1
588,14,1
589,11,3
590,21,4
591,21,4
592,17,3
593,6,0
594,10,2
595,20,1
596,20,2
597,9,0
598,17,3
599,23,8
600,16,4
601,15,2
602,13,0
603,18,5
604,26,3
605,18,1
606,11,1
607,20,0
608,14,7
609,17,1
610,14,1
611,20,6
612,14,2
613,12,2
614,16,3
615,18,4
616,20,2
617,17,3
618,17,3
619,24,2
620,13,3
621,19,6
622,11,3
623,16,3
624,17,4
625,11,2
626,18,4
627,24,3
628,17,3
629,11,2
630,10,3
631,11,2
632,16,1
633,6,0
634,18,3
635,13,1
636,16,5
637,13,1
638,15,4
639,9,0
640,25,2
641,5,2
642,15,2
643,14,3
644,17,1
645,24,2
646,15,1
647,15,2
648,17,2
649,13,6
650,16,3
651,17,2
652,17,1
653,13,3
654,15,2
655,5,2
656,16,2
657,23,2
658,16,1
659,21,2
660,12,2
661,12,2
662,10,0
663,12,1
664,18,2
665,11,2
666,13,1
667,20,2
668,18,1
669,27,1
670,10,2
671,12,1
672,20,3
673,13,2
674,7,2
675,29,4
676,20,2
677,13,2
678,16,3
679,28,5
680,25,5
681,21,1
682,13,0
683,19,5
684,22,3
685,29,3
686,27,6
687,11,0
688,11,0
689,9,2
690,9,2
691,15,2
692,19,5
693,20,1
694,18,6
695,21,3
696,21,5
697,18,5
698,17,4
699,17,2
700,22,3
701,23,1
702,22,3
703,21,2
704,16,1
705,15,1
706,6,1
707,24,3
708,18,1
709,7,2
710,16,2
711,22,1
712,15,1
713,14,5
714,19,4
715,16,1
716,8,3
717,11,2
718,13,1
719,13,0
720,9,3
721,16,3
722,10,1
723,21,4
724,10,7
725,11,0
726,17,2
727,23,2
728,15,1
729,22,4
730,15,2
731,13,2
732,20,2
733,14,0
734,7,3
735,28,3
736,14,3
737,13,3
738,12,4
739,25,3
740,17,3
741,15,4
742,8,3
743,19,1
744,17,5
745,16,2
746,25,3
747,19,9
748,16,2
749,21,6
750,19,1
751,6,0
752,26,3
753,14,2
754,20,4
755,11,5
756,11,2
757,24,5
758,15,1
759,22,5
760,10,4
761,10,1
762,8,1
763,15,2
764,27,3
765,21,5
766,6,2
767,16,2
768,17,6
769,27,3
770,11,1
771,19,5
772,22,6
773,8,2
774,10,1
775,21,4
776,15,2
777,19,0
778,17,4
779,8,2
780,16,0
781,22,7
782,13,0
783,19,1
784,5,3
785,12,4
786,12,2
787,14,0
788,12,1
789,23,3
790,17,6
791,23,2
792,17,2
793,14,1
794,15,4
795,26,2
796,16,1
797,16,5
798,16,7
799,25,1
800,16,1
801,22,1
802,19,2
803,21,3
804,26,4
805,17,3
806,11,3
807,22,4
808,14,2
809,19,6
810,16,1
811,19,5
812,19,5
813,10,0
814,12,3
815,31,5
816,27,4
817,13,0
818,18,8
819,19,3
820,26,3
821,15,5
822,14,1
823,18,1
824,13,3
825,19,1
826,17,2
827,10,1
828,10,3
829,18,0
830,14,7
831,11,5
832,13,1
833,20,5
834,15,4
835,20,4
836,19,2
837,15,1
838,15,0
839,14,0
840,15,2
841,18,3
842,26,4
843,26,4
844,17,2
845,5,1
846,34,6
847,27,3
848,15,1
849,22,2
850,14,1
851,22,3
852,12,5
853,17,3
854,14,2
855,17,3
856,23,1
857,20,3
858,15,1
859,23,3
860,27,2
861,13,1
862,11,2
863,11,1
864,21,2
865,3,0
866,17,3
867,10,0
868,14,6
869,25,1
870,23,7
871,24,2
872,13,2
873,15,1
874,21,2
875,12,1
876,17,3
877,13,1
878,13,2
879,15,1
880,21,6
881,10,1
882,13,2
883,21,1
884,12,4
885,16,3
886,16,1
887,12,0
888,19,1
889,9,2
890,17,5
891,12,3
892,23,2
893,11,4
894,13,7
895,15,1
896,19,1
897,13,3
898,15,2
899,23,1
900,33,5
901,18,2
902,11,3
903,11,0
904,8,1
905,14,3
906,8,1
907,9,5
908,20,6
909,9,0
910,24,3
911,13,2
912,10,4
913,24,2
914,20,2
915,19,2
916,12,0
917,19,4
918,10,2
919,18,3
920,7,3
921,14,3
922,14,2
923,9,1
924,11,5
925,14,1
926,12,8
927,11,2
928,9,7
929,19,3
930,8,4
931,12,2
932,13,2
933,15,2
934,10,2
935,11,1
936,12,3
937,22,1
938,15,3
939,13,2
940,15,2
941,13,0
942,12,2
943,15,2
944,18,2
945,10,0
946,19,4
947,15,0
948,24,4
949,21,2
950,7,4
951,8,0
952,12,3
953,20,3
954,16,2
955,28,0
956,24,3
957,18,1
958,21,3
959,20,0
960,20,2
961,19,0
962,27,2
963,26,0
964,19,1
965,17,3
966,7,3
967,15,1
968,16,4
969,9,5
970,20,4
971,11,0
972,20,2
973,25,4
974,19,1
975,14,1
976,17,4
977,9,2
978,15,4
979,20,1
980,16,0
981,13,4
982,20,7
983,7,3
984,12,2
985,25,4
986,25,5
987,8,0
988,17,2
989,20,3
990,11,3
991,19,1
992,9,1
993,11,0
994,12,2
995,12,2
996,17,4
997,10,3
998,14,1
999,12,3
1000,17,0
1001,14,6
1002,15,0
1003,9,4
1004,14,2
1005,20,1
1006,16,0
1007,17,2
1008,23,3
1009,13,2
1010,9,1
1011,10,2
1012,20,4
1013,20,4
1014,9,1
1015,14,2
1016,9,2
1017,14,4
1018,11,2
1019,20,3
1020,23,3
1021,11,3
1022,18,3
1023,20,2
1024,18,2
1025,8,0
1026,7,7
1027,13,2
1028,12,1
1029,14,5
1030,20,2
1031,19,3
1032,23,2
1033,17,4
1034,13,2
1035,7,3
1036,21,3
1037,16,3
1038,20,0
1039,10,1
1040,12,5
1041,15,1
1042,15,1
1043,12,5
1044,11,0
1045,24,2
1046,16,0
1047,10,3
1048,16,3
1049,18,5
1050,19,4
1051,13,2
1052,8,1
1053,29,2
1054,20,3
1055,26,6
1056,12,2
1057,16,3
1058,17,2
1059,14,2
1060,6,0
1061,17,3
1062,15,2
1063,18,6
1064,18,0
1065,11,0
1066,17,1
1067,15,3
1068,6,3
1069,24,4
1070,13,3
1071,13,2
1072,19,2
1073,9,1
1074,21,2
1075,18,0
1076,15,4
1077,11,2
1078,11,3
1079,9,5
1080,12,2
1081,13,2
1082,11,1
1083,12,3
1084,10,2
1085,17,2
1086,11,0
1087,19,7
1088,17,1
1089,10,3
1090,21,3
1091,8,1
1092,16,2
1093,16,1
1094,10,4
1095,8,2
1096,15,3
1097,11,2
1098,16,0
1099,10,2
1100,12,2
1101,11,2
1102,8,1
1103,13,2
1104,19,3
1105,28,2
1106,9,0
1107,15,0
1108,18,1
1109,13,0
1110,16,1
1111,19,3
1112,21,4
1113,15,5
1114,11,3
1115,9,0
1116,10,1
1117,12,2
1118,18,7
1119,18,1
1120,13,0
1121,14,0
1122,15,6
1123,18,1
1124,19,1
1125,21,3
1126,14,2
1127,12,4
1128,20,8
1129,7,3
1130,13,5
1131,20,2
1132,15,2
1133,11,4
1134,20,3
1135,14,3
1136,11,3
1137,13,0
1138,16,4
1139,8,2
1140,17,2
1141,14,2
1142,10,4
1143,19,6
1144,9,1
1145,16,3
1146,21,4
1147,11,1
1148,17,1
1149,15,5
1150,20,3
1151,22,1
1152,18,7
1153,9,0
1154,9,1
1155,13,0
1156,19,4
1157,19,3
1158,12,2
1159,21,2
1160,17,1
1161,21,2
1162,10,3
1163,10,3
1164,9,2
1165,12,2
1166,7,0
1167,12,3
1168,23,0
1169,16,2
1170,21,9
1171,9,2
1172,15,1
1173,16,1
1174,3,0
1175,9,3
1176,21,3
1177,13,1
1178,32,3
1179,4,4
1180,7,0
1181,25,3
1182,10,0
1183,20,3
1184,5,2
1185,17,2
1186,12,2
1187,16,0
1188,15,1
1189,17,4
1190,22,4
1191,8,3
1192,11,1
1193,23,4
1194,11,2
1195,15,1
1196,9,3
1197,28,1
1198,20,3
1199,16,5
1200,17,1
1201,7,1
1202,15,3
1203,17,1
1204,9,1
1205,21,3
1206,10,6
1207,30,2
1208,8,3
1209,20,2
1210,18,3
1211,10,2
1212,29,3
1213,16,3
1214,15,3
1215,15,1
1216,18,5
1217,10,5
1218,18,2
1219,13,1
1220,20,3
1221,14,2
1222,7,1
1223,8,3
1224,25,5
1225,21,3
1226,33,2
1227,20,4
1228,24,1
1229,15,1
1230,11,3
1231,6,3
1232,8,3
1233,12,4
1234,23,0
1235,11,2
1236,15,2
1237,18,2
1238,14,3
1239,23,3
1240,12,1
1241,15,4
1242,10,3
1243,5,4
1244,15,3
1245,17,4
1246,3,3
1247,13,5
1248,24,1
1249,9,1
1250,13,2
1251,22,2
1252,13,1
1253,10,2
1254,14,0
1255,24,2
1256,15,4
1257,3,1
1258,14,5
1259,16,4
1260,26,5
1261,14,2
1262,10,4
1263,6,1
1264,27,3
1265,16,4
1266,14,8
1267,25,2
1268,19,2
1269,20,4
1270,25,2
1271,20,3
1272,17,3
1273,20,1
1274,12,2
1275,30,4
1276,12,2
1277,10,1
1278,11,3
1279,10,4
1280,14,3
1281,8,2
1282,20,1
1283,11,4
1284,14,2
1285,18,4
1286,6,7
1287,21,3
1288,13,1
1289,4,5
1290,18,3
1291,13,1
1292,21,3
1293,12,2
1294,23,7
1295,16,4
1296,16,4
1297,16,7
1298,8,3
1299,7,6
1300,11,3
1301,18,2
1302,13,5
1303,18,6
1304,19,3
1305,7,3
1306,25,2
1307,19,4
1308,17,1
1309,17,4
1310,15,6
1311,13,4
1312,16,1
1313,17,5
1314,12,4
1315,12,5
1316,21,1
1317,8,1
1318,15,2
1319,5,3
1320,12,3
1321,15,9
1322,9,1
1323,28,2
1324,17,2
1325,18,5
1326,8,3
1327,12,2
1328,16,5
1329,8,2
1330,13,1
1331,10,2
1332,11,7
1333,20,2
1334,18,5
1335,20,1
1336,12,5
1337,11,4
1338,18,4
1339,16,3
1340,20,1
1341,17,5
1342,17,4
1343,11,4
1344,13,2
1345,20,3
1346,19,3
1347,14,1
1348,18,4
1349,27,2
1350,20,3
1351,15,1
1352,20,2
1353,22,3
1354,11,8
1355,11,6
1356,15,3
1357,15,2
1358,11,0
1359,13,8
1360,16,6
1361,9,5
1362,12,4
1363,21,5
1364,8,7
1365,20,5
1366,16,5
1367,11,4
1368,19,3
1369,3,7
1370,14,2
1371,9,3
1372,8,1
1373,9,2
1374,12,6
1375,25,3
1376,12,7
1377,21,4
1378,9,3
1379,8,4
1380,18,3
1381,18,5
1382,14,1
1383,18,7
1384,14,3
1385,3,2
1386,20,0
1387,17,7
1388,9,1
1389,15,3
1390,16,2
1391,20,6
1392,17,0
1393,20,3
1394,17,2
1395,23,8
1396,13,5
1397,15,3
1398,11,2
1399,7,3
1400,18,2
1401,13,2
1402,9,2
1403,7,4
1404,18,1
1405,20,2
1406,9,2
1407,14,3
1408,9,4
1409,16,7
1410,18,3
1411,6,1
1412,16,3
1413,9,5
1414,20,6
1415,9,3
1416,27,4
1417,17,3
1418,25,6
1419,15,3
1420,22,2
1421,10,4
1422,15,3
1423,20,8
1424,10,2
1425,15,3
1426,12,9
1427,19,5
1428,14,0
1429,20,6
1430,12,2
1431,10,1
1432,14,1
1433,13,6
1434,17,6
1435,13,4
1436,8,4
1437,7,3
1438,17,4
1439,11,1
1440,21,2
1441,11,4
1442,15,4
1443,22,2
1444,14,3
1445,15,0
1446,13,1
1447,24,2
1448,21,4
1449,8,3
1450,21,10
1451,12,4
1452,22,2
1453,24,2
1454,15,4
1455,27,5
1456,18,1
1457,20,1
1458,18,5
1459,21,2
1460,20,4
1461,8,4
1462,5,6
1463,15,5
1464,16,1
1465,15,5
1466,5,3
1467,16,3
1468,17,3
1469,6,3
1470,19,1
1471,24,2
1472,9,4
1473,12,12
1474,20,5
1475,17,1
1476,10,2
1477,18,2
1478,8,1
1479,9,3
1480,14,3
1481,14,1
1482,11,3
1483,11,0
1484,20,2
1485,22,2
1486,21,2
1487,11,3
1488,17,4
1489,18,1
1490,12,1
1491,13,1
1492,8,2
1493,14,2
1494,13,3
1495,17,3
1496,19,5
1497,22,7
1498,4,1
1499,18,2
1500,22,3
