"# dyn mode=frozen d=0 [0,0] route_mask=free lam_hot=0.60 ch=3 seed=10 eps=1500 ue=25"
episode,reward,success,fail,arrived,route_rate,cond_route_rate,top_share,load_std
1,-9.839,20,22,43,0.86,0.75,0.243,8.7
2,-27.764,20,25,50,0.9,1.0,0.289,9.96
3,-75.87,18,32,60,0.85,0.92,0.255,11.06
4,-21.209,18,22,45,0.778,0.667,0.314,7.49
5,6.6,23,22,48,0.812,0.9,0.333,10.22
6,-27.233,14,19,35,0.8,0.0,0.25,7.65
7,-139.719,5,32,41,0.854,0.5,0.286,13.36
8,26.504,25,20,46,0.848,0.6,0.282,12.15
9,4.855,22,21,45,0.867,0.929,0.359,8.89
10,39.832,23,15,40,0.825,0.778,0.273,7.71
11,9.538,20,18,44,0.909,1.0,0.25,11.2
12,-41.42,16,24,43,0.674,0.833,0.241,9.2
13,-15.708,14,17,34,0.824,0.5,0.321,9.63
14,-29.161,14,20,35,0.857,1.0,0.3,9.02
15,49.327,26,16,45,0.822,0.75,0.243,8.22
16,57.346,21,10,33,0.818,1.0,0.296,5.94
17,1.367,18,18,36,0.944,1.0,0.265,5.07
18,-16.008,18,21,40,0.775,1.0,0.29,9.54
19,4.415,19,18,40,0.875,1.0,0.314,9.38
20,-16.754,20,23,47,0.745,0.75,0.257,10.16
21,-114.455,8,30,41,0.829,0.929,0.265,9.65
22,30.59,25,19,44,0.773,0.75,0.294,6.81
23,44.14,21,12,39,0.872,0.667,0.324,9.9
24,-6.161,18,19,42,0.738,0.8,0.323,8.55
25,-5.04,16,17,34,0.706,1.0,0.333,8.48
26,20.183,21,17,39,0.897,1.0,0.371,6.99
27,-5.179,21,22,45,0.756,0.786,0.294,9.77
28,-86.652,9,26,37,0.865,0.875,0.25,11.18
29,-0.089,13,13,27,0.852,1.0,0.391,5.08
30,51.73,20,10,35,0.943,0.0,0.333,7.67
31,-50.542,14,24,40,0.725,0.727,0.276,10.34
32,20.572,28,24,61,0.885,0.938,0.278,13.01
33,20.43,11,7,25,0.88,1.0,0.455,5.55
34,-36.547,14,21,39,0.872,0.889,0.265,10.18
35,-104.045,13,33,49,0.816,0.846,0.3,12.27
36,-29.98,14,20,34,0.882,1.0,0.267,8.29
37,18.832,22,18,46,0.913,1.0,0.286,8.51
38,-88.257,12,29,48,0.854,0.889,0.341,8.75
39,64.686,22,9,34,0.824,0.0,0.321,5.5
40,56.112,24,13,43,0.907,1.0,0.308,7.4
41,-2.225,27,27,56,0.893,0.941,0.24,10.32
42,-57.645,18,29,52,0.692,0.818,0.278,10.51
43,15.304,21,18,39,0.897,0.8,0.286,9.78
44,0.357,23,23,49,0.878,0.667,0.302,10.55
45,50.746,24,14,38,0.789,1.0,0.333,8.22
46,-1.687,15,15,36,0.889,1.0,0.312,8.75
47,-17.528,19,22,45,0.844,0.818,0.316,10.45
48,-64.932,18,30,55,0.818,0.8,0.244,11.91
49,15.507,16,13,31,0.903,1.0,0.321,6.25
50,55.764,23,12,40,0.875,1.0,0.286,4.74
51,-53.482,15,25,48,0.875,0.9,0.238,12.4
52,-21.29,17,21,40,0.825,0.571,0.273,9.69
53,26.843,19,14,36,0.889,1.0,0.25,8.31
54,-47.242,19,28,52,0.846,0.778,0.386,14.33
55,34.619,24,17,44,0.909,0.9,0.275,7.19
56,-36.434,14,21,43,0.791,0.8,0.324,10.03
57,81.322,27,11,42,0.786,0.857,0.242,6.36
58,33.608,23,16,45,0.844,1.0,0.316,8.49
59,-66.184,23,35,63,0.921,0.909,0.259,14.23
60,-110.373,13,34,49,0.898,0.889,0.227,10.81
61,-2.073,21,21,44,0.886,0.769,0.282,7.83
62,-25.694,19,24,44,0.795,0.8,0.314,8.78
63,-19.758,19,23,44,0.841,0.846,0.324,11.55
64,-23.104,19,23,47,0.872,0.875,0.293,9.37
65,17.631,23,20,45,0.822,0.8,0.324,9.61
66,-40.698,18,26,48,0.833,0.765,0.225,10.07
67,19.549,23,19,48,0.771,0.0,0.27,7.9
68,44.216,23,14,45,0.867,1.0,0.282,7.96
69,51.792,22,12,36,0.889,1.0,0.25,5.82
70,16.636,29,25,56,0.875,0.867,0.265,8.97
71,51.746,19,9,30,0.833,0.0,0.28,5.66
72,-82.041,17,33,53,0.887,0.9,0.319,12.3
73,10.125,24,22,48,0.938,1.0,0.244,10.57
74,-5.642,18,19,37,0.892,1.0,0.242,7.9
75,-14.533,19,22,45,0.911,0.667,0.268,10.73
76,7.134,21,19,44,0.886,0.333,0.282,7.03
77,39.364,28,20,50,0.84,1.0,0.31,8.24
78,-54.978,14,25,41,0.829,0.857,0.265,9.67
79,-1.379,23,23,47,0.787,0.85,0.324,12.32
80,-22.688,20,24,49,0.837,0.818,0.293,7.72
81,-34.945,16,23,43,0.767,1.0,0.303,10.01
82,57.453,23,12,38,0.868,1.0,0.455,7.07
83,19.802,26,22,50,0.76,0.824,0.211,9.31
84,74.975,26,11,38,0.632,0.0,0.25,5.42
85,-82.092,11,27,41,0.902,1.0,0.351,7.46
86,18.875,17,13,36,0.833,0.714,0.3,8.66
87,54.936,24,13,39,0.897,1.0,0.257,7.35
88,-9.034,23,24,48,0.854,0.917,0.293,7.63
89,-14.204,20,22,49,0.755,0.8,0.27,6.72
90,-41.941,10,18,35,0.743,1.0,0.5,10.56
91,-15.658,19,22,48,0.896,1.0,0.279,9.32
92,-73.515,16,30,49,0.857,0.769,0.262,10.67
93,-120.913,14,37,56,0.839,0.667,0.298,12.58
94,-6.944,21,22,45,0.933,0.882,0.238,8.58
95,29.137,20,14,36,0.889,0.8,0.344,10.5
96,-57.202,13,24,39,0.846,1.0,0.242,7.12
97,9.868,20,18,41,0.78,0.75,0.344,11.44
98,-82.315,13,29,47,0.83,0.75,0.231,13.76
99,49.745,22,12,37,0.865,0.667,0.281,5.81
100,-24.334,21,26,49,0.857,0.889,0.31,10.03
101,21.504,22,18,41,0.902,1.0,0.27,8.11
102,10.654,18,16,39,0.821,1.0,0.438,9.01
103,9.229,18,16,36,0.889,0.8,0.312,7.25
104,15.435,16,13,34,0.882,1.0,0.3,9.95
105,18.427,18,14,33,0.848,1.0,0.357,5.36
106,5.545,19,18,37,0.865,1.0,0.344,6.46
107,-75.708,13,28,43,0.93,1.0,0.4,15.08
108,-30.603,20,26,47,0.809,0.8,0.263,10.02
109,44.019,20,11,37,0.865,0.75,0.281,8.57
110,-62.33,12,24,39,0.923,1.0,0.278,10.05
111,49.691,24,14,40,0.85,1.0,0.265,6.3
112,-63.173,17,29,49,0.878,0.812,0.279,12.71
113,62.219,27,15,45,0.844,1.0,0.263,7.85
114,75.721,22,7,33,0.788,0.0,0.346,5.31
115,-47.375,15,24,45,0.844,0.9,0.211,11.46
116,35.793,14,7,24,0.792,1.0,0.368,4.51
117,-42.484,14,22,41,0.756,0.667,0.258,6.89
118,55.678,25,14,41,0.854,0.778,0.429,7.81
119,18.505,23,19,46,0.826,0.9,0.289,7.22
120,-93.919,13,31,45,0.844,1.0,0.263,10.41
121,42.381,23,15,39,0.744,0.0,0.276,5.78
122,-46.711,15,24,41,0.878,0.857,0.278,9.2
123,31.346,21,15,37,0.838,0.833,0.323,6.85
124,8.411,20,18,46,0.87,0.818,0.325,9.6
125,15.328,24,21,51,0.824,0.6,0.333,11.28
126,16.251,20,17,37,0.838,1.0,0.258,9.7
127,-101.967,13,33,46,0.804,0.8,0.324,13.12
128,-4.608,18,19,38,0.789,0.8,0.3,9.01
129,30.524,25,19,48,0.854,1.0,0.293,9.78
130,-35.192,16,23,42,0.833,0.867,0.257,12.22
131,68.176,28,15,48,0.938,1.0,0.267,14.52
132,-5.863,19,20,39,0.744,0.5,0.241,7.49
133,4.637,23,22,47,0.809,0.667,0.342,11.99
134,-92.667,12,30,45,0.844,0.889,0.289,13.03
135,16.484,19,16,38,0.921,1.0,0.257,7.77
136,-56.713,12,23,37,0.865,0.778,0.344,9.62
137,9.893,16,14,32,0.938,1.0,0.367,7.61
138,-6.732,20,21,41,0.902,1.0,0.297,10.76
139,-16.398,18,21,43,0.814,0.818,0.257,9.22
140,19.838,19,15,36,0.778,0.444,0.321,10.19
141,41.769,26,18,46,0.826,0.9,0.316,8.33
142,-25.389,17,22,41,0.854,0.667,0.229,10.09
143,-13.297,23,25,50,0.86,0.938,0.349,7.21
144,70.485,29,15,44,0.864,1.0,0.289,4.7
145,-7.192,22,23,48,0.812,0.667,0.308,9.15
146,-24.732,16,21,42,0.905,1.0,0.263,10.1
147,-51.892,16,26,47,0.936,1.0,0.25,7.81
148,16.665,17,14,31,0.806,1.0,0.44,7.62
149,29.673,22,16,39,0.872,0.0,0.324,5.01
150,6.165,18,17,36,0.778,0.8,0.321,11.7
151,-113.371,15,37,54,0.778,0.765,0.381,10.68
152,-73.534,11,25,39,0.949,0.833,0.351,13.5
153,29.134,24,18,44,0.932,1.0,0.268,7.81
154,-2.077,18,18,36,0.861,1.0,0.29,7.44
155,11.753,14,12,27,0.963,1.0,0.308,7.32
156,-29.12,21,27,50,0.82,0.875,0.268,10.21
157,-30.203,15,21,37,0.919,1.0,0.324,10.42
158,-48.622,16,25,45,0.778,0.875,0.286,7.51
159,6.424,17,16,35,0.829,1.0,0.379,6.69
160,-40.873,16,24,43,0.86,0.9,0.27,11.74
161,92.888,31,13,46,0.717,0.8,0.242,5.28
162,-119.147,10,33,47,0.83,0.889,0.282,9.6
163,23.395,17,12,34,0.706,0.75,0.375,9.29
164,25.112,18,13,32,0.719,0.667,0.304,5.64
165,39.219,24,17,44,0.818,0.6,0.278,9.38
166,-30.971,17,23,43,0.86,1.0,0.297,9.13
167,19.783,22,18,45,0.911,1.0,0.341,9.12
168,30.909,22,16,45,0.711,1.0,0.25,11.03
169,23.98,21,16,42,0.833,0.0,0.286,6.9
170,-71.768,13,27,42,0.929,1.0,0.333,9.93
171,-30.543,14,20,36,0.861,0.8,0.323,9.78
172,10.172,20,18,41,0.878,1.0,0.25,7.19
173,25.778,17,12,30,0.8,1.0,0.375,7.97
174,92.618,26,8,38,0.842,1.0,0.344,5.65
175,-1.591,23,23,46,0.848,0.667,0.333,9.32
176,-103.673,12,32,48,0.812,0.85,0.282,10.76
177,-2.512,23,23,51,0.824,0.909,0.238,11.02
178,-10.522,16,18,38,0.789,0.875,0.3,7.78
179,-22.126,14,18,32,0.844,1.0,0.296,6.66
180,-5.436,17,18,36,0.833,0.6,0.333,7.8
181,-42.189,17,25,45,0.8,1.0,0.278,8.34
182,8.449,24,22,48,0.792,0.667,0.237,8.95
183,-45.745,13,22,36,0.917,1.0,0.242,8.51
184,33.673,25,18,46,0.739,0.857,0.235,8.44
185,-31.22,17,23,41,0.805,1.0,0.303,10.75
186,-68.195,15,28,43,0.953,1.0,0.341,9.48
187,-3.12,13,14,27,0.926,0.0,0.24,6.29
188,18.74,26,22,54,0.926,1.0,0.26,10.13
189,51.702,21,11,34,0.735,1.0,0.28,7.25
190,-68.284,16,29,50,0.84,0.875,0.262,12.04
191,-32.245,15,21,39,0.872,0.889,0.324,9.92
192,-30.849,21,27,49,0.796,0.75,0.231,9.5
193,19.231,21,17,41,0.732,0.714,0.3,6.93
194,37.402,19,12,33,0.758,1.0,0.28,9.89
195,9.78,21,19,43,0.767,0.667,0.333,7.97
196,-35.566,19,26,49,0.837,0.857,0.317,9.43
197,39.884,23,15,40,0.9,0.857,0.278,6.35
198,40.339,26,18,49,0.735,1.0,0.306,8.92
199,39.175,27,19,48,0.792,0.875,0.237,6.86
200,-0.247,17,17,35,0.886,1.0,0.258,9.81
201,-4.612,17,18,41,0.78,0.0,0.281,9.34
202,-0.172,20,20,45,0.778,0.818,0.229,8.76
203,34.392,23,16,43,0.767,0.667,0.273,7.43
204,87.024,26,9,37,0.892,1.0,0.303,4.97
205,-17.264,17,20,41,0.78,1.0,0.312,8.54
206,-43.767,21,30,54,0.87,0.933,0.255,13.52
207,5.157,18,17,39,0.821,0.818,0.281,7.73
208,45.182,20,11,35,0.886,0.0,0.258,8.12
209,34.953,26,19,48,0.896,0.75,0.233,8.83
210,-49.288,19,28,50,0.88,0.933,0.273,9.92
211,-2.439,22,22,49,0.796,0.625,0.231,6.89
212,-9.596,16,18,37,0.838,1.0,0.258,7.0
213,-51.177,14,24,41,0.78,0.786,0.281,11.68
214,-34.567,13,20,39,0.667,0.667,0.231,8.86
215,-62.698,15,27,45,0.867,0.833,0.333,7.9
216,62.135,22,10,34,0.824,1.0,0.25,8.85
217,-45.751,13,22,42,0.81,1.0,0.294,10.34
218,-15.808,19,22,45,0.822,0.75,0.324,7.4
219,24.959,23,18,45,0.867,0.714,0.308,9.54
220,-30.288,14,20,34,0.882,1.0,0.3,9.84
221,-24.737,13,18,34,0.735,0.25,0.28,10.86
222,29.799,27,21,48,0.917,1.0,0.25,7.46
223,-55.973,14,25,41,0.927,1.0,0.289,8.91
224,-58.925,19,31,52,0.846,0.875,0.295,8.09
225,83.211,26,10,39,0.769,1.0,0.3,6.41
226,93.644,23,5,30,0.733,0.0,0.364,5.27
227,-45.953,18,27,46,0.87,0.75,0.275,9.78
228,-17.953,21,24,51,0.765,0.889,0.282,9.94
229,19.591,19,15,37,0.865,0.8,0.344,7.54
230,27.471,24,19,47,0.787,0.75,0.297,9.71
231,-32.626,22,28,54,0.778,0.818,0.238,13.7
232,45.336,22,13,43,0.884,0.75,0.289,6.79
233,-12.814,18,20,38,0.737,1.0,0.321,7.44
234,-41.346,18,26,47,0.872,0.812,0.293,14.46
235,-26.1,15,20,38,0.684,0.5,0.269,9.71
236,56.11,21,10,34,0.735,0.8,0.24,6.07
237,-16.466,24,27,52,0.904,0.941,0.255,10.68
238,-6.351,21,22,46,0.87,0.875,0.375,7.64
239,-29.374,18,23,46,0.717,0.824,0.303,12.93
240,-5.112,16,17,37,0.919,1.0,0.324,8.48
241,30.205,19,13,34,0.765,0.75,0.269,6.75
242,-30.481,17,23,44,0.795,1.0,0.257,7.34
243,2.126,22,21,45,0.733,0.875,0.364,8.7
244,55.36,23,13,37,0.892,1.0,0.333,6.67
245,72.847,26,12,41,0.707,0.5,0.276,6.45
246,-72.024,15,29,47,0.809,0.812,0.289,9.98
247,20.202,26,22,49,0.816,0.923,0.3,8.89
248,-6.791,21,22,46,0.913,1.0,0.262,7.71
249,-32.132,16,22,40,0.825,0.667,0.273,8.37
250,25.221,24,19,43,0.86,0.667,0.297,10.1
251,-16.121,23,26,49,0.837,1.0,0.293,11.65
252,16.823,21,18,43,0.791,1.0,0.265,10.58
253,0.182,22,22,49,0.837,0.778,0.415,11.48
254,-26.413,18,23,43,0.791,0.636,0.412,9.55
255,-83.561,14,30,46,0.848,0.812,0.308,11.7
256,-51.341,14,24,40,0.875,0.778,0.286,12.47
257,10.474,20,18,41,0.878,1.0,0.278,11.19
258,-22.338,15,19,38,0.868,0.833,0.273,11.72
259,-34.678,21,27,53,0.849,0.889,0.267,10.04
260,39.263,22,14,38,0.737,0.5,0.321,6.84
261,16.114,13,10,23,0.826,1.0,0.368,7.1
262,-20.835,16,20,42,0.833,1.0,0.257,10.02
263,24.48,19,14,38,0.842,0.889,0.312,9.71
264,41.203,28,19,49,0.857,0.8,0.31,5.78
265,79.033,28,12,41,0.78,0.8,0.25,5.99
266,28.851,26,20,52,0.885,0.778,0.261,8.32
267,47.263,21,12,34,0.765,0.5,0.308,6.1
268,26.829,23,18,45,0.756,0.667,0.324,11.39
269,27.221,26,20,48,0.812,0.933,0.256,11.37
270,-73.085,14,28,49,0.898,1.0,0.318,11.06
271,67.434,29,16,45,0.778,0.667,0.257,8.7
272,-98.778,14,33,53,0.83,0.8,0.273,13.16
273,-1.787,24,24,48,0.854,0.667,0.244,10.07
274,33.448,21,14,37,0.757,0.9,0.286,8.55
275,24.822,19,14,37,0.811,1.0,0.3,8.0
276,51.079,27,17,49,0.857,1.0,0.286,10.21
277,-40.088,17,25,43,0.86,0.9,0.27,10.71
278,71.722,27,13,42,0.714,1.0,0.333,8.42
279,-18.557,19,22,42,0.833,0.667,0.314,9.65
280,11.041,14,12,29,0.828,0.667,0.292,7.83
281,-111.644,9,31,44,0.864,0.727,0.237,11.61
282,26.13,19,14,40,0.875,1.0,0.257,8.72
283,56.881,21,10,33,0.879,1.0,0.276,8.65
284,-6.067,17,18,43,0.953,0.875,0.293,8.13
285,-67.326,16,29,48,0.896,0.875,0.233,11.94
286,31.281,24,18,45,0.867,1.0,0.282,8.27
287,21.485,21,17,41,0.756,0.5,0.29,7.48
288,3.338,19,18,38,0.816,1.0,0.29,6.8
289,-72.907,14,28,44,0.773,0.889,0.294,10.55
290,-26.373,21,26,51,0.765,0.786,0.333,8.84
291,-36.322,17,24,51,0.784,0.889,0.275,11.81
292,10.513,17,15,33,0.879,1.0,0.276,8.33
293,-40.936,11,19,33,0.909,1.0,0.367,10.1
294,-5.139,20,21,41,0.732,0.8,0.3,9.0
295,-9.993,18,20,40,0.775,0.625,0.29,8.76
296,-87.774,9,26,39,0.923,1.0,0.306,12.52
297,-117.816,13,36,52,0.827,0.8,0.326,14.2
298,0.536,14,14,33,0.727,0.333,0.333,8.66
299,5.227,19,18,39,0.846,0.667,0.242,6.56
300,15.21,23,20,44,0.795,1.0,0.257,8.17
301,54.9,23,12,36,0.861,1.0,0.323,5.32
302,9.236,18,16,42,0.762,0.333,0.281,9.59
303,-25.932,18,23,42,0.762,0.583,0.312,8.93
304,-0.927,19,19,40,0.775,0.333,0.387,8.18
305,-46.875,13,22,37,0.784,0.667,0.31,9.94
306,36.5,24,16,42,0.738,0.833,0.355,4.46
307,30.721,21,15,40,0.8,1.0,0.25,9.2
308,-74.619,19,33,54,0.815,0.786,0.25,13.89
309,50.6,22,12,41,0.78,1.0,0.281,8.73
310,9.091,20,18,44,0.773,1.0,0.294,10.07
311,-72.668,11,25,39,0.821,0.667,0.25,10.13
312,16.85,19,16,40,0.775,0.714,0.355,12.39
313,-77.674,12,27,40,0.875,0.895,0.314,11.54
314,-42.461,17,25,42,0.738,0.727,0.29,9.31
315,-9.503,23,25,50,0.84,0.857,0.286,11.51
316,-26.904,13,18,35,0.971,0.0,0.324,9.58
317,-49.878,17,27,45,0.911,0.8,0.317,9.96
318,-21.4,17,21,41,0.78,0.9,0.375,9.67
319,3.425,20,19,42,0.738,0.6,0.258,11.55
320,-53.802,17,27,49,0.755,0.905,0.243,8.65
321,23.864,22,17,44,0.841,1.0,0.243,7.09
322,-3.191,18,19,39,0.744,0.714,0.379,9.16
323,-5.9,21,22,45,0.867,0.923,0.308,7.38
324,-49.024,17,26,48,0.729,0.615,0.371,13.62
325,10.055,20,18,40,0.775,0.714,0.29,6.65
326,-23.495,19,23,46,0.804,0.846,0.297,7.93
327,50.966,20,10,31,0.903,1.0,0.321,4.17
328,36.693,25,18,44,0.864,0.714,0.263,8.36
329,20.887,15,11,26,0.846,0.667,0.273,5.58
330,36.282,24,17,45,0.844,1.0,0.289,9.91
331,17.805,24,20,49,0.776,0.667,0.289,14.38
332,-123.908,10,34,46,0.87,0.87,0.275,12.06
333,84.271,24,8,32,0.625,0.667,0.4,6.4
334,-0.653,19,19,40,0.75,0.667,0.267,9.15
335,30.465,22,16,39,0.872,1.0,0.265,7.97
336,23.059,26,21,49,0.796,0.667,0.256,10.39
337,76.895,25,10,37,0.811,1.0,0.267,6.28
338,45.168,26,17,43,0.791,0.8,0.265,6.77
339,72.426,26,11,41,0.634,0.625,0.308,6.34
340,-32.411,15,21,39,0.795,0.75,0.323,8.65
341,68.369,22,9,37,0.838,0.5,0.29,11.31
342,44.673,25,16,45,0.867,0.714,0.231,9.67
343,-46.454,18,27,47,0.872,0.875,0.293,8.08
344,-14.443,19,22,43,0.884,0.5,0.316,8.83
345,53.88,28,17,47,0.766,0.333,0.306,6.89
346,-37.118,14,21,42,0.905,0.944,0.237,11.14
347,25.768,24,19,45,0.733,0.615,0.273,9.47
348,-43.429,22,30,54,0.759,0.667,0.366,15.89
349,22.996,23,18,45,0.822,0.667,0.324,8.96
350,12.745,24,21,48,0.812,1.0,0.41,9.62
351,-24.879,25,29,60,0.8,0.789,0.312,11.4
352,2.628,25,24,51,0.824,0.917,0.286,10.47
353,87.766,25,8,36,0.833,0.0,0.3,5.32
354,85.265,24,7,31,0.871,1.0,0.296,6.01
355,31.129,19,13,37,0.811,0.25,0.3,8.12
356,-72.921,16,30,46,0.783,0.75,0.278,10.82
357,-20.242,23,27,53,0.736,0.7,0.256,14.92
358,-74.715,16,30,48,0.875,0.8,0.31,8.87
359,56.07,20,9,30,0.933,0.0,0.25,4.37
360,-43.952,17,25,47,0.851,0.667,0.325,10.49
361,-21.904,16,20,39,0.641,0.692,0.28,7.37
362,19.948,23,19,48,0.833,1.0,0.275,10.72
363,8.425,24,22,50,0.9,0.818,0.289,9.37
364,-36.314,21,28,49,0.755,0.786,0.243,10.46
365,15.088,19,16,39,0.821,1.0,0.281,8.58
366,27.263,24,19,43,0.837,0.818,0.278,8.86
367,28.956,20,14,37,0.757,0.6,0.357,8.21
368,13.781,20,17,38,0.842,0.909,0.312,9.46
369,-14.62,16,19,39,0.821,0.875,0.312,9.54
370,7.548,23,21,49,0.776,0.7,0.263,11.76
371,-20.948,20,24,47,0.723,0.769,0.265,11.37
372,-17.082,17,20,38,0.658,1.0,0.28,7.99
373,15.963,16,13,31,0.742,0.8,0.348,6.91
374,17.146,28,24,55,0.836,0.944,0.304,9.05
375,-17.624,15,18,37,0.784,0.8,0.414,7.96
376,0.877,19,19,39,0.872,1.0,0.353,6.46
377,10.056,20,18,42,0.786,0.833,0.333,8.28
378,56.554,17,6,25,0.84,0.5,0.286,5.8
379,30.559,26,20,47,0.766,0.75,0.306,8.73
380,-40.922,16,24,43,0.721,0.455,0.258,14.77
381,18.227,24,20,48,0.854,1.0,0.268,7.79
382,-67.605,14,27,44,0.773,0.8,0.206,10.1
383,98.626,26,7,36,0.833,0.778,0.233,8.57
384,20.855,27,22,54,0.815,0.773,0.273,9.27
385,-25.511,13,18,33,0.848,1.0,0.25,7.27
386,-46.917,11,20,34,0.735,1.0,0.28,8.14
387,48.613,22,13,37,0.811,1.0,0.3,6.13
388,-21.35,14,18,33,0.848,1.0,0.357,7.61
389,35.445,18,11,30,0.833,0.667,0.44,7.4
390,-0.751,19,19,40,0.8,0.778,0.281,9.38
391,78.167,26,11,37,0.865,0.8,0.312,8.23
392,12.826,19,17,37,0.838,1.0,0.355,7.95
393,28.865,24,18,48,0.771,0.8,0.324,8.75
394,-58.877,19,30,50,0.84,1.0,0.286,10.64
395,-52.894,14,24,42,0.857,1.0,0.306,10.33
396,68.958,25,12,39,0.795,1.0,0.258,8.27
397,-78.188,11,26,40,0.85,0.75,0.353,10.76
398,80.819,27,11,40,0.85,0.667,0.324,6.42
399,31.805,25,19,48,0.833,0.833,0.3,9.83
400,-14.827,19,22,43,0.698,0.667,0.233,8.78
401,-11.05,16,18,37,0.73,0.5,0.296,10.65
402,-76.958,15,30,48,0.708,0.467,0.265,11.29
403,35.836,23,16,41,0.78,0.0,0.312,7.99
404,76.279,28,13,43,0.884,1.0,0.289,7.68
405,12.717,22,19,42,0.762,0.6,0.375,8.21
406,-74.856,17,31,52,0.865,0.909,0.378,10.44
407,-42.577,16,24,44,0.75,0.941,0.242,10.1
408,-14.28,21,24,48,0.875,1.0,0.286,13.09
409,8.822,20,18,43,0.744,0.75,0.281,10.54
410,10.758,15,13,29,0.862,0.0,0.28,7.44
411,-19.671,14,18,33,0.818,0.857,0.296,8.19
412,-7.304,17,18,39,0.795,0.667,0.29,6.44
413,19.034,21,17,40,0.85,0.833,0.235,7.68
414,-9.637,25,26,51,0.824,0.857,0.286,5.72
415,15.334,21,18,40,0.9,0.9,0.389,10.32
416,48.127,27,17,46,0.891,0.857,0.341,7.82
417,-60.408,13,25,43,0.744,0.667,0.344,11.88
418,-5.487,15,16,34,0.735,0.667,0.36,7.7
419,26.846,25,20,46,0.783,1.0,0.333,10.16
420,21.161,16,12,32,0.812,1.0,0.385,6.93
421,45.267,23,14,37,0.784,0.833,0.31,7.73
422,101.035,27,7,36,0.833,1.0,0.4,5.88
423,-8.736,21,22,45,0.756,0.786,0.294,8.29
424,45.181,19,10,33,0.667,1.0,0.273,7.86
425,42.646,25,16,47,0.809,0.75,0.289,6.29
426,29.822,22,16,40,0.775,1.0,0.387,9.39
427,3.687,22,21,47,0.872,1.0,0.268,11.55
428,-17.261,20,23,47,0.787,0.833,0.27,10.73
429,-4.734,26,27,54,0.778,0.75,0.31,11.13
430,67.855,24,11,39,0.769,0.714,0.267,7.4
431,-58.699,17,28,52,0.673,0.636,0.229,11.15
432,45.312,26,17,45,0.711,0.833,0.25,8.35
433,25.039,21,16,37,0.838,1.0,0.355,7.59
434,2.267,24,23,51,0.922,1.0,0.277,9.94
435,-36.274,13,20,36,0.694,0.571,0.32,12.33
436,-49.124,21,30,58,0.845,0.864,0.265,11.37
437,-43.99,19,27,48,0.812,0.75,0.231,10.25
438,74.449,28,13,41,0.829,1.0,0.353,8.93
439,55.914,25,14,40,0.8,1.0,0.469,7.87
440,74.849,22,7,33,0.758,1.0,0.28,5.51
441,54.207,24,13,39,0.821,1.0,0.25,9.03
442,48.525,23,13,39,0.821,0.6,0.281,5.32
443,37.618,19,12,36,0.833,0.8,0.267,7.07
444,56.717,23,12,36,0.806,1.0,0.345,6.25
445,76.814,30,15,48,0.854,1.0,0.268,7.07
446,4.489,22,21,46,0.891,1.0,0.341,8.35
447,-52.944,22,32,54,0.87,0.889,0.234,10.66
448,46.399,26,17,43,0.86,0.857,0.27,8.5
449,64.946,25,12,40,0.8,1.0,0.281,6.35
450,44.111,27,18,45,0.867,1.0,0.282,9.07
451,44.504,20,11,31,0.806,0.5,0.28,7.7
452,-73.213,11,25,41,0.878,1.0,0.278,11.25
453,28.209,21,15,43,0.721,0.571,0.323,9.65
454,6.601,15,14,31,0.871,1.0,0.222,8.63
455,29.74,23,17,44,0.909,1.0,0.25,9.43
456,16.23,20,17,42,0.929,1.0,0.231,9.32
457,55.414,25,14,41,0.805,1.0,0.364,7.37
458,59.601,26,14,43,0.791,0.5,0.382,6.97
459,-27.408,19,24,43,0.93,1.0,0.25,8.82
460,36.182,20,13,36,0.917,0.0,0.303,5.65
461,29.406,22,16,43,0.907,1.0,0.256,10.65
462,53.787,23,13,36,0.944,0.857,0.353,9.62
463,55.607,23,12,35,0.743,1.0,0.346,5.62
464,41.855,20,12,33,0.939,1.0,0.323,7.36
465,46.445,23,14,38,0.868,0.75,0.303,6.96
466,-8.8,22,23,47,0.787,0.786,0.297,8.51
467,4.801,24,23,49,0.857,0.8,0.333,9.66
468,46.514,21,12,35,0.743,0.5,0.308,6.58
469,79.319,27,11,40,0.875,0.714,0.257,8.93
470,20.105,18,14,38,0.763,0.333,0.241,6.04
471,7.727,16,14,33,0.818,0.0,0.37,6.11
472,-81.686,7,23,36,0.917,1.0,0.242,10.42
473,66.457,29,16,45,0.8,0.5,0.306,8.27
474,-20.832,17,21,43,0.86,1.0,0.27,6.87
475,-42.209,18,26,49,0.898,1.0,0.25,10.45
476,43.22,23,15,40,0.7,0.667,0.393,8.88
477,-18.46,23,26,51,0.706,0.688,0.222,11.53
478,40.277,25,17,50,0.86,0.667,0.302,11.98
479,0.927,22,21,44,0.818,0.818,0.25,9.5
480,-119.242,9,32,41,0.78,0.938,0.281,9.37
481,79.372,22,7,29,0.862,1.0,0.24,6.01
482,-1.046,23,23,48,0.812,0.636,0.333,8.75
483,15.892,20,17,38,0.842,1.0,0.281,7.68
484,45.279,19,10,29,0.828,1.0,0.25,5.9
485,-85.828,15,32,49,0.837,0.833,0.268,12.3
486,-28.632,21,26,52,0.808,0.929,0.262,10.45
487,56.363,21,10,34,0.853,0.667,0.345,6.95
488,67.895,24,11,36,0.667,1.0,0.292,8.26
489,-20.241,22,26,58,0.793,0.667,0.304,12.69
490,69.806,28,14,43,0.791,1.0,0.294,7.39
491,96.77,29,10,40,0.775,0.625,0.29,7.29
492,-5.557,18,19,40,0.775,0.6,0.258,9.12
493,24.49,26,21,47,0.787,0.7,0.297,9.64
494,16.838,23,19,46,0.739,0.875,0.235,10.56
495,10.869,20,18,42,0.905,0.857,0.263,9.94
496,30.112,22,16,39,0.744,0.667,0.276,6.07
497,93.61,24,6,31,0.806,0.0,0.24,5.12
498,-37.685,19,26,48,0.792,0.933,0.342,11.4
499,91.551,28,10,38,0.842,1.0,0.25,3.9
500,14.295,19,16,42,0.857,1.0,0.389,8.68
501,1.843,13,13,27,0.852,0.0,0.304,6.36
502,-26.827,15,20,38,0.868,0.857,0.242,9.0
503,-25.095,19,24,44,0.864,0.8,0.237,9.66
504,16.003,19,16,38,0.895,0.667,0.294,9.56
505,96.278,29,10,40,0.725,0.5,0.241,5.91
506,-22.081,19,23,45,0.778,0.917,0.286,10.5
507,75.231,25,10,38,0.895,0.889,0.265,9.86
508,13.207,17,14,34,0.824,1.0,0.357,8.36
509,1.779,20,20,42,0.81,0.778,0.265,7.21
510,85.786,26,9,37,0.865,1.0,0.375,8.42
511,68.351,24,11,36,0.917,1.0,0.303,7.72
512,-5.846,22,23,48,0.833,0.571,0.275,11.47
513,-5.732,19,20,41,0.878,0.75,0.306,10.47
514,-31.785,20,26,49,0.878,0.857,0.256,12.95
515,27.206,25,20,49,0.898,1.0,0.295,9.6
516,77.529,27,12,42,0.786,0.875,0.273,7.64
517,-25.181,17,22,40,0.825,0.818,0.333,9.51
518,-1.45,21,21,45,0.778,0.833,0.314,9.72
519,4.265,18,17,37,0.838,1.0,0.29,8.37
520,74.788,30,15,46,0.739,0.769,0.265,5.16
521,-12.675,24,26,52,0.846,0.9,0.25,10.22
522,11.366,18,15,42,0.857,0.889,0.278,9.29
523,-51.11,17,27,46,0.891,0.8,0.293,9.48
524,-45.19,16,25,42,0.881,1.0,0.27,9.27
525,-25.861,18,23,48,0.854,0.5,0.268,10.98
526,54.349,24,13,38,0.868,1.0,0.212,6.39
527,50.699,30,20,50,0.82,0.727,0.268,9.94
528,20.112,18,14,36,0.917,1.0,0.364,8.59
529,-9.306,21,23,46,0.87,0.9,0.3,14.22
530,-0.485,17,17,37,0.946,1.0,0.229,10.05
531,3.246,16,15,34,0.853,0.5,0.379,10.76
532,-3.065,21,21,44,0.864,1.0,0.316,12.23
533,-95.855,12,31,44,0.773,0.8,0.265,11.11
534,50.288,24,14,40,0.775,0.857,0.258,7.22
535,110.345,29,7,40,0.8,0.8,0.344,7.47
536,6.137,22,21,45,0.8,0.8,0.361,10.91
537,-12.303,18,20,39,0.795,1.0,0.258,6.82
538,30.315,20,14,41,0.902,0.875,0.27,7.42
539,132.377,32,6,39,0.846,1.0,0.303,4.07
540,15.05,22,19,42,0.881,0.889,0.27,8.89
541,57.317,22,11,33,0.909,1.0,0.4,7.84
542,10.284,19,17,37,0.784,1.0,0.31,6.31
543,17.875,19,15,40,0.75,0.667,0.367,8.0
544,-36.864,17,24,49,0.776,1.0,0.289,11.48
545,22.181,24,19,47,0.872,0.812,0.268,8.39
546,35.984,21,14,35,0.886,1.0,0.29,6.02
547,23.979,27,22,54,0.907,0.929,0.286,10.14
548,80.505,25,9,37,0.703,0.6,0.346,7.85
549,-20.892,19,23,47,0.851,0.929,0.275,9.56
550,68.62,25,11,37,0.784,1.0,0.241,8.12
551,65.484,24,11,36,0.861,0.8,0.323,9.31
552,-10.679,17,19,42,0.786,0.625,0.333,11.8
553,20.051,21,17,40,0.825,1.0,0.273,8.31
554,57.987,18,7,26,0.808,0.0,0.333,6.0
555,-96.695,12,31,46,0.826,0.833,0.289,11.11
556,-9.049,19,21,41,0.829,0.667,0.324,8.15
557,8.942,23,21,47,0.851,0.818,0.325,8.46
558,55.414,21,10,35,0.743,1.0,0.308,7.23
559,23.655,20,15,39,0.718,0.583,0.286,12.31
560,-1.196,19,19,44,0.682,0.5,0.3,11.33
561,-41.551,16,24,42,0.881,0.8,0.351,8.42
562,-9.725,22,23,50,0.74,0.667,0.216,11.97
563,15.161,20,17,39,0.795,0.786,0.419,11.01
564,-0.68,18,18,40,0.8,0.75,0.25,11.35
565,72.648,22,8,31,0.871,0.0,0.259,5.17
566,58.291,31,19,50,0.82,0.889,0.293,8.46
567,-71.813,15,29,46,0.739,0.75,0.265,10.52
568,4.983,23,22,46,0.804,0.75,0.27,7.06
569,-32.185,13,19,33,0.848,0.0,0.286,7.03
570,9.034,15,13,32,0.844,1.0,0.259,8.3
571,21.998,19,15,38,0.737,0.75,0.25,7.65
572,-0.811,18,18,38,0.789,0.692,0.3,14.09
573,0.934,19,19,44,0.886,0.8,0.308,9.13
574,-20.504,15,19,38,0.895,1.0,0.235,11.29
575,51.623,26,16,46,0.87,1.0,0.275,10.16
576,14.474,21,18,42,0.857,0.857,0.306,11.36
577,-72.569,15,29,46,0.891,0.917,0.268,10.09
578,23.278,24,19,46,0.826,1.0,0.368,6.72
579,53.079,23,13,37,0.676,0.0,0.4,7.4
580,-6.407,26,27,59,0.847,0.8,0.24,10.74
581,-25.671,19,24,43,0.814,1.0,0.343,7.64
582,32.653,24,18,45,0.867,1.0,0.256,9.1
583,-11.973,21,23,46,0.783,0.75,0.306,10.81
584,21.399,24,20,45,0.756,0.917,0.265,7.37
585,14.174,19,16,39,0.718,1.0,0.321,7.95
586,-4.583,24,25,52,0.788,0.857,0.268,16.82
587,-16.34,18,21,39,0.795,0.667,0.258,8.17
588,111.433,31,9,41,0.829,1.0,0.265,5.64
589,27.164,19,14,39,0.718,0.667,0.321,9.25
590,-53.249,19,29,51,0.804,0.818,0.317,9.62
591,52.118,20,10,33,0.939,1.0,0.323,7.63
592,93.268,25,7,34,0.853,0.0,0.241,7.52
593,-37.141,19,26,50,0.78,0.81,0.256,13.78
594,15.687,20,17,42,0.81,1.0,0.294,8.07
595,-0.699,22,22,45,0.844,0.909,0.263,11.14
596,44.997,21,12,34,0.912,0.0,0.323,5.36
597,7.144,20,19,39,0.795,0.75,0.226,9.19
598,63.051,26,13,39,0.872,0.0,0.353,5.72
599,73.535,24,10,35,0.714,0.75,0.32,6.06
600,51.069,22,12,36,0.944,1.0,0.294,6.76
601,97.722,24,5,29,0.724,0.0,0.333,4.08
602,64.93,30,17,53,0.849,0.571,0.289,9.03
603,-48.739,19,28,54,0.87,0.842,0.255,12.25
604,-26.297,21,26,55,0.709,0.923,0.282,11.56
605,42.129,25,16,45,0.778,0.909,0.286,8.06
606,34.002,22,15,40,0.725,0.8,0.379,6.88
607,24.832,23,18,42,0.762,0.75,0.312,7.76
608,27.726,18,13,34,0.853,0.667,0.241,7.05
609,42.695,21,13,40,0.8,1.0,0.344,9.24
610,25.256,17,12,33,0.909,0.0,0.267,6.73
611,102.141,27,7,36,0.778,1.0,0.393,6.1
612,-43.48,15,23,43,0.814,0.833,0.286,9.17
613,58.265,28,16,47,0.766,0.5,0.25,6.11
614,11.95,22,19,46,0.891,0.875,0.317,8.54
615,94.304,26,8,35,0.714,0.667,0.32,6.7
616,10.679,19,17,39,0.718,0.833,0.286,7.95
617,61.061,23,11,34,0.853,0.75,0.414,7.15
618,56.695,24,13,37,0.838,0.8,0.323,6.98
619,91.054,29,11,43,0.721,0.571,0.355,6.85
620,101.435,31,11,43,0.814,0.8,0.371,6.9
621,-67.781,19,32,54,0.852,0.692,0.217,9.65
622,-0.919,22,22,51,0.745,0.625,0.316,12.98
623,-134.841,13,39,54,0.796,0.792,0.302,10.62
624,-77.21,14,29,45,0.778,0.867,0.343,9.81
625,-63.362,19,31,54,0.889,0.727,0.25,11.34
626,-45.02,16,25,44,0.864,1.0,0.263,12.17
627,-8.679,17,19,39,0.769,0.8,0.3,9.79
628,24.951,19,14,36,0.778,0.8,0.357,7.64
629,2.952,19,18,41,0.78,1.0,0.281,8.68
630,18.542,24,20,48,0.75,0.778,0.278,9.36
631,47.124,21,12,39,0.846,0.0,0.333,7.49
632,15.389,23,20,46,0.826,0.75,0.289,9.81
633,1.056,20,20,44,0.818,0.818,0.278,10.44
634,-5.839,20,21,46,0.761,0.5,0.286,12.37
635,59.344,23,11,36,0.694,0.667,0.24,6.88
636,-53.063,20,30,53,0.755,0.846,0.25,11.69
637,-44.742,19,28,49,0.898,0.6,0.295,8.87
638,12.679,21,18,45,0.756,0.889,0.265,7.71
639,123.208,34,10,46,0.652,0.571,0.233,8.28
640,-5.664,22,23,47,0.745,0.8,0.257,8.19
641,-0.629,20,20,41,0.78,0.778,0.281,7.67
642,-27.841,17,22,42,0.762,0.765,0.219,12.09
643,-35.078,17,24,45,0.8,0.625,0.306,10.47
644,33.246,29,22,54,0.796,0.7,0.279,11.63
645,67.66,23,10,33,0.758,0.0,0.28,6.24
646,19.906,24,20,47,0.83,0.4,0.333,10.81
647,72.761,32,17,50,0.82,0.875,0.293,7.53
648,-35.211,14,21,38,0.868,0.8,0.364,9.18
649,1.242,23,22,52,0.846,1.0,0.25,8.29
650,37.799,24,16,40,0.725,0.75,0.276,8.43
651,65.35,29,16,46,0.826,1.0,0.263,8.74
652,-26.551,17,22,42,0.714,0.714,0.3,8.0
653,55.754,24,13,37,0.838,0.667,0.258,6.51
654,-56.323,16,27,44,0.818,0.933,0.306,9.62
655,36.536,19,12,34,0.735,1.0,0.24,6.76
656,13.789,25,22,49,0.755,0.818,0.432,8.58
657,-1.854,17,17,40,0.775,0.0,0.258,9.03
658,-5.761,12,13,32,0.812,1.0,0.385,9.44
659,51.068,25,15,40,0.675,0.5,0.37,7.05
660,60.754,28,16,46,0.761,0.571,0.257,8.04
661,42.341,22,13,38,0.789,0.571,0.267,8.16
662,63.55,24,12,40,0.825,1.0,0.273,8.93
663,93.066,28,9,41,0.683,0.6,0.286,6.87
664,37.687,21,14,35,0.8,1.0,0.286,7.94
665,74.67,31,15,46,0.804,0.8,0.27,8.01
666,69.076,23,10,35,0.571,1.0,0.4,8.67
667,-17.285,17,20,41,0.829,0.714,0.324,8.75
668,17.473,23,19,44,0.682,0.7,0.233,6.35
669,9.567,14,12,32,0.75,1.0,0.25,8.25
670,-1.343,25,25,54,0.778,0.929,0.262,9.23
671,26.003,23,18,47,0.723,0.667,0.324,8.81
672,68.49,27,13,43,0.698,0.778,0.267,11.21
673,68.669,25,11,40,0.8,0.667,0.344,5.77
674,102.17,28,8,39,0.692,0.5,0.296,6.72
675,12.632,20,17,38,0.684,1.0,0.231,7.03
676,55.372,20,9,33,0.758,0.0,0.28,6.61
677,13.783,24,21,53,0.717,0.8,0.263,12.67
678,-4.567,20,21,42,0.69,0.5,0.276,10.05
679,21.879,23,18,43,0.721,0.8,0.355,7.74
680,24.554,27,21,51,0.804,1.0,0.293,8.44
681,-26.705,14,19,38,0.737,1.0,0.286,10.33
682,29.071,24,18,43,0.721,0.7,0.323,8.32
683,49.258,26,16,43,0.698,0.833,0.3,8.7
684,97.268,29,10,40,0.825,1.0,0.242,6.15
685,32.79,24,18,47,0.787,0.833,0.297,9.01
686,-6.489,20,21,42,0.738,0.727,0.29,6.7
687,-29.373,18,24,42,0.929,0.333,0.333,9.0
688,78.5,28,12,41,0.707,0.5,0.379,7.44
689,52.702,23,12,39,0.744,1.0,0.345,5.78
690,-77.708,17,32,55,0.727,0.733,0.25,13.29
691,71.031,24,10,39,0.744,0.667,0.241,8.53
692,38.776,25,17,47,0.723,0.571,0.265,10.63
693,50.6,23,12,38,0.684,0.75,0.308,7.03
694,-62.56,16,28,47,0.787,1.0,0.27,8.8
695,-19.517,22,26,50,0.74,0.76,0.243,15.74
696,38.585,25,17,42,0.643,0.857,0.222,8.96
697,-56.345,16,27,44,0.659,0.583,0.31,10.79
698,60.291,25,13,38,0.763,0.5,0.31,6.81
699,36.597,23,16,41,0.707,0.4,0.241,11.87
700,85.789,25,8,34,0.824,1.0,0.25,4.54
701,-73.918,15,29,49,0.776,0.667,0.316,14.88
702,66.632,29,16,48,0.792,0.889,0.289,6.53
703,-14.735,16,19,38,0.684,0.5,0.269,8.14
704,-12.698,25,27,55,0.782,0.9,0.372,10.38
705,-20.558,13,17,34,0.882,0.625,0.267,11.58
706,32.745,19,13,33,0.879,0.8,0.31,7.16
707,-38.967,21,28,50,0.68,0.737,0.235,11.56
708,7.228,20,18,40,0.725,0.8,0.276,8.87
709,24.754,23,18,42,0.738,0.0,0.419,6.82
710,4.676,17,16,34,0.676,0.667,0.348,7.08
711,-79.059,13,28,42,0.762,0.692,0.281,13.68
712,-2.564,20,20,43,0.698,0.8,0.4,8.55
713,-5.272,17,18,38,0.868,1.0,0.303,9.46
714,71.659,25,10,35,0.943,1.0,0.303,5.43
715,4.677,18,17,42,0.738,0.667,0.258,10.77
716,61.77,23,10,40,0.725,1.0,0.241,9.66
717,19.331,21,17,42,0.714,0.5,0.267,9.73
718,12.848,21,18,45,0.711,0.875,0.312,7.75
719,60.579,27,15,43,0.86,0.75,0.27,7.62
720,89.104,23,5,32,0.812,1.0,0.269,8.5
721,-18.547,21,24,50,0.84,0.846,0.286,9.17
722,111.575,30,8,42,0.571,0.4,0.333,7.06
723,4.91,20,19,40,0.8,1.0,0.281,6.06
724,77.267,28,13,46,0.891,1.0,0.268,9.1
725,40.028,23,15,42,0.69,0.75,0.31,8.47
726,-76.688,13,28,44,0.773,0.625,0.265,14.23
727,-49.915,16,25,45,0.778,0.556,0.314,7.62
728,70.513,24,10,35,0.657,0.0,0.348,5.32
729,96.716,29,10,40,0.825,0.786,0.303,9.15
730,-19.367,18,21,41,0.732,0.667,0.3,9.51
731,69.026,24,10,35,0.743,1.0,0.269,8.51
732,-6.5,22,23,48,0.875,0.923,0.31,8.85
733,-72.723,15,29,46,0.739,0.588,0.353,11.72
734,2.988,21,20,44,0.705,0.0,0.387,7.96
735,51.291,23,13,36,0.806,0.8,0.345,7.63
736,29.142,24,17,46,0.761,0.9,0.371,9.27
737,111.216,31,9,42,0.738,0.0,0.355,6.08
738,-0.708,18,18,38,0.684,0.667,0.385,7.77
739,77.359,27,12,40,0.65,0.286,0.269,11.92
740,31.247,26,19,49,0.694,0.667,0.353,10.29
741,64.053,26,13,40,0.75,0.8,0.4,9.64
742,39.244,24,16,43,0.837,0.667,0.333,9.22
743,101.21,31,11,44,0.75,0.75,0.303,6.64
744,45.009,31,22,53,0.736,0.4,0.308,8.67
745,93.127,28,10,42,0.762,0.714,0.438,8.63
746,70.549,23,9,33,0.576,0.0,0.316,6.59
747,9.451,24,22,50,0.7,0.615,0.314,10.47
748,-10.671,17,19,36,0.667,0.636,0.375,8.68
749,-26.088,14,19,36,0.806,0.857,0.379,10.25
750,102.785,28,8,36,0.667,0.5,0.333,3.94
751,59.941,26,14,45,0.689,0.75,0.226,6.68
752,16.24,22,19,42,0.786,1.0,0.333,8.03
753,31.993,21,14,40,0.8,0.889,0.312,9.03
754,-21.838,16,20,40,0.675,0.8,0.296,9.36
755,-12.819,19,21,45,0.778,0.875,0.257,11.13
756,137.611,31,4,36,0.639,1.0,0.348,4.74
757,31.314,23,17,40,0.8,0.929,0.312,9.29
758,32.228,17,10,28,0.786,1.0,0.318,6.07
759,15.934,21,18,41,0.683,0.6,0.25,10.78
760,-53.93,21,31,61,0.623,0.593,0.289,13.67
761,49.573,25,15,41,0.707,0.5,0.31,8.26
762,-32.265,13,19,37,0.703,0.833,0.269,9.41
763,-9.712,20,21,45,0.733,0.833,0.273,11.08
764,-2.588,21,21,42,0.714,0.571,0.4,6.61
765,18.694,21,17,40,0.675,0.6,0.222,10.22
766,55.247,22,11,34,0.824,0.0,0.286,7.76
767,-48.445,16,25,46,0.783,0.846,0.278,8.25
768,41.136,22,14,40,0.775,0.5,0.258,9.0
769,-9.033,26,27,60,0.667,0.667,0.325,10.07
770,30.37,26,20,48,0.75,0.8,0.306,9.25
771,-16.469,18,21,45,0.733,0.75,0.303,11.32
772,4.743,20,19,48,0.708,0.8,0.294,12.78
773,70.219,25,11,38,0.868,1.0,0.273,6.34
774,20.572,20,16,38,0.737,0.778,0.25,9.19
775,59.186,26,14,46,0.652,0.556,0.333,10.75
776,54.709,23,12,38,0.842,1.0,0.281,7.93
777,89.275,28,10,40,0.675,0.0,0.259,6.45
778,49.168,19,9,28,0.786,1.0,0.455,5.79
779,-9.018,15,17,33,0.788,0.857,0.346,7.28
780,24.69,26,21,50,0.86,1.0,0.302,10.49
781,94.652,25,7,33,0.727,1.0,0.333,4.93
782,-28.522,18,24,44,0.818,1.0,0.278,9.68
783,12.286,21,19,40,0.825,0.9,0.303,11.13
784,-23.424,18,22,44,0.75,0.8,0.333,8.47
785,56.99,21,10,34,0.676,1.0,0.391,5.52
786,76.158,25,10,41,0.732,0.75,0.367,9.17
787,58.215,20,9,31,0.742,1.0,0.261,6.29
788,3.444,26,25,53,0.66,0.68,0.286,11.2
789,12.764,23,20,44,0.705,0.5,0.323,9.29
790,-18.881,15,18,36,0.75,0.5,0.407,9.7
791,20.88,18,14,32,0.844,0.75,0.333,8.16
792,-45.851,15,24,41,0.756,0.714,0.323,9.51
793,69.425,20,6,28,0.786,0.0,0.318,3.35
794,15.412,17,14,32,0.719,1.0,0.348,8.14
795,34.235,24,17,45,0.756,0.8,0.265,10.69
796,81.972,31,15,46,0.826,1.0,0.421,9.72
797,-38.069,15,22,45,0.756,0.846,0.324,14.34
798,49.495,18,8,30,0.8,0.0,0.333,6.86
799,40.857,24,16,42,0.762,1.0,0.344,8.12
800,63.016,28,15,44,0.795,0.833,0.314,6.99
801,-68.59,14,27,48,0.667,0.8,0.312,11.48
802,5.186,20,19,40,0.775,0.333,0.29,7.67
803,31.694,18,12,32,0.656,0.0,0.333,6.9
804,44.184,25,16,44,0.818,1.0,0.278,8.14
805,39.773,23,15,40,0.7,0.818,0.25,8.89
806,-72.889,13,27,44,0.841,1.0,0.243,12.02
807,-1.56,20,20,40,0.65,0.571,0.308,8.41
808,-17.979,25,28,58,0.741,0.778,0.442,12.19
809,68.855,30,16,48,0.729,1.0,0.286,9.94
810,71.771,26,12,39,0.615,0.7,0.292,7.12
811,31.805,22,15,41,0.659,0.667,0.296,7.86
812,41.005,22,14,40,0.725,0.727,0.241,8.57
813,43.613,24,15,44,0.886,1.0,0.231,9.35
814,3.272,26,25,54,0.741,0.778,0.325,11.12
815,34.871,25,18,44,0.75,0.8,0.333,9.43
816,46.5,27,17,46,0.804,1.0,0.351,7.66
817,30.266,26,20,48,0.833,0.909,0.3,8.91
818,49.321,18,8,29,0.621,0.333,0.278,6.97
819,70.575,26,12,45,0.8,0.889,0.306,8.4
820,-31.543,15,21,40,0.75,0.9,0.3,12.28
821,17.787,21,17,43,0.837,0.429,0.278,8.61
822,25.888,17,12,33,0.818,1.0,0.37,7.53
823,10.928,22,20,47,0.809,0.714,0.316,7.73
824,47.443,24,14,40,0.925,1.0,0.297,6.58
825,33.653,25,18,44,0.75,0.6,0.364,9.22
826,62.829,25,12,39,0.692,0.6,0.259,6.73
827,4.772,21,20,41,0.634,0.571,0.385,8.77
828,74.771,32,17,54,0.648,0.75,0.229,8.72
829,62.881,25,13,39,0.795,0.0,0.258,8.32
830,18.513,23,19,43,0.744,1.0,0.281,7.63
831,75.193,24,9,35,0.629,0.0,0.318,6.46
832,35.092,19,12,33,0.879,0.833,0.345,9.04
833,-0.761,18,18,40,0.675,0.923,0.296,9.36
834,36.596,22,14,40,0.675,1.0,0.333,6.89
835,30.273,23,17,43,0.744,1.0,0.312,9.41
836,-93.803,12,30,47,0.723,0.7,0.441,15.01
837,94.656,23,4,28,0.786,1.0,0.273,3.16
838,70.927,27,12,42,0.69,0.75,0.31,5.52
839,-57.426,12,23,40,0.775,0.75,0.258,9.41
840,75.089,28,13,41,0.829,0.714,0.265,5.45
841,42.044,23,15,42,0.69,1.0,0.379,7.61
842,45.488,23,14,38,0.737,0.833,0.286,7.4
843,-75.151,15,29,51,0.745,0.833,0.263,9.89
844,33.292,26,19,47,0.83,1.0,0.333,9.93
845,-41.411,18,26,47,0.66,0.615,0.323,9.76
846,39.076,25,17,45,0.733,0.833,0.273,6.16
847,-8.471,20,21,44,0.705,0.6,0.226,9.49
848,-19.615,16,20,38,0.789,1.0,0.3,7.95
849,-18.776,23,26,51,0.725,0.667,0.324,13.0
850,8.33,23,21,46,0.674,0.667,0.258,10.52
851,49.785,25,15,44,0.795,1.0,0.257,10.38
852,56.848,22,11,35,0.686,0.0,0.292,7.88
853,49.824,26,16,43,0.651,0.667,0.286,8.56
854,83.206,24,7,32,0.562,0.5,0.278,5.22
855,32.748,29,22,55,0.691,0.615,0.289,10.75
856,-25.422,15,20,39,0.744,0.75,0.345,10.3
857,45.938,21,12,34,0.5,0.429,0.294,9.28
858,-10.893,22,24,50,0.66,0.625,0.242,11.18
859,54.273,24,13,38,0.632,0.857,0.375,6.92
860,11.489,23,20,45,0.889,1.0,0.225,9.04
861,12.476,27,24,55,0.836,0.909,0.283,9.92
862,11.788,22,19,41,0.756,0.5,0.323,8.75
863,0.924,22,21,47,0.766,0.75,0.306,10.02
864,33.96,23,16,43,0.628,0.667,0.222,7.52
865,101.121,27,7,35,0.657,0.5,0.304,7.01
866,-52.622,16,26,43,0.721,0.833,0.29,9.88
867,74.517,26,11,40,0.85,1.0,0.294,8.39
868,94.196,30,12,42,0.81,0.8,0.294,9.96
869,34.01,24,17,43,0.698,0.0,0.267,10.72
870,12.678,26,23,51,0.765,0.846,0.333,10.41
871,41.129,26,17,45,0.644,0.636,0.31,7.37
872,55.358,24,13,37,0.811,1.0,0.367,6.46
873,9.026,18,16,39,0.795,0.75,0.387,8.42
874,-12.581,15,17,35,0.771,0.0,0.37,7.01
875,67.428,23,10,33,0.758,1.0,0.4,7.64
876,13.533,22,19,45,0.711,0.818,0.281,8.25
877,-26.445,17,22,44,0.75,1.0,0.333,8.92
878,11.424,20,17,40,0.775,0.0,0.323,5.96
879,14.185,21,18,44,0.682,0.667,0.3,9.23
880,27.767,26,20,49,0.776,0.8,0.316,8.91
881,-67.238,17,30,51,0.784,0.846,0.275,13.33
882,-40.826,18,25,49,0.796,0.833,0.282,12.99
883,48.21,25,15,46,0.848,0.8,0.282,6.65
884,51.007,23,13,40,0.85,0.857,0.235,8.58
885,116.562,34,10,44,0.705,0.6,0.387,5.77
886,-18.691,21,24,45,0.689,0.429,0.29,11.24
887,31.136,21,14,40,0.75,0.833,0.267,6.59
888,33.797,25,18,47,0.745,0.857,0.4,8.08
889,23.572,23,18,44,0.636,0.667,0.321,6.82
890,72.225,29,14,45,0.8,0.778,0.361,8.15
891,40.948,21,13,37,0.73,1.0,0.37,7.54
892,108.491,31,10,42,0.714,0.6,0.333,8.25
893,44.873,24,15,44,0.705,0.875,0.323,9.9
894,108.286,28,7,40,0.725,1.0,0.276,6.22
895,-11.299,19,21,40,0.75,0.667,0.333,9.46
896,38.525,21,14,39,0.744,0.5,0.414,9.62
897,61.392,22,10,32,0.719,0.857,0.348,8.44
898,137.347,35,8,47,0.681,0.714,0.312,6.9
899,-45.511,21,29,54,0.704,0.75,0.289,11.59
900,-74.054,14,28,45,0.733,0.562,0.242,10.86
901,34.158,23,16,43,0.791,0.714,0.324,10.05
902,65.386,23,10,34,0.618,0.667,0.333,5.72
903,93.295,24,6,31,0.871,0.0,0.296,5.83
904,79.919,29,13,48,0.792,0.667,0.289,7.46
905,38.106,25,17,48,0.771,0.714,0.27,8.89
906,19.472,25,21,50,0.76,0.636,0.316,12.45
907,-7.803,21,22,45,0.644,0.571,0.276,9.12
908,36.585,24,16,46,0.826,1.0,0.289,10.42
909,93.682,28,9,41,0.707,0.667,0.379,8.3
910,47.975,24,15,41,0.683,0.889,0.286,10.48
911,-1.414,18,18,42,0.786,1.0,0.485,9.21
912,16.501,23,19,45,0.756,0.75,0.235,12.99
913,71.767,20,6,29,0.586,1.0,0.294,9.15
914,60.099,20,8,34,0.882,0.0,0.233,7.09
915,65.577,22,9,37,0.622,1.0,0.304,8.7
916,5.834,22,20,47,0.681,0.615,0.281,8.05
917,67.352,32,18,54,0.704,0.941,0.316,7.8
918,73.616,28,13,42,0.69,0.667,0.345,6.71
919,-1.855,21,21,42,0.81,1.0,0.265,8.57
920,54.213,27,16,45,0.822,0.867,0.243,8.24
921,93.572,35,16,56,0.714,0.5,0.3,7.45
922,22.812,24,19,44,0.659,0.667,0.345,9.2
923,83.527,27,10,39,0.769,0.0,0.267,5.21
924,-9.798,16,18,35,0.629,0.778,0.318,8.68
925,-3.583,24,24,51,0.784,0.85,0.375,9.9
926,38.216,23,15,40,0.6,0.75,0.333,11.81
927,-25.421,22,26,51,0.765,0.818,0.256,7.34
928,30.054,26,20,50,0.62,0.6,0.258,5.93
929,-9.486,24,26,58,0.707,0.783,0.293,15.37
930,43.783,18,9,31,0.581,0.5,0.389,8.27
931,1.405,28,27,56,0.696,0.786,0.333,11.25
932,75.895,28,13,49,0.714,1.0,0.314,11.39
933,107.17,32,11,44,0.841,0.0,0.243,5.02
934,-11.801,19,21,42,0.881,1.0,0.324,8.83
935,-0.29,19,19,39,0.769,1.0,0.267,6.32
936,60.853,22,10,32,0.812,1.0,0.308,7.76
937,13.047,24,21,50,0.72,0.889,0.278,9.2
938,-9.235,17,19,38,0.789,0.818,0.3,8.99
939,49.719,26,16,44,0.705,0.5,0.29,5.76
940,16.153,28,24,54,0.796,0.714,0.233,13.18
941,-8.427,24,25,54,0.667,0.615,0.278,8.26
942,-41.503,12,20,37,0.784,0.0,0.276,9.59
943,-34.313,19,26,46,0.87,0.875,0.45,9.71
944,24.753,24,19,45,0.733,1.0,0.273,6.85
945,14.175,19,16,36,0.722,1.0,0.346,9.57
946,129.86,34,8,45,0.733,0.75,0.273,4.11
947,-15.467,25,27,54,0.722,0.765,0.256,8.64
948,47.318,26,16,47,0.66,0.4,0.258,7.46
949,72.942,28,13,43,0.535,0.625,0.304,7.66
950,-30.953,14,20,38,0.711,0.8,0.333,8.19
951,-72.074,14,28,42,0.69,0.588,0.276,10.5
952,25.79,20,15,35,0.771,1.0,0.259,7.23
953,-41.556,20,28,50,0.6,0.625,0.367,13.41
954,-8.55,23,24,49,0.796,0.846,0.282,10.23
955,-20.98,17,21,40,0.85,0.909,0.294,11.26
956,23.061,19,14,36,0.806,1.0,0.31,6.27
957,86.765,30,13,46,0.739,0.6,0.353,7.74
958,102.214,29,9,40,0.7,1.0,0.321,6.41
959,53.947,25,14,42,0.714,0.818,0.333,6.4
960,60.62,25,13,40,0.875,1.0,0.314,8.78
961,-3.28,24,24,52,0.635,0.727,0.212,7.76
962,-46.764,18,27,47,0.723,0.769,0.294,11.04
963,-77.552,18,33,52,0.769,0.81,0.3,9.95
964,-46.796,16,25,45,0.778,0.857,0.229,10.07
965,-62.849,10,22,35,0.8,1.0,0.393,11.31
966,39.818,27,19,47,0.66,0.6,0.29,9.14
967,-63.676,18,30,55,0.764,0.9,0.262,11.29
968,-9.985,14,16,35,0.829,0.333,0.276,7.37
969,49.032,28,18,50,0.8,0.875,0.25,10.25
970,89.1,28,10,41,0.683,0.8,0.25,6.14
971,-31.47,19,25,49,0.633,0.667,0.258,10.21
972,9.782,24,22,46,0.761,0.625,0.314,11.74
973,87.082,26,9,38,0.632,1.0,0.333,6.37
974,94.094,25,6,37,0.676,0.5,0.36,8.2
975,61.138,22,10,37,0.676,0.6,0.28,9.14
976,88.173,37,19,57,0.772,0.938,0.318,8.15
977,88.936,29,11,42,0.69,0.0,0.345,7.89
978,83.927,26,9,41,0.707,0.714,0.31,6.53
979,107.829,24,3,29,0.759,1.0,0.273,4.97
980,49.749,26,16,43,0.628,0.909,0.407,8.4
981,96.178,31,12,49,0.694,0.818,0.294,8.33
982,25.599,21,16,37,0.676,1.0,0.32,6.14
983,-7.056,22,23,48,0.646,0.632,0.323,9.36
984,36.494,19,12,36,0.778,0.5,0.393,8.58
985,82.644,26,10,36,0.889,0.75,0.375,6.42
986,-28.085,13,18,34,0.647,1.0,0.227,7.84
987,39.478,27,19,48,0.708,0.733,0.324,11.09
988,39.924,18,10,32,0.719,0.625,0.304,5.78
989,33.977,26,19,50,0.7,0.7,0.314,11.04
990,24.149,18,13,36,0.75,0.0,0.333,8.32
991,97.247,27,8,35,0.771,1.0,0.259,5.83
992,48.154,24,14,45,0.8,1.0,0.25,8.75
993,80.073,22,6,28,0.714,1.0,0.3,5.62
994,35.27,20,13,33,0.818,1.0,0.296,7.06
995,25.145,19,14,33,0.788,0.778,0.269,8.37
996,3.202,20,19,43,0.791,1.0,0.235,7.74
997,53.323,23,13,38,0.632,0.5,0.375,6.12
998,-5.738,21,22,44,0.75,0.615,0.273,8.15
999,53.625,27,16,44,0.659,0.75,0.31,9.4
1000,83.37,25,9,35,0.714,0.0,0.28,6.38
1001,-44.666,21,29,53,0.792,0.688,0.262,10.4
1002,113.107,30,7,40,0.725,0.8,0.31,7.97
1003,44.784,18,9,33,0.636,0.0,0.286,7.56
1004,61.071,23,11,35,0.714,0.833,0.36,7.04
1005,110.838,29,8,38,0.737,0.0,0.286,7.47
1006,70.796,25,11,38,0.842,1.0,0.281,5.89
1007,39.43,23,15,41,0.732,0.8,0.367,8.42
1008,10.031,23,21,47,0.83,0.9,0.436,8.91
1009,48.916,24,14,41,0.805,0.857,0.394,11.1
1010,47.117,20,11,33,0.758,0.667,0.24,8.35
1011,67.086,22,9,35,0.771,0.714,0.37,9.97
1012,48.256,25,15,40,0.725,0.75,0.31,7.37
1013,23.118,26,20,47,0.83,0.857,0.308,7.23
1014,40.708,19,11,30,0.6,0.75,0.333,6.11
1015,26.189,25,19,49,0.714,0.636,0.229,8.44
1016,25.937,27,21,53,0.698,0.625,0.324,11.57
1017,66.693,30,16,46,0.804,0.0,0.27,7.74
1018,69.801,24,10,35,0.771,1.0,0.333,6.87
1019,15.977,21,18,44,0.773,1.0,0.324,8.35
1020,94.874,25,7,35,0.714,0.75,0.4,6.51
1021,59.358,28,15,47,0.809,0.917,0.263,8.39
1022,31.109,22,16,39,0.667,0.667,0.269,9.88
1023,12.277,26,23,50,0.72,0.588,0.25,11.11
1024,-52.405,12,22,36,0.778,0.778,0.286,9.58
1025,65.283,27,14,49,0.816,0.857,0.3,8.38
1026,42.387,17,9,27,0.741,0.0,0.35,8.26
1027,112.147,28,6,37,0.703,0.333,0.308,4.89
1028,18.133,21,17,39,0.744,0.667,0.241,8.1
1029,50.237,28,18,49,0.735,0.917,0.306,12.9
1030,81.934,21,5,26,0.577,0.0,0.333,4.47
1031,-7.952,23,24,50,0.76,0.714,0.289,11.79
1032,37.124,29,20,50,0.72,0.9,0.25,7.83
1033,38.491,22,14,41,0.78,0.667,0.25,8.16
1034,-73.718,19,33,56,0.768,0.667,0.256,14.62
1035,-22.27,21,25,48,0.792,0.875,0.263,10.57
1036,-6.059,14,15,32,0.688,1.0,0.273,7.77
1037,2.083,19,18,39,0.718,0.846,0.321,9.19
1038,84.663,26,9,36,0.556,0.8,0.3,5.77
1039,-25.521,18,22,44,0.818,0.875,0.278,8.11
1040,4.675,23,22,48,0.75,0.65,0.25,12.84
1041,-5.698,18,19,43,0.837,0.667,0.333,10.72
1042,32.506,22,15,44,0.818,0.933,0.278,11.54
1043,27.184,27,21,52,0.827,1.0,0.233,7.67
1044,52.194,23,13,36,0.778,1.0,0.25,5.46
1045,39.449,26,18,45,0.822,0.75,0.243,7.38
1046,44.783,24,15,43,0.721,0.6,0.29,7.87
1047,104.259,24,4,28,0.75,0.0,0.333,4.23
1048,-13.119,20,22,47,0.766,0.786,0.444,11.52
1049,53.225,20,10,30,0.8,1.0,0.333,6.12
1050,52.948,22,12,36,0.889,1.0,0.375,8.83
1051,43.517,20,11,34,0.676,1.0,0.304,6.57
1052,0.452,19,19,42,0.714,0.667,0.3,9.09
1053,51.38,24,14,40,0.65,1.0,0.308,8.38
1054,-4.305,21,22,44,0.75,1.0,0.333,8.54
1055,142.402,31,3,36,0.778,0.0,0.286,4.3
1056,-56.161,18,29,49,0.673,0.588,0.303,10.26
1057,56.027,30,18,50,0.76,0.889,0.316,5.64
1058,25.035,26,20,51,0.804,0.875,0.244,9.18
1059,9.076,19,17,40,0.675,1.0,0.296,9.17
1060,-39.058,24,31,56,0.75,0.857,0.238,9.23
1061,35.352,24,17,43,0.791,0.8,0.294,11.29
1062,101.144,28,8,39,0.744,0.5,0.31,7.09
1063,37.266,18,11,29,0.862,0.8,0.32,7.16
1064,106.454,29,8,40,0.725,1.0,0.31,3.94
1065,-32.475,15,21,42,0.667,0.143,0.25,11.71
1066,-5.447,16,17,37,0.703,0.857,0.385,7.98
1067,79.831,28,12,42,0.69,0.9,0.379,6.58
1068,-0.468,19,19,38,0.763,0.714,0.345,10.06
1069,39.824,23,15,39,0.821,0.0,0.25,7.46
1070,68.608,28,14,46,0.783,0.867,0.278,8.85
1071,8.088,21,19,47,0.83,0.636,0.359,15.92
1072,-21.479,15,19,43,0.721,0.588,0.258,12.36
1073,47.253,30,20,50,0.82,0.7,0.293,7.68
1074,30.353,22,16,41,0.707,0.5,0.414,8.01
1075,88.906,25,7,35,0.543,0.429,0.316,5.39
1076,87.377,29,12,44,0.727,0.727,0.312,9.04
1077,55.212,25,14,46,0.696,1.0,0.25,8.69
1078,17.637,19,15,36,0.722,1.0,0.269,8.52
1079,85.258,25,8,34,0.735,1.0,0.4,5.71
1080,81.043,26,10,43,0.721,0.5,0.323,7.51
1081,8.793,17,15,36,0.667,0.8,0.292,7.58
1082,39.366,21,13,38,0.658,0.667,0.32,11.55
1083,22.059,18,13,36,0.833,0.923,0.267,8.89
1084,31.993,25,18,45,0.756,0.5,0.324,8.72
1085,41.355,24,16,44,0.818,1.0,0.278,10.32
1086,-41.116,20,28,49,0.673,0.667,0.303,12.4
1087,47.255,33,22,56,0.661,0.619,0.297,8.88
1088,25.893,24,19,45,0.8,0.5,0.333,9.67
1089,34.334,23,16,41,0.634,0.5,0.269,9.84
1090,51.007,28,18,47,0.787,1.0,0.324,8.95
1091,14.481,17,14,36,0.694,0.833,0.32,8.29
1092,-7.594,17,18,39,0.564,0.625,0.318,7.77
1093,-82.732,15,31,50,0.8,0.857,0.3,13.02
1094,26.768,18,13,34,0.618,0.571,0.381,8.63
1095,59.619,25,13,40,0.8,0.75,0.312,8.97
1096,58.665,25,13,40,0.65,0.625,0.308,7.42
1097,127.069,29,4,36,0.667,0.0,0.292,4.59
1098,22.714,22,17,41,0.659,0.857,0.296,8.34
1099,44.054,28,19,53,0.755,0.714,0.325,9.83
1100,-8.045,22,23,50,0.84,0.857,0.286,8.53
1101,77.695,24,9,36,0.694,1.0,0.28,7.2
1102,68.311,24,11,36,0.639,0.667,0.391,7.86
1103,102.322,27,7,37,0.703,0.5,0.346,7.89
1104,91.911,28,10,39,0.744,1.0,0.414,6.11
1105,102.408,25,5,33,0.697,0.0,0.261,6.44
1106,9.005,19,17,38,0.789,1.0,0.3,7.1
1107,-7.749,23,24,51,0.824,0.889,0.333,11.51
1108,-13.052,22,24,46,0.826,0.75,0.237,8.04
1109,-25.94,18,23,43,0.651,1.0,0.286,10.07
1110,10.972,21,19,43,0.791,1.0,0.324,7.21
1111,79.256,25,10,35,0.743,1.0,0.308,6.1
1112,-25.546,16,21,40,0.7,0.667,0.429,11.16
1113,0.412,25,25,52,0.808,1.0,0.286,10.23
1114,1.853,24,23,48,0.729,0.929,0.286,8.57
1115,-12.875,21,23,45,0.711,0.733,0.281,8.45
1116,72.91,27,12,40,0.775,0.8,0.355,4.85
1117,32.788,25,18,49,0.673,0.933,0.273,14.0
1118,82.195,22,6,29,0.759,1.0,0.227,4.97
1119,88.609,29,11,41,0.829,1.0,0.294,6.38
1120,69.214,30,16,48,0.812,0.909,0.256,8.76
1121,-17.547,19,22,43,0.744,0.8,0.219,11.49
1122,36.124,26,19,51,0.804,0.75,0.341,13.31
1123,12.675,27,23,51,0.706,0.706,0.25,10.24
1124,62.498,27,14,41,0.78,0.9,0.281,6.55
1125,-10.658,23,25,49,0.694,0.733,0.324,9.62
1126,120.77,32,8,43,0.674,0.6,0.241,5.76
1127,63.208,29,16,46,0.804,0.909,0.27,8.93
1128,6.843,27,25,57,0.772,0.81,0.273,8.78
1129,99.739,26,7,36,0.833,0.0,0.233,7.96
1130,54.816,26,15,47,0.681,1.0,0.25,7.91
1131,56.426,27,15,43,0.721,0.75,0.323,7.6
1132,23.933,21,16,43,0.744,0.25,0.281,8.46
1133,65.46,23,10,35,0.714,0.5,0.4,7.72
1134,104.496,29,8,45,0.689,1.0,0.355,7.83
1135,15.292,18,15,36,0.583,0.875,0.429,7.22
1136,72.337,23,9,33,0.727,0.909,0.333,7.62
1137,66.621,28,14,44,0.841,1.0,0.243,5.98
1138,2.964,24,23,50,0.88,1.0,0.295,9.86
1139,18.195,22,18,45,0.733,0.778,0.303,9.28
1140,13.44,18,15,37,0.703,0.5,0.385,8.15
1141,37.555,27,19,46,0.848,0.875,0.282,7.97
1142,-25.855,12,17,32,0.781,0.875,0.32,7.09
1143,24.838,19,14,38,0.763,0.857,0.241,9.83
1144,85.025,30,13,47,0.702,0.857,0.273,9.58
1145,31.062,22,16,42,0.738,0.833,0.258,8.35
1146,-17.574,21,24,47,0.787,0.833,0.324,10.02
1147,-16.837,17,20,41,0.561,0.667,0.348,8.27
1148,-15.587,23,25,50,0.74,0.889,0.297,10.6
1149,45.291,21,12,36,0.778,0.5,0.25,7.43
1150,1.806,23,22,51,0.804,0.867,0.244,13.48
1151,13.859,28,25,55,0.764,0.867,0.286,9.62
1152,-60.514,22,33,56,0.804,1.0,0.289,9.5
1153,5.897,18,17,36,0.833,0.6,0.367,8.88
1154,32.18,27,20,53,0.811,0.889,0.233,9.74
1155,-5.977,18,19,37,0.838,1.0,0.29,9.07
1156,-41.744,18,26,45,0.711,0.909,0.281,9.99
1157,8.894,20,18,40,0.775,0.75,0.29,9.62
1158,89.024,30,12,43,0.698,0.625,0.433,5.51
1159,61.685,22,10,36,0.722,0.0,0.308,8.88
1160,8.693,20,18,41,0.756,1.0,0.355,12.0
1161,-23.743,25,29,56,0.714,0.724,0.275,14.02
1162,36.153,22,15,42,0.738,0.75,0.29,8.3
1163,45.229,23,14,45,0.8,0.818,0.278,8.9
1164,134.892,28,2,32,0.75,0.0,0.333,5.04
1165,-4.209,23,23,50,0.74,0.588,0.243,10.66
1166,39.786,23,15,42,0.619,0.8,0.269,7.72
1167,18.427,18,14,34,0.706,1.0,0.292,8.78
1168,23.108,22,17,46,0.804,1.0,0.351,8.0
1169,79.1,28,12,40,0.6,0.625,0.208,5.16
1170,-17.179,19,22,43,0.651,0.769,0.321,11.14
1171,58.321,28,16,45,0.756,0.25,0.265,9.66
1172,44.878,26,17,46,0.696,0.9,0.344,11.73
1173,60.403,22,10,32,0.625,0.667,0.25,6.21
1174,46.913,21,12,34,0.676,0.333,0.304,7.98
1175,65.881,23,10,39,0.667,1.0,0.423,8.18
1176,-0.636,19,19,44,0.795,0.75,0.314,10.42
1177,0.571,22,21,50,0.78,0.917,0.308,8.8
1178,80.225,23,7,32,0.781,0.0,0.4,7.76
1179,12.206,25,22,50,0.66,0.778,0.303,9.34
1180,21.528,20,16,37,0.757,0.667,0.321,8.2
1181,-84.336,15,31,50,0.82,0.923,0.268,9.96
1182,55.841,20,9,30,0.633,1.0,0.368,5.07
1183,70.367,25,11,39,0.744,0.667,0.345,8.28
1184,-51.995,18,28,47,0.702,0.722,0.303,11.59
1185,80.569,30,14,47,0.681,0.4,0.312,7.38
1186,-27.398,17,22,43,0.767,0.75,0.273,13.18
1187,64.174,28,15,44,0.705,0.889,0.355,6.53
1188,84.065,32,15,50,0.8,0.778,0.35,7.59
1189,19.344,20,16,37,0.757,1.0,0.25,7.47
1190,56.161,31,19,51,0.686,0.8,0.314,8.27
1191,78.124,21,6,31,0.581,0.5,0.278,8.1
1192,34.5,21,14,36,0.861,1.0,0.258,9.1
1193,6.398,20,18,46,0.674,0.643,0.419,11.61
1194,91.969,29,11,43,0.651,1.0,0.357,6.13
1195,7.58,27,25,53,0.698,0.727,0.297,13.1
1196,29.614,24,18,44,0.682,0.5,0.367,11.08
1197,-96.179,14,32,49,0.776,0.867,0.263,11.95
1198,77.752,29,13,43,0.744,0.75,0.25,7.43
1199,62.067,23,11,36,0.694,0.5,0.32,9.52
1200,30.345,20,14,36,0.694,0.8,0.32,8.37
1201,110.93,33,11,47,0.681,1.0,0.25,7.85
1202,56.66,26,14,43,0.744,1.0,0.406,7.68
1203,61.988,26,14,46,0.674,0.833,0.258,7.94
1204,23.138,19,14,36,0.639,0.75,0.304,8.19
1205,3.791,23,22,49,0.592,0.462,0.31,8.13
1206,61.947,27,15,46,0.652,0.571,0.3,9.03
1207,30.745,18,12,34,0.794,1.0,0.296,8.54
1208,56.701,26,15,44,0.705,1.0,0.355,10.94
1209,-36.044,17,24,43,0.651,0.25,0.286,9.99
1210,10.156,20,18,45,0.733,0.833,0.273,10.05
1211,107.089,28,7,35,0.714,0.857,0.32,7.03
1212,4.586,18,17,40,0.675,0.5,0.296,7.68
1213,-20.808,19,23,42,0.69,0.778,0.345,7.03
1214,44.767,28,19,54,0.759,1.0,0.293,6.44
1215,-5.932,24,25,53,0.717,0.909,0.289,10.85
1216,23.833,17,12,37,0.703,0.875,0.346,8.46
1217,17.846,22,18,41,0.561,0.5,0.261,9.06
1218,50.466,27,16,47,0.745,1.0,0.286,9.53
1219,-0.019,20,20,46,0.696,1.0,0.281,10.12
1220,20.569,23,19,45,0.711,0.75,0.25,9.07
1221,-49.849,20,29,54,0.815,0.667,0.273,8.97
1222,-26.313,21,26,48,0.771,0.833,0.297,10.23
1223,2.305,24,23,47,0.723,0.615,0.353,10.74
1224,-4.023,14,15,29,0.828,1.0,0.375,7.17
1225,29.975,23,17,43,0.605,0.667,0.308,7.23
1226,12.687,24,21,50,0.68,0.812,0.265,9.96
1227,59.731,28,16,45,0.667,0.75,0.3,7.04
1228,81.26,26,10,36,0.694,0.333,0.44,5.81
1229,110.093,30,8,42,0.714,0.667,0.333,6.84
1230,52.408,25,14,42,0.69,0.833,0.276,8.82
1231,76.413,27,12,41,0.78,1.0,0.312,8.65
1232,45.427,25,16,41,0.61,0.7,0.44,7.07
1233,-42.821,12,20,33,0.667,0.5,0.364,9.66
1234,106.615,31,10,43,0.767,1.0,0.333,6.64
1235,-63.533,15,27,44,0.614,0.75,0.333,9.69
1236,56.21,21,10,32,0.625,0.0,0.25,6.93
1237,85.508,31,14,48,0.792,0.75,0.395,6.94
1238,69.888,27,13,43,0.674,0.75,0.276,9.69
1239,61.435,21,9,31,0.645,1.0,0.45,7.18
1240,25.174,25,20,47,0.638,0.545,0.267,10.55
1241,-4.237,19,20,43,0.744,0.778,0.312,10.72
1242,132.954,35,8,46,0.717,1.0,0.303,7.04
1243,22.233,25,20,46,0.609,0.75,0.286,8.51
1244,23.413,22,17,39,0.692,1.0,0.259,10.26
1245,-32.203,16,22,39,0.692,1.0,0.222,7.41
1246,76.732,27,12,43,0.698,1.0,0.333,7.4
1247,19.483,21,17,39,0.641,0.875,0.24,8.46
1248,-3.163,20,20,45,0.733,1.0,0.242,8.96
1249,41.646,23,14,41,0.585,1.0,0.417,8.55
1250,5.137,22,21,48,0.667,0.667,0.281,10.57
1251,34.846,24,17,45,0.556,0.8,0.32,7.42
1252,-1.059,23,23,50,0.8,0.8,0.35,9.96
1253,57.397,26,14,42,0.69,1.0,0.276,6.62
1254,37.969,26,18,51,0.647,0.7,0.273,8.53
1255,54.077,31,20,54,0.574,0.7,0.258,11.63
1256,27.541,21,15,39,0.744,0.0,0.345,8.73
1257,82.756,27,10,38,0.553,0.4,0.333,5.4
1258,40.968,24,16,44,0.636,0.625,0.286,9.31
1259,44.827,24,15,43,0.721,0.857,0.258,9.29
1260,-64.265,20,32,60,0.7,0.875,0.262,13.43
1261,28.336,23,17,41,0.732,0.75,0.367,9.28
1262,12.644,23,20,46,0.674,0.636,0.258,8.75
1263,51.251,25,15,41,0.61,0.9,0.36,8.52
1264,49.876,21,11,34,0.676,1.0,0.348,7.02
1265,92.705,24,6,31,0.645,0.0,0.35,6.69
1266,120.732,29,5,36,0.722,1.0,0.308,4.56
1267,26.955,27,22,55,0.745,0.714,0.341,12.6
1268,5.374,19,18,37,0.73,0.8,0.296,8.41
1269,73.056,25,11,39,0.59,1.0,0.391,8.34
1270,4.442,25,23,50,0.72,0.667,0.25,6.59
1271,-21.024,23,27,52,0.769,0.857,0.3,16.43
1272,54.108,24,13,44,0.545,0.727,0.292,9.39
1273,32.754,21,15,41,0.732,1.0,0.3,7.18
1274,50.695,24,14,39,0.692,1.0,0.259,8.9
1275,-3.827,17,18,40,0.75,1.0,0.5,12.52
1276,58.046,27,15,46,0.587,0.375,0.37,8.97
1277,-8.514,18,19,44,0.636,0.556,0.286,12.46
1278,67.384,23,10,35,0.686,0.25,0.375,6.9
1279,68.92,28,14,44,0.614,1.0,0.296,9.83
1280,110.452,36,14,52,0.654,0.769,0.353,7.68
1281,4.909,22,21,47,0.66,0.875,0.258,8.73
1282,-28.33,19,24,48,0.688,0.7,0.364,11.78
1283,31.756,23,17,42,0.69,0.5,0.276,9.91
1284,40.878,28,20,50,0.68,0.692,0.265,8.79
1285,53.517,32,21,54,0.667,0.857,0.222,8.22
1286,66.984,24,11,36,0.75,1.0,0.407,7.09
1287,31.2,19,13,34,0.765,0.667,0.308,8.69
1288,73.018,24,10,34,0.735,1.0,0.28,7.32
1289,-12.679,20,22,43,0.651,0.5,0.25,9.9
1290,71.868,31,16,47,0.766,0.625,0.278,6.0
1291,79.759,27,11,39,0.564,1.0,0.273,6.38
1292,34.066,26,19,46,0.609,0.5,0.286,9.24
1293,28.172,24,18,46,0.717,0.846,0.242,7.13
1294,43.239,24,15,41,0.707,0.889,0.345,10.36
1295,114.334,29,7,38,0.605,0.571,0.304,7.19
1296,38.604,26,18,48,0.667,0.833,0.312,8.22
1297,53.641,22,12,37,0.649,0.833,0.292,7.69
1298,97.058,27,8,37,0.649,1.0,0.375,4.9
1299,-18.012,24,27,55,0.745,0.714,0.268,13.08
1300,26.615,19,14,35,0.686,0.667,0.292,8.86
1301,57.095,23,11,37,0.757,1.0,0.214,8.11
1302,145.192,32,4,39,0.692,1.0,0.296,6.48
1303,111.51,29,7,39,0.564,0.0,0.273,5.59
1304,29.823,22,16,41,0.78,1.0,0.281,8.31
1305,-58.031,13,24,38,0.632,0.75,0.292,10.39
1306,49.766,27,17,44,0.75,0.714,0.333,9.8
1307,34.099,23,16,40,0.65,0.857,0.308,7.1
1308,69.636,29,15,46,0.674,0.917,0.355,9.24
1309,42.184,20,12,37,0.649,1.0,0.292,8.4
1310,43.631,24,15,42,0.643,1.0,0.259,8.57
1311,107.082,28,7,36,0.75,0.667,0.259,5.36
1312,24.888,20,15,40,0.6,1.0,0.25,10.7
1313,73.62,22,7,33,0.727,0.667,0.292,5.55
1314,85.734,25,8,33,0.636,0.667,0.381,5.8
1315,3.095,21,20,43,0.628,0.538,0.37,12.23
1316,69.932,29,15,46,0.696,0.818,0.344,8.63
1317,34.342,26,19,50,0.66,0.647,0.303,11.0
1318,8.554,20,18,40,0.75,0.875,0.3,8.55
1319,-47.076,16,25,42,0.619,0.8,0.385,10.55
1320,88.265,30,13,45,0.622,0.5,0.393,8.35
1321,79.726,27,11,40,0.625,0.833,0.24,8.66
1322,-33.682,21,27,48,0.771,0.8,0.324,9.26
1323,86.112,23,6,31,0.742,0.75,0.348,5.72
1324,55.057,20,9,30,0.533,1.0,0.25,5.54
1325,70.189,25,11,39,0.718,1.0,0.321,8.47
1326,61.459,26,14,41,0.683,0.875,0.321,9.27
1327,84.506,26,9,42,0.738,0.833,0.323,7.4
1328,55.097,23,12,36,0.556,0.625,0.35,8.85
1329,85.566,31,14,48,0.708,0.8,0.265,8.18
1330,81.139,26,10,36,0.639,0.75,0.304,6.67
1331,86.164,27,10,38,0.789,1.0,0.333,7.8
1332,49.142,24,14,40,0.625,0.333,0.36,8.79
1333,60.726,25,13,41,0.634,0.5,0.346,8.16
1334,-2.752,23,23,49,0.755,0.647,0.27,8.87
1335,-34.758,22,28,54,0.685,0.8,0.27,9.35
1336,-14.458,23,25,49,0.694,0.733,0.294,11.01
1337,40.486,23,15,39,0.769,0.75,0.333,6.53
1338,-7.154,20,21,45,0.644,0.583,0.276,12.13
1339,61.251,24,12,39,0.615,1.0,0.25,7.2
1340,35.525,21,14,36,0.778,0.0,0.286,5.09
1341,77.851,20,5,25,0.76,0.0,0.263,6.13
1342,19.803,19,15,36,0.639,0.625,0.391,11.37
1343,66.346,26,13,43,0.605,0.6,0.423,6.07
1344,113.842,36,13,49,0.571,0.667,0.25,7.5
1345,32.576,23,16,45,0.622,0.692,0.286,10.49
1346,65.932,28,15,47,0.809,0.889,0.342,9.4
1347,73.452,28,13,46,0.652,0.9,0.333,7.56
1348,22.282,22,17,40,0.7,0.6,0.321,9.03
1349,37.702,23,15,43,0.581,0.5,0.36,9.46
1350,34.561,28,21,50,0.6,0.727,0.3,9.11
1351,83.838,26,9,36,0.722,0.0,0.269,6.05
1352,46.402,20,11,36,0.583,1.0,0.381,6.55
1353,49.605,25,15,41,0.659,0.5,0.296,9.02
1354,95.348,30,11,41,0.585,0.5,0.375,5.9
1355,22.171,24,19,48,0.5,0.5,0.333,8.89
1356,-26.617,18,23,45,0.622,0.538,0.25,13.77
1357,65.282,23,10,35,0.657,1.0,0.391,6.94
1358,96.365,25,6,32,0.625,0.0,0.3,4.1
1359,106.684,32,11,45,0.733,0.8,0.303,6.89
1360,-5.553,17,18,35,0.686,0.692,0.375,9.69
1361,48.391,23,13,37,0.622,1.0,0.348,6.75
1362,56.035,28,17,48,0.646,0.444,0.29,10.47
1363,-6.95,18,19,38,0.684,0.667,0.308,9.5
1364,15.638,18,15,36,0.583,0.333,0.333,9.68
1365,-41.517,22,30,57,0.702,0.733,0.225,8.69
1366,75.901,25,10,38,0.711,1.0,0.444,9.23
1367,28.015,26,20,47,0.66,0.833,0.29,8.8
1368,48.77,24,14,39,0.692,0.8,0.259,7.86
1369,-69.796,15,28,46,0.674,0.462,0.355,12.15
1370,-20.564,21,25,48,0.708,0.8,0.382,11.46
1371,-20.866,25,28,54,0.741,0.762,0.3,14.78
1372,53.565,28,17,47,0.638,0.667,0.3,7.83
1373,-48.026,20,29,51,0.725,0.8,0.351,9.33
1374,-114.197,16,38,58,0.759,0.913,0.341,18.84
1375,68.372,25,11,36,0.611,1.0,0.318,5.92
1376,58.033,28,16,49,0.531,0.667,0.346,8.27
1377,80.438,30,14,44,0.659,0.769,0.276,8.6
1378,-32.035,16,22,40,0.625,0.5,0.32,9.51
1379,43.342,22,14,37,0.703,0.75,0.346,7.6
1380,63.504,26,13,39,0.718,1.0,0.25,9.34
1381,52.561,27,16,49,0.673,0.8,0.333,11.23
1382,30.696,20,14,36,0.583,0.444,0.286,8.02
1383,25.338,19,14,37,0.649,1.0,0.292,10.86
1384,44.409,22,13,36,0.722,1.0,0.308,5.91
1385,-62.363,7,19,30,0.733,1.0,0.273,7.04
1386,86.218,29,11,45,0.711,0.857,0.406,6.73
1387,54.996,27,16,45,0.6,0.714,0.37,7.61
1388,19.251,22,18,40,0.625,0.8,0.28,9.29
1389,78.082,26,10,44,0.705,0.8,0.323,7.85
1390,75.42,29,13,42,0.714,0.909,0.333,6.02
1391,12.603,20,17,40,0.725,1.0,0.276,10.83
1392,22.465,24,19,44,0.591,0.636,0.269,8.68
1393,49.716,22,12,41,0.634,0.75,0.269,8.37
1394,97.563,24,5,30,0.733,0.0,0.364,5.63
1395,69.159,29,15,52,0.692,0.667,0.278,9.69
1396,95.077,29,10,40,0.675,0.5,0.333,6.03
1397,-35.337,19,25,50,0.66,0.684,0.333,8.16
1398,79.226,25,9,38,0.658,1.0,0.4,8.74
1399,-5.566,18,19,38,0.737,1.0,0.25,8.14
1400,34.934,24,17,43,0.698,0.5,0.333,10.15
1401,75.9,26,11,40,0.625,1.0,0.24,6.85
1402,53.263,27,16,44,0.568,0.824,0.32,7.67
1403,-63.584,14,26,45,0.756,1.0,0.235,11.85
1404,29.43,23,17,42,0.69,0.429,0.276,10.22
1405,46.266,27,18,53,0.792,0.8,0.31,10.72
1406,-37.417,16,23,44,0.614,0.6,0.37,10.74
1407,13.827,24,21,47,0.766,0.9,0.389,9.47
1408,79.057,23,7,33,0.697,1.0,0.261,5.62
1409,100.385,29,9,40,0.775,0.833,0.387,7.97
1410,15.029,20,17,40,0.675,0.875,0.296,9.48
1411,51.67,24,14,42,0.667,0.8,0.357,12.18
1412,-7.461,22,23,47,0.745,0.773,0.286,9.55
1413,99.459,30,9,41,0.537,0.5,0.364,4.65
1414,-99.137,15,34,52,0.846,0.909,0.25,12.34
1415,63.132,24,11,40,0.625,0.5,0.36,7.65
1416,49.545,25,15,42,0.667,0.0,0.393,8.05
1417,31.622,22,15,41,0.732,1.0,0.467,5.91
1418,-16.093,17,20,42,0.643,0.778,0.333,11.5
1419,-37.921,17,24,48,0.708,0.667,0.265,13.6
1420,-52.06,12,22,39,0.615,0.714,0.5,10.05
1421,55.875,17,6,24,0.625,0.0,0.333,6.5
1422,78.211,29,13,49,0.796,1.0,0.359,6.35
1423,-54.298,21,31,53,0.792,0.909,0.262,10.36
1424,36.175,26,19,46,0.761,0.857,0.314,8.93
1425,71.773,31,16,52,0.712,0.5,0.297,7.41
1426,-17.365,19,22,44,0.682,0.833,0.333,12.02
1427,111.855,31,9,41,0.659,0.429,0.333,6.55
1428,62.819,22,9,33,0.667,0.0,0.318,7.73
1429,63.444,27,14,43,0.86,1.0,0.27,7.44
1430,60.524,27,15,45,0.778,1.0,0.371,9.07
1431,60.233,24,12,39,0.667,0.8,0.346,10.9
1432,19.487,24,20,44,0.727,1.0,0.281,7.96
1433,-22.84,18,22,41,0.756,0.5,0.258,8.81
1434,23.865,25,20,45,0.756,0.778,0.324,5.63
1435,61.902,27,15,42,0.81,1.0,0.294,6.48
1436,16.66,22,18,46,0.609,0.571,0.286,9.56
1437,59.538,24,12,41,0.61,0.429,0.32,10.34
1438,25.101,22,17,42,0.619,0.75,0.269,6.53
1439,-56.749,15,26,43,0.767,0.75,0.303,9.57
1440,103.096,33,12,46,0.478,1.0,0.273,6.68
1441,33.739,29,21,56,0.75,1.0,0.238,6.62
1442,94.333,28,9,40,0.65,0.5,0.269,5.64
1443,36.416,27,19,50,0.68,0.667,0.294,6.56
1444,15.866,27,23,56,0.714,0.875,0.3,9.64
1445,127.019,32,7,39,0.59,0.5,0.261,4.17
1446,-22.706,18,22,43,0.581,0.667,0.32,10.99
1447,63.472,25,12,39,0.718,0.0,0.25,5.09
1448,11.08,25,23,50,0.74,0.833,0.405,7.38
1449,42.089,28,20,48,0.771,0.778,0.324,11.89
1450,38.425,24,16,47,0.681,0.5,0.406,9.82
1451,75.64,28,13,50,0.68,0.8,0.265,9.38
1452,56.34,25,14,41,0.585,0.6,0.333,10.65
1453,76.67,30,14,49,0.551,0.75,0.333,5.42
1454,-22.962,17,21,42,0.714,0.727,0.333,10.32
1455,77.727,21,6,28,0.607,0.0,0.353,7.8
1456,-38.151,20,27,48,0.708,0.688,0.265,12.26
1457,-15.236,16,19,38,0.737,1.0,0.321,10.34
1458,30.798,21,15,37,0.784,1.0,0.276,7.65
1459,91.964,26,8,37,0.622,0.5,0.348,5.87
1460,79.076,26,10,42,0.714,0.667,0.267,8.07
1461,67.791,28,14,43,0.605,0.625,0.385,7.18
1462,-7.736,20,21,41,0.683,0.545,0.25,11.68
1463,20.771,24,19,45,0.667,0.769,0.367,9.05
1464,83.035,27,11,40,0.75,1.0,0.267,8.59
1465,74.144,20,6,27,0.704,1.0,0.316,5.94
1466,43.953,26,17,45,0.689,0.727,0.29,10.94
1467,-39.744,18,25,44,0.818,1.0,0.25,9.14
1468,50.013,23,13,41,0.683,0.667,0.286,8.17
1469,17.043,17,14,31,0.645,0.833,0.3,8.25
1470,15.403,17,14,32,0.781,0.75,0.32,8.56
1471,-11.836,23,24,52,0.654,0.75,0.294,7.2
1472,89.369,29,11,44,0.636,0.9,0.25,8.57
1473,-89.768,12,29,42,0.667,0.778,0.357,10.97
1474,-45.516,18,27,47,0.723,0.75,0.324,13.15
1475,-20.366,12,16,30,0.7,0.833,0.333,9.07
1476,-25.363,14,19,34,0.706,0.714,0.333,7.98
1477,102.695,35,14,52,0.577,0.6,0.3,8.19
1478,37.524,27,19,50,0.6,0.5,0.367,7.94
1479,47.18,22,13,37,0.784,0.0,0.345,7.64
1480,17.499,27,23,50,0.72,0.727,0.361,10.75
1481,74.905,26,11,43,0.605,0.625,0.231,9.57
1482,21.058,21,17,38,0.658,0.778,0.24,7.29
1483,45.731,21,12,34,0.765,1.0,0.308,6.25
1484,28.385,22,16,41,0.805,0.7,0.333,11.41
1485,35.018,22,15,44,0.477,0.5,0.476,10.42
1486,1.713,19,18,40,0.675,0.667,0.296,9.15
1487,98.032,32,12,45,0.622,0.667,0.393,6.25
1488,111.02,32,10,44,0.591,1.0,0.462,5.78
1489,2.577,25,23,53,0.679,0.682,0.306,11.51
1490,45.709,21,12,36,0.639,0.667,0.348,8.95
1491,34.34,23,16,44,0.636,0.714,0.321,8.56
1492,45.97,27,17,44,0.705,1.0,0.387,9.63
1493,6.408,22,20,48,0.708,0.9,0.265,11.73
1494,10.118,17,15,34,0.706,0.714,0.292,10.23
1495,21.14,28,23,53,0.717,0.833,0.237,9.07
1496,99.177,30,10,42,0.714,1.0,0.233,6.91
1497,56.448,33,21,58,0.621,0.692,0.306,8.11
1498,19.961,21,17,46,0.783,0.667,0.278,10.08
1499,50.367,29,19,53,0.736,0.571,0.41,8.96
1500,33.844,27,20,50,0.7,0.773,0.286,9.64
