"# dyn mode=fixed d=2 [0,0] route_mask=free lam_hot=0.60 ch=3 seed=5 eps=1500 ue=25"
episode,reward,success,fail,arrived,route_rate,cond_route_rate,top_share,load_std
1,-72.406,17,31,49,0.776,0.783,0.263,10.91
2,-14.699,17,20,42,0.762,0.667,0.25,8.32
3,-66.642,13,26,44,0.886,1.0,0.256,7.68
4,0.831,19,19,41,0.805,0.75,0.273,7.31
5,-20.915,17,21,43,0.814,0.857,0.343,11.43
6,-34.513,17,24,45,0.844,0.778,0.342,11.18
7,-24.419,18,23,44,0.773,0.769,0.265,9.59
8,26.071,14,9,27,0.852,0.0,0.391,7.77
9,-15.984,18,21,43,0.837,1.0,0.278,8.99
10,-1.909,15,15,34,0.794,0.8,0.481,5.92
11,-70.816,14,28,43,0.814,0.889,0.286,10.7
12,-41.814,14,22,38,0.763,0.8,0.345,8.44
13,-57.172,12,23,39,0.872,0.5,0.324,9.64
14,27.746,23,18,42,0.69,0.556,0.276,8.21
15,-87.414,15,32,48,0.854,0.783,0.268,10.4
16,11.624,23,21,46,0.783,1.0,0.25,7.46
17,-130.232,15,40,58,0.845,0.81,0.286,13.87
18,-20.583,14,18,32,0.719,0.8,0.304,8.24
19,-10.893,15,17,36,0.833,1.0,0.267,7.96
20,-33.346,16,22,44,0.886,1.0,0.308,10.81
21,-5.387,17,18,38,0.789,0.778,0.233,8.27
22,-83.465,17,33,53,0.774,0.81,0.268,12.0
23,-83.154,10,26,41,0.683,0.556,0.25,9.79
24,-46.017,16,25,46,0.87,1.0,0.225,8.23
25,-45.876,16,25,45,0.778,0.833,0.371,8.99
26,-94.111,14,32,49,0.816,0.765,0.3,10.88
27,5.148,17,16,36,0.806,0.833,0.31,7.43
28,-40.665,13,21,39,0.718,0.5,0.25,8.08
29,-24.114,20,25,47,0.809,0.909,0.289,10.24
30,-50.393,19,29,52,0.769,0.933,0.3,8.25
31,-80.346,9,25,39,0.872,0.917,0.441,13.99
32,-24.306,13,18,36,0.722,0.667,0.346,12.15
33,1.592,21,21,43,0.814,1.0,0.286,7.14
34,-111.717,8,30,40,0.775,0.75,0.387,10.78
35,-33.508,15,22,41,0.854,1.0,0.229,8.14
36,-55.163,15,26,44,0.841,0.909,0.351,13.44
37,-111.981,11,33,47,0.787,0.9,0.243,12.03
38,16.877,21,18,41,0.829,0.857,0.265,10.09
39,-45.604,16,25,46,0.739,0.571,0.294,7.69
40,-50.131,18,28,48,0.833,0.636,0.325,7.99
41,-49.852,19,29,50,0.82,0.75,0.317,8.6
42,-71.266,12,26,41,0.829,0.938,0.324,8.85
43,40.504,17,9,28,0.857,1.0,0.375,6.47
44,-20.314,20,24,50,0.78,0.714,0.282,9.05
45,-62.181,16,28,49,0.796,0.789,0.308,10.44
46,17.202,19,16,38,0.763,1.0,0.345,6.88
47,-20.292,14,18,37,0.838,1.0,0.323,10.86
48,-55.173,15,26,43,0.884,0.667,0.316,9.5
49,-114.209,9,31,48,0.812,0.75,0.256,10.76
50,-23.838,17,22,43,0.767,0.909,0.273,7.7
51,34.456,19,12,33,0.758,0.0,0.28,5.11
52,20.14,17,13,31,0.903,1.0,0.321,7.0
53,-9.498,16,18,36,0.778,0.714,0.393,7.92
54,-73.022,21,35,59,0.831,0.8,0.245,6.59
55,-50.376,17,27,50,0.78,0.8,0.359,9.0
56,-25.54,17,22,42,0.833,1.0,0.343,8.65
57,-45.906,16,25,45,0.844,0.857,0.289,11.64
58,-72.288,12,26,49,0.776,0.833,0.263,15.12
59,-75.757,14,29,44,0.886,1.0,0.282,10.75
60,11.704,15,13,30,0.9,0.0,0.259,6.56
61,-27.219,16,21,42,0.643,0.643,0.259,14.03
62,-36.219,15,22,40,0.85,0.889,0.235,7.89
63,-52.523,16,26,47,0.745,1.0,0.257,9.38
64,-49.937,18,28,48,0.812,0.833,0.333,8.2
65,19.192,22,18,45,0.911,0.9,0.268,8.16
66,-14.081,19,22,44,0.75,0.667,0.303,7.73
67,-42.697,20,28,50,0.78,0.833,0.333,10.51
68,-21.212,21,25,53,0.83,0.769,0.273,7.18
69,2.675,20,20,40,0.8,0.5,0.312,7.71
70,21.444,22,18,41,0.805,1.0,0.273,6.39
71,31.309,24,18,46,0.783,0.714,0.25,11.11
72,47.598,17,8,26,0.769,0.0,0.3,3.99
73,-19.746,13,17,30,0.8,1.0,0.375,8.14
74,-20.164,18,22,41,0.902,1.0,0.27,7.91
75,-78.018,15,30,51,0.824,0.667,0.31,10.43
76,-108.671,14,35,52,0.731,0.812,0.263,9.94
77,30.999,19,13,38,0.868,1.0,0.303,3.4
78,5.26,14,13,27,0.741,1.0,0.3,8.89
79,24.928,24,19,45,0.778,1.0,0.314,6.79
80,-20.984,21,25,48,0.688,0.625,0.242,10.3
81,26.03,16,11,30,0.8,1.0,0.25,6.99
82,38.16,25,17,48,0.875,1.0,0.262,7.56
83,-76.473,12,27,45,0.822,0.833,0.216,11.73
84,16.114,21,18,42,0.905,1.0,0.289,7.0
85,38.913,21,13,41,0.805,1.0,0.364,7.93
86,-15.464,15,18,38,0.895,1.0,0.235,9.45
87,-45.876,16,25,43,0.86,0.8,0.324,10.21
88,-41.569,19,27,46,0.761,0.778,0.314,8.75
89,-35.559,17,24,45,0.778,0.778,0.286,10.98
90,47.23,23,14,42,0.857,0.8,0.333,6.11
91,8.496,24,23,50,0.8,0.8,0.3,10.25
92,-10.205,20,22,46,0.848,0.833,0.333,11.25
93,95.124,28,9,43,0.814,1.0,0.314,6.99
94,15.105,23,20,45,0.8,0.75,0.278,10.06
95,-44.166,15,24,40,0.85,1.0,0.265,9.47
96,-55.817,10,21,34,0.912,0.833,0.355,11.29
97,17.168,18,15,35,0.857,0.667,0.3,9.73
98,-46.763,15,24,43,0.907,0.846,0.308,11.36
99,-25.823,16,21,43,0.93,1.0,0.3,9.37
100,-94.369,19,37,56,0.714,0.75,0.275,11.29
101,9.761,20,18,43,0.93,0.909,0.225,8.77
102,-4.484,15,16,35,0.829,1.0,0.276,8.68
103,3.087,19,18,40,0.8,0.909,0.344,7.29
104,-0.123,20,20,45,0.756,0.875,0.412,8.27
105,9.289,15,13,34,0.853,1.0,0.31,6.52
106,-41.045,15,23,41,0.732,0.889,0.233,9.28
107,-72.6,14,28,44,0.818,0.727,0.306,9.57
108,-77.094,10,25,38,0.868,1.0,0.273,9.36
109,-57.074,16,27,54,0.815,0.75,0.318,10.2
110,-42.177,19,27,47,0.745,0.875,0.257,7.97
111,-80.708,15,31,48,0.833,0.769,0.275,9.66
112,-31.287,22,28,52,0.808,0.769,0.31,7.35
113,-3.59,17,18,38,0.868,1.0,0.273,6.88
114,11.221,20,18,40,0.85,0.833,0.294,8.2
115,-40.717,15,23,39,0.846,0.667,0.303,10.11
116,37.964,19,12,33,0.697,1.0,0.304,9.05
117,-50.441,13,23,39,0.821,1.0,0.25,6.35
118,-39.961,16,24,43,0.791,0.75,0.294,8.63
119,-14.843,22,25,48,0.875,0.75,0.262,8.62
120,-56.538,13,24,40,0.75,0.75,0.333,8.35
121,-99.921,14,33,56,0.732,0.76,0.293,12.35
122,-42.772,14,22,39,0.718,1.0,0.286,6.3
123,-3.851,16,17,38,0.763,1.0,0.241,8.79
124,-1.103,17,17,44,0.795,1.0,0.286,6.66
125,0.369,21,21,44,0.682,0.875,0.367,9.08
126,2.656,19,19,39,0.821,0.75,0.25,8.89
127,-86.097,14,31,48,0.729,0.533,0.257,12.05
128,4.113,19,18,43,0.744,0.667,0.281,5.81
129,8.165,20,18,39,0.795,0.714,0.419,8.44
130,-0.549,21,21,46,0.761,0.5,0.314,6.93
131,-107.003,12,33,51,0.804,0.895,0.244,12.53
132,66.52,21,8,33,0.818,1.0,0.333,6.14
133,-5.076,17,18,37,0.73,0.727,0.296,8.76
134,8.681,19,17,38,0.868,0.8,0.364,6.76
135,21.838,19,15,35,0.771,0.444,0.259,7.77
136,4.965,20,19,42,0.667,0.5,0.25,7.99
137,-70.349,13,27,45,0.844,0.857,0.263,8.93
138,-62.699,13,25,47,0.787,0.625,0.27,10.63
139,-14.963,21,24,48,0.792,0.933,0.289,9.1
140,22.489,18,14,32,0.938,1.0,0.367,6.75
141,-4.64,12,13,27,0.852,0.0,0.348,5.59
142,-62.767,12,24,41,0.805,0.75,0.273,8.2
143,3.385,19,18,46,0.717,0.5,0.212,8.42
144,-31.428,18,24,43,0.86,1.0,0.297,7.76
145,-0.64,20,20,42,0.786,0.75,0.242,6.38
146,12.706,20,18,38,0.658,0.5,0.32,10.05
147,-58.053,10,21,35,0.743,0.5,0.231,9.46
148,21.024,23,19,43,0.814,0.875,0.229,8.4
149,-3.05,14,15,34,0.765,0.0,0.308,7.25
150,-128.842,14,39,55,0.745,0.773,0.22,11.86
151,-137.499,10,37,50,0.8,0.75,0.3,13.18
152,-9.119,18,20,39,0.795,0.667,0.258,6.46
153,-81.566,14,30,47,0.702,0.667,0.303,10.87
154,-51.243,15,25,41,0.756,0.625,0.29,9.09
155,16.184,16,13,33,0.909,1.0,0.433,5.88
156,-35.741,15,22,37,0.784,0.5,0.276,10.96
157,-10.156,15,17,32,0.812,0.833,0.269,6.66
158,-108.372,9,30,44,0.864,0.714,0.289,10.47
159,43.814,23,15,41,0.756,1.0,0.29,8.63
160,9.454,21,19,44,0.727,0.733,0.375,14.02
161,-15.174,16,19,38,0.868,0.857,0.273,10.47
162,31.78,21,15,38,0.737,0.333,0.25,5.63
163,-10.532,17,19,38,0.842,0.8,0.281,5.52
164,-13.19,23,25,56,0.857,1.0,0.292,8.44
165,22.039,19,15,35,0.771,0.6,0.296,6.07
166,36.254,20,13,33,0.879,0.5,0.241,5.3
167,0.581,21,21,42,0.81,1.0,0.324,10.67
168,16.097,22,19,42,0.833,0.833,0.286,6.1
169,-56.811,13,24,43,0.907,0.818,0.256,11.5
170,-56.305,16,27,48,0.792,0.826,0.289,9.2
171,31.373,25,19,47,0.787,0.7,0.324,6.93
172,7.187,18,17,37,0.784,0.5,0.345,7.39
173,17.509,16,13,29,0.828,0.667,0.25,6.37
174,10.723,19,17,36,0.806,1.0,0.276,8.23
175,-20.919,21,25,47,0.809,0.5,0.316,5.93
176,-6.495,24,25,50,0.7,0.667,0.286,10.11
177,-47.818,17,26,44,0.841,1.0,0.27,8.1
178,-70.989,11,25,38,0.789,1.0,0.267,10.29
179,9.065,21,19,48,0.792,1.0,0.342,11.56
180,26.607,21,16,42,0.738,0.778,0.29,12.43
181,4.832,19,18,44,0.727,0.5,0.281,8.81
182,47.185,20,11,31,0.774,0.714,0.292,5.74
183,14.686,27,24,55,0.873,0.929,0.25,8.8
184,72.309,24,10,38,0.868,1.0,0.333,5.69
185,-5.632,22,23,47,0.851,0.833,0.275,11.49
186,-11.969,20,22,45,0.756,0.75,0.294,7.51
187,8.59,26,24,53,0.792,0.8,0.31,6.81
188,-5.578,16,17,39,0.821,0.714,0.312,8.61
189,-71.151,13,27,45,0.822,0.615,0.243,11.62
190,27.351,18,13,33,0.788,1.0,0.308,7.38
191,49.098,22,12,35,0.8,0.778,0.286,9.53
192,-66.665,16,29,48,0.833,0.75,0.25,12.78
193,-32.293,17,23,44,0.909,0.933,0.3,10.36
194,-19.19,19,23,45,0.844,0.765,0.342,14.08
195,-11.501,14,16,34,0.912,1.0,0.258,9.44
196,-15.178,17,20,40,0.775,0.75,0.387,4.63
197,11.522,19,17,43,0.93,0.833,0.25,7.38
198,-44.14,21,30,53,0.868,0.875,0.261,11.32
199,-7.016,17,18,39,0.821,0.8,0.25,7.73
200,-51.171,15,25,45,0.867,0.857,0.256,12.56
201,-35.888,13,20,36,0.694,0.833,0.32,10.64
202,-22.473,20,24,51,0.765,0.812,0.308,9.16
203,-30.484,18,24,46,0.826,0.818,0.316,10.41
204,-50.808,13,23,39,0.769,0.556,0.333,9.37
205,3.768,23,22,47,0.83,1.0,0.359,9.71
206,31.07,19,13,35,0.8,1.0,0.286,5.53
207,9.061,20,18,43,0.744,0.727,0.25,11.77
208,20.382,22,18,43,0.767,0.786,0.303,7.27
209,-5.197,13,14,29,0.862,1.0,0.28,5.38
210,19.328,21,17,42,0.714,0.818,0.267,7.8
211,-21.306,15,19,38,0.763,0.667,0.448,8.6
212,21.396,18,14,32,0.812,0.8,0.308,6.97
213,-0.249,21,21,46,0.804,1.0,0.297,11.5
214,-26.63,21,26,49,0.857,1.0,0.286,7.77
215,35.41,19,12,33,0.879,1.0,0.276,6.28
216,25.366,16,11,31,0.774,1.0,0.292,8.93
217,-118.549,14,37,52,0.846,0.938,0.227,7.89
218,-122.771,14,38,61,0.836,0.733,0.333,19.31
219,65.715,24,11,38,0.789,0.7,0.4,4.09
220,-78.138,15,30,51,0.824,0.769,0.286,11.49
221,4.767,19,18,39,0.769,0.9,0.267,9.4
222,26.636,21,16,39,0.846,1.0,0.273,7.43
223,-25.156,18,23,45,0.844,0.929,0.316,11.28
224,-60.536,13,25,41,0.902,0.889,0.324,10.21
225,-88.341,12,29,45,0.822,0.818,0.351,13.64
226,-109.99,15,36,57,0.807,0.769,0.283,12.45
227,16.808,20,17,37,0.838,0.5,0.29,8.68
228,-15.111,17,20,41,0.683,0.571,0.286,10.14
229,16.267,14,11,27,0.815,0.5,0.273,8.4
230,3.422,22,21,49,0.837,1.0,0.366,9.18
231,-24.678,20,24,47,0.894,0.846,0.286,9.73
232,-45.958,21,30,53,0.755,0.85,0.3,11.7
233,-26.102,22,27,52,0.827,0.889,0.279,7.76
234,21.249,25,21,48,0.792,0.833,0.237,8.98
235,65.707,27,14,42,0.738,0.75,0.29,7.2
236,34.721,19,13,33,0.788,1.0,0.231,8.59
237,-0.098,19,19,40,0.8,0.857,0.312,7.52
238,-15.622,14,17,33,0.758,1.0,0.28,8.86
239,64.707,23,10,35,0.771,0.667,0.296,5.16
240,-67.402,11,24,37,0.784,0.889,0.241,9.38
241,9.702,18,16,36,0.889,0.0,0.469,8.64
242,-3.63,19,20,42,0.786,0.857,0.303,8.84
243,-23.51,15,20,39,0.718,0.667,0.321,11.22
244,-17.394,20,23,44,0.841,0.944,0.351,13.11
245,-30.283,14,20,38,0.737,0.75,0.25,8.6
246,40.194,17,9,32,0.812,1.0,0.462,6.44
247,-47.774,16,25,49,0.837,0.812,0.268,8.31
248,62.744,25,13,40,0.875,1.0,0.257,7.87
249,-50.776,17,27,45,0.8,0.6,0.25,10.18
250,-103.021,14,34,52,0.827,0.857,0.256,11.45
251,-9.807,21,23,51,0.882,1.0,0.267,13.52
252,-25.534,15,20,36,0.861,1.0,0.258,10.33
253,-97.398,14,33,52,0.769,0.75,0.3,8.38
254,4.714,21,20,47,0.83,0.9,0.231,10.13
255,5.632,21,20,44,0.841,0.75,0.378,8.52
256,60.334,23,11,36,0.861,1.0,0.29,7.1
257,57.056,23,12,38,0.868,0.667,0.303,5.55
258,46.856,27,18,46,0.87,0.667,0.3,7.47
259,-113.642,16,38,59,0.847,0.875,0.28,9.18
260,3.363,24,23,48,0.917,1.0,0.273,7.06
261,0.76,17,17,38,0.842,1.0,0.281,8.31
262,6.045,18,17,38,0.842,1.0,0.25,7.14
263,-5.308,20,21,50,0.88,0.9,0.386,7.21
264,10.865,18,16,38,0.763,0.667,0.31,8.18
265,-56.934,16,27,45,0.689,0.8,0.29,8.23
266,3.742,20,19,43,0.837,1.0,0.306,11.51
267,41.156,23,15,40,0.75,1.0,0.2,6.07
268,-13.801,18,21,40,0.75,0.857,0.333,7.5
269,-57.85,12,23,39,0.897,1.0,0.257,6.75
270,15.728,22,19,43,0.837,0.75,0.306,10.48
271,-83.033,15,31,51,0.824,0.895,0.262,14.24
272,44.59,24,15,43,0.884,1.0,0.289,7.32
273,-45.747,12,21,36,0.806,0.0,0.276,10.28
274,5.587,17,16,35,0.771,0.75,0.222,10.1
275,-98.525,14,33,50,0.8,0.905,0.375,9.3
276,-9.538,17,19,39,0.821,0.625,0.281,7.57
277,-78.508,10,25,43,0.86,1.0,0.27,13.11
278,-36.049,22,29,52,0.846,0.857,0.25,8.78
279,30.205,22,16,39,0.795,0.846,0.484,7.7
280,-20.181,20,24,47,0.745,0.692,0.343,10.83
281,35.254,19,12,33,0.879,1.0,0.31,4.99
282,-14.592,22,25,52,0.769,0.667,0.3,9.37
283,9.014,19,17,37,0.865,1.0,0.344,8.75
284,-50.452,15,25,47,0.872,0.833,0.341,11.29
285,-9.631,17,19,38,0.711,0.636,0.37,8.89
286,8.454,23,22,47,0.851,0.833,0.275,9.48
287,50.052,22,12,41,0.756,1.0,0.29,6.6
288,36.32,19,12,37,0.811,0.818,0.4,8.31
289,28.931,28,22,52,0.827,0.833,0.326,10.13
290,-64.764,17,30,49,0.796,0.75,0.282,8.67
291,22.887,22,18,42,0.833,0.5,0.314,6.61
292,4.893,27,26,55,0.727,0.818,0.3,7.72
293,1.074,19,19,38,0.868,0.833,0.242,6.68
294,57.815,21,10,34,0.794,0.0,0.37,6.44
295,-18.981,21,25,46,0.783,0.818,0.25,7.87
296,58.859,23,12,38,0.763,1.0,0.31,6.54
297,-113.287,12,34,47,0.766,0.889,0.222,10.62
298,16.081,20,17,40,0.825,1.0,0.303,10.75
299,-69.252,16,30,51,0.863,0.905,0.25,10.44
300,26.572,25,20,46,0.717,0.5,0.333,9.17
301,-51.362,11,21,34,0.824,1.0,0.393,8.49
302,-44.553,13,22,37,0.784,0.833,0.345,9.87
303,16.297,22,19,47,0.787,1.0,0.27,7.34
304,-2.341,17,17,38,0.789,0.727,0.333,9.29
305,-55.319,14,25,43,0.744,0.875,0.344,12.13
306,36.101,18,11,31,0.806,0.667,0.28,6.13
307,36.438,21,14,37,0.73,0.333,0.37,8.18
308,25.514,24,19,47,0.851,1.0,0.25,7.12
309,78.447,22,7,30,0.767,1.0,0.348,5.72
310,42.162,21,13,39,0.692,1.0,0.37,4.69
311,44.777,20,11,35,0.857,1.0,0.267,7.1
312,-143.082,14,42,58,0.845,0.88,0.245,14.54
313,86.361,29,12,42,0.786,1.0,0.333,7.72
314,20.674,22,18,40,0.7,0.833,0.429,5.91
315,-61.448,14,26,41,0.878,0.909,0.278,12.21
316,-96.854,16,35,56,0.839,0.864,0.234,12.16
317,23.975,24,19,45,0.733,0.727,0.212,6.31
318,0.494,18,18,39,0.821,0.8,0.344,9.96
319,11.333,22,20,45,0.778,0.75,0.371,9.37
320,-35.271,17,24,41,0.756,0.81,0.258,9.92
321,-51.327,12,22,39,0.846,0.875,0.303,9.03
322,-31.117,17,23,43,0.814,1.0,0.257,7.49
323,-127.579,7,32,43,0.767,0.727,0.273,9.98
324,10.072,24,22,46,0.696,0.643,0.25,7.13
325,-20.292,19,23,42,0.786,0.714,0.303,7.28
326,-15.778,21,24,47,0.702,0.833,0.364,10.57
327,42.032,28,20,50,0.74,0.889,0.27,8.6
328,-22.518,20,24,47,0.766,0.846,0.25,9.43
329,31.205,24,18,42,0.857,0.875,0.278,7.91
330,25.39,23,18,45,0.711,0.667,0.375,5.67
331,51.457,25,15,47,0.809,0.714,0.289,8.46
332,-5.478,26,27,57,0.86,0.8,0.265,8.48
333,-2.158,22,22,47,0.894,1.0,0.333,6.83
334,21.429,21,17,42,0.905,1.0,0.237,8.21
335,6.018,16,15,35,0.743,0.0,0.231,8.78
336,83.479,26,10,37,0.838,0.75,0.323,7.06
337,-52.492,18,28,48,0.812,1.0,0.333,12.23
338,41.605,26,18,47,0.83,1.0,0.333,6.63
339,10.805,21,19,42,0.762,1.0,0.219,9.31
340,-36.414,16,23,44,0.864,0.923,0.342,8.28
341,96.553,27,8,36,0.75,0.857,0.296,5.6
342,37.326,21,14,38,0.789,0.75,0.3,10.23
343,28.366,20,15,37,0.865,0.8,0.281,8.39
344,-4.844,22,23,47,0.83,0.889,0.282,14.79
345,17.055,18,15,36,0.889,1.0,0.312,9.47
346,-50.285,17,27,45,0.844,0.923,0.289,9.62
347,-78.044,15,30,54,0.759,0.8,0.293,9.18
348,-27.869,16,21,46,0.804,0.75,0.297,10.94
349,-5.728,20,21,43,0.814,0.7,0.286,10.71
350,11.678,21,19,40,0.775,0.625,0.258,6.95
351,20.222,26,22,51,0.784,0.875,0.3,9.8
352,56.61,24,13,39,0.923,1.0,0.278,6.9
353,62.919,23,11,35,0.743,0.4,0.269,5.29
354,-30.114,17,23,42,0.905,1.0,0.289,9.0
355,57.921,23,12,36,0.833,0.75,0.3,6.23
356,-19.436,18,22,47,0.894,0.941,0.262,10.68
357,112.725,30,8,38,0.842,1.0,0.312,4.31
358,-40.689,19,27,48,0.75,0.643,0.417,6.66
359,4.558,25,24,52,0.808,0.875,0.262,8.69
360,4.781,20,19,40,0.875,0.75,0.229,7.31
361,-78.833,15,30,50,0.74,0.867,0.297,7.64
362,-4.265,18,19,41,0.878,1.0,0.306,11.4
363,-40.767,14,22,42,0.857,1.0,0.278,11.41
364,14.284,19,16,45,0.778,0.5,0.314,8.62
365,82.955,25,9,38,0.763,1.0,0.276,5.63
366,-10.911,22,24,50,0.86,0.857,0.256,9.08
367,30.224,15,9,27,0.926,1.0,0.24,8.85
368,-20.813,15,19,36,0.806,1.0,0.31,7.49
369,40.377,24,16,42,0.905,0.857,0.263,5.24
370,-15.164,18,21,40,0.7,0.714,0.286,6.67
371,39.656,25,17,44,0.955,1.0,0.405,9.03
372,-20.312,18,22,42,0.905,1.0,0.263,8.28
373,-31.729,18,24,47,0.851,0.778,0.3,9.56
374,-50.076,20,30,50,0.78,0.846,0.333,9.62
375,-25.108,19,24,45,0.756,0.933,0.265,9.07
376,4.379,18,17,41,0.805,0.714,0.242,8.6
377,-33.68,19,26,46,0.717,0.692,0.303,9.7
378,-34.817,20,27,49,0.776,1.0,0.237,9.38
379,50.604,25,15,44,0.75,0.714,0.273,7.15
380,-38.706,17,25,46,0.848,0.778,0.282,9.6
381,46.947,26,17,44,0.841,0.571,0.297,8.6
382,36.743,25,18,44,0.818,1.0,0.306,6.78
383,-13.604,19,22,46,0.761,0.8,0.257,9.97
384,-29.41,20,26,46,0.848,0.909,0.231,10.45
385,-51.26,19,29,48,0.833,0.958,0.275,10.03
386,91.302,28,10,38,0.737,1.0,0.25,5.83
387,-50.691,16,26,45,0.756,0.737,0.324,12.26
388,-57.265,16,27,45,0.822,0.824,0.27,8.91
389,3.702,19,19,40,0.75,0.857,0.267,7.44
390,26.808,22,17,43,0.884,0.857,0.289,8.81
391,36.347,24,17,42,0.81,0.667,0.235,5.78
392,32.952,29,22,58,0.862,0.8,0.32,6.93
393,15.307,19,16,35,0.829,0.889,0.276,7.04
394,-21.1,19,23,47,0.872,0.833,0.268,9.33
395,-44.579,13,22,39,0.795,0.833,0.258,12.26
396,25.214,23,18,44,0.705,0.727,0.29,10.48
397,40.143,27,19,50,0.84,0.5,0.262,6.66
398,51.787,25,15,41,0.756,0.0,0.29,4.55
399,6.906,16,15,33,0.788,1.0,0.269,5.95
400,36.201,19,12,35,0.886,0.833,0.29,9.83
401,22.062,21,17,41,0.902,1.0,0.27,6.73
402,-41.904,13,21,36,0.861,1.0,0.226,7.82
403,47.918,26,17,43,0.674,0.5,0.379,4.61
404,67.881,20,7,30,0.833,1.0,0.24,5.35
405,97.821,25,6,36,0.861,0.333,0.29,6.03
406,-31.805,14,20,41,0.756,0.75,0.258,12.75
407,-32.619,22,28,51,0.824,0.812,0.286,9.22
408,21.313,19,15,36,0.917,1.0,0.212,6.65
409,-3.253,20,21,43,0.721,0.778,0.323,9.83
410,14.761,21,18,40,0.825,0.833,0.242,11.01
411,98.297,26,7,33,0.788,1.0,0.308,4.25
412,22.531,15,11,27,0.926,1.0,0.36,6.47
413,66.585,23,10,36,0.833,1.0,0.367,6.88
414,-4.67,19,20,46,0.826,0.714,0.289,10.76
415,27.88,26,20,52,0.865,0.933,0.267,6.93
416,-5.083,22,23,46,0.804,0.727,0.243,12.34
417,67.716,23,10,33,0.788,0.833,0.269,5.68
418,8.453,21,20,45,0.867,1.0,0.256,8.54
419,22.003,18,14,33,0.818,1.0,0.37,7.27
420,-84.427,13,30,45,0.822,0.5,0.27,9.97
421,43.733,26,17,44,0.795,0.5,0.343,8.31
422,40.635,26,18,46,0.783,0.778,0.306,8.91
423,-14.844,11,14,26,0.808,0.667,0.286,7.31
424,20.389,23,19,45,0.911,0.889,0.317,8.98
425,47.947,22,13,36,0.917,1.0,0.273,8.1
426,45.459,18,9,29,0.931,1.0,0.444,6.24
427,3.632,23,22,53,0.642,0.619,0.353,9.43
428,38.939,27,19,46,0.848,0.833,0.282,5.13
429,-20.561,20,24,51,0.843,0.812,0.256,12.9
430,-25.091,20,25,51,0.863,0.917,0.25,12.59
431,-0.11,20,20,41,0.829,0.75,0.294,8.64
432,10.106,24,22,49,0.816,0.895,0.275,12.14
433,37.469,20,13,34,0.941,1.0,0.281,7.38
434,-10.525,18,20,43,0.814,0.714,0.286,12.24
435,63.676,24,12,37,0.703,1.0,0.269,7.71
436,-0.316,20,20,40,0.8,1.0,0.438,7.19
437,-6.707,20,21,43,0.884,1.0,0.211,8.38
438,-76.142,15,30,53,0.811,0.846,0.233,11.33
439,93.411,22,4,27,0.815,1.0,0.318,4.57
440,15.194,20,17,40,0.85,1.0,0.294,6.98
441,-119.077,14,37,53,0.868,0.895,0.304,12.38
442,40.657,25,17,45,0.844,0.889,0.263,7.51
443,-42.408,19,27,47,0.787,0.9,0.27,7.51
444,-24.797,16,21,38,0.737,1.0,0.286,6.63
445,36.822,16,9,27,0.778,0.0,0.333,5.43
446,-10.226,16,18,37,0.838,0.875,0.29,9.02
447,30.339,23,17,43,0.814,0.8,0.286,9.26
448,-4.654,18,19,39,0.846,0.857,0.364,8.03
449,22.49,25,21,48,0.896,0.909,0.326,10.21
450,-8.754,20,22,44,0.841,1.0,0.324,14.18
451,-19.489,17,21,38,0.789,1.0,0.267,8.36
452,49.414,27,17,45,0.867,1.0,0.308,6.87
453,-35.446,18,25,46,0.848,0.727,0.256,11.02
454,-61.869,16,28,45,0.844,0.783,0.237,11.75
455,27.751,26,20,49,0.857,1.0,0.286,7.91
456,-19.517,17,21,39,0.769,1.0,0.3,7.62
457,94.272,28,10,38,0.789,0.0,0.267,3.82
458,15.913,21,18,40,0.9,0.8,0.25,8.39
459,-7.271,19,20,41,0.683,0.889,0.321,8.4
460,28.712,22,16,40,0.825,1.0,0.303,6.66
461,29.772,24,18,48,0.75,0.688,0.306,8.46
462,83.224,22,6,31,0.839,1.0,0.269,6.67
463,17.673,21,18,42,0.833,0.875,0.314,9.89
464,42.717,25,17,44,0.909,1.0,0.325,8.62
465,27.135,23,18,41,0.829,1.0,0.353,6.23
466,39.673,23,15,41,0.927,0.786,0.289,8.27
467,15.851,25,22,48,0.75,0.889,0.306,10.78
468,-4.56,15,16,31,0.935,1.0,0.276,7.12
469,-128.098,7,32,45,0.933,0.923,0.286,12.55
470,-17.193,21,24,56,0.857,0.875,0.292,10.39
471,6.829,19,18,37,0.757,0.5,0.357,5.84
472,122.56,32,8,45,0.889,1.0,0.325,6.8
473,84.503,25,9,37,0.811,1.0,0.267,6.17
474,104.206,28,8,37,0.811,1.0,0.3,4.99
475,-36.021,13,20,39,0.872,1.0,0.353,9.03
476,1.128,13,13,29,0.759,1.0,0.273,8.08
477,2.118,18,18,39,0.897,0.875,0.314,9.68
478,5.289,20,19,40,0.875,1.0,0.229,8.34
479,5.554,19,18,41,0.805,0.929,0.242,9.52
480,59.821,26,14,41,0.732,1.0,0.3,6.16
481,42.948,22,14,43,0.814,0.8,0.314,8.4
482,86.238,32,15,49,0.796,0.75,0.308,5.12
483,0.119,24,24,49,0.878,0.9,0.302,6.93
484,-116.667,11,34,47,0.809,0.875,0.237,10.99
485,-35.393,22,29,60,0.8,0.864,0.25,11.91
486,6.46,20,19,39,0.846,1.0,0.273,6.84
487,103.92,23,3,27,0.815,0.0,0.273,3.93
488,45.869,26,17,45,0.867,0.833,0.333,7.61
489,58.259,25,13,44,0.773,0.778,0.265,7.28
490,-9.223,18,20,46,0.87,0.875,0.3,9.3
491,7.506,22,20,43,0.86,0.6,0.297,6.86
492,-40.621,18,26,45,0.822,0.857,0.27,10.77
493,-18.792,26,29,55,0.818,0.895,0.356,6.66
494,-41.71,20,28,52,0.769,0.667,0.35,8.7
495,72.511,24,10,36,0.806,1.0,0.345,5.41
496,-42.579,19,27,50,0.88,0.909,0.25,10.11
497,-12.916,22,24,54,0.778,0.75,0.357,9.02
498,76.369,32,17,49,0.878,0.769,0.302,8.52
499,8.662,20,18,41,0.707,0.571,0.31,7.85
500,0.193,20,20,43,0.791,0.7,0.265,8.47
501,-35.515,18,25,46,0.87,0.917,0.425,10.39
502,52.342,22,12,39,0.718,0.75,0.286,7.28
503,83.991,27,11,40,0.8,1.0,0.25,6.61
504,27.121,21,16,37,0.919,0.833,0.265,7.42
505,20.852,21,17,42,0.833,0.75,0.286,8.38
506,1.366,19,19,42,0.929,0.9,0.256,8.29
507,-69.376,16,30,47,0.915,0.933,0.279,8.57
508,83.115,27,11,39,0.846,0.0,0.303,7.67
509,43.047,19,11,30,0.933,0.0,0.286,6.04
510,22.989,24,19,48,0.875,1.0,0.262,7.38
511,86.341,26,9,38,0.842,0.5,0.281,6.53
512,-14.62,15,18,36,0.778,0.5,0.321,8.0
513,46.88,24,15,41,0.829,0.818,0.294,9.49
514,14.446,25,22,50,0.8,0.875,0.3,8.98
515,71.961,23,9,40,0.75,0.667,0.333,7.61
516,60.084,20,8,29,0.759,0.5,0.273,5.15
517,26.753,22,17,45,0.822,0.5,0.27,8.12
518,16.256,25,22,51,0.824,0.667,0.31,7.29
519,51.547,25,15,41,0.829,0.9,0.294,7.99
520,59.709,22,11,33,0.818,0.0,0.259,6.03
521,-39.123,14,22,41,0.878,0.5,0.361,8.1
522,68.585,27,14,42,0.881,1.0,0.297,7.48
523,-62.085,15,27,47,0.872,0.9,0.268,8.84
524,47.593,22,13,35,0.829,1.0,0.241,5.09
525,15.557,24,21,48,0.812,0.625,0.256,10.02
526,79.911,28,12,45,0.622,0.714,0.286,6.94
527,32.726,29,23,53,0.792,0.778,0.286,7.06
528,57.303,18,7,28,0.893,1.0,0.28,8.01
529,-118.085,15,38,60,0.883,0.882,0.283,15.71
530,24.36,27,22,53,0.755,0.812,0.325,6.69
531,19.364,23,19,48,0.792,0.833,0.263,8.57
532,-5.17,16,17,34,0.853,1.0,0.276,7.96
533,-38.206,20,27,52,0.846,0.765,0.318,9.59
534,-47.882,22,31,55,0.818,0.808,0.267,11.9
535,-4.965,23,24,52,0.731,0.789,0.316,11.24
536,-25.845,19,24,46,0.848,0.857,0.256,9.99
537,55.657,25,14,44,0.841,0.5,0.297,7.62
538,14.626,22,19,45,0.911,0.8,0.244,9.66
539,63.711,24,12,36,0.889,0.0,0.281,6.69
540,50.408,26,16,44,0.841,0.778,0.27,7.14
541,21.124,20,16,38,0.868,1.0,0.242,7.07
542,19.563,20,16,38,0.789,0.75,0.3,5.07
543,49.061,26,17,44,0.818,0.5,0.389,6.8
544,-41.548,24,32,61,0.82,0.81,0.24,12.54
545,-8.999,19,21,46,0.891,1.0,0.293,12.1
546,-0.841,17,17,39,0.923,1.0,0.25,7.29
547,40.252,23,15,40,0.875,0.778,0.314,7.82
548,53.137,22,12,38,0.789,1.0,0.267,7.77
549,-26.173,14,19,33,0.879,1.0,0.241,7.24
550,-16.932,21,24,47,0.787,0.818,0.324,9.17
551,9.143,20,18,38,0.763,0.714,0.276,4.45
552,-25.187,16,21,39,0.974,1.0,0.289,9.19
553,96.862,27,8,37,0.838,1.0,0.258,5.49
554,69.112,29,16,48,0.854,1.0,0.268,6.69
555,5.07,25,24,49,0.816,0.75,0.275,7.85
556,15.504,21,18,45,0.867,0.636,0.231,11.68
557,-10.11,21,23,48,0.896,1.0,0.349,7.88
558,55.694,23,12,36,0.833,1.0,0.267,6.27
559,8.021,20,18,42,0.786,1.0,0.273,8.36
560,14.406,23,20,48,0.771,0.846,0.297,7.12
561,-131.721,12,38,51,0.863,0.826,0.25,9.84
562,59.392,25,13,41,0.78,0.75,0.344,6.57
563,16.303,27,24,53,0.755,0.722,0.25,10.05
564,-2.828,23,23,49,0.653,0.75,0.281,7.16
565,57.699,25,14,41,0.902,1.0,0.27,8.7
566,51.959,21,11,36,0.861,0.75,0.323,9.06
567,0.645,21,21,44,0.864,1.0,0.289,9.17
568,-22.122,20,24,47,0.787,0.75,0.405,7.46
569,3.163,19,18,38,0.763,0.0,0.379,8.4
570,19.845,24,20,51,0.843,0.667,0.279,10.48
571,14.221,18,15,34,0.912,1.0,0.226,6.79
572,66.805,23,10,36,0.889,1.0,0.375,5.72
573,39.163,22,15,37,0.838,1.0,0.355,8.53
574,-15.826,16,19,41,0.854,1.0,0.229,9.58
575,50.311,22,12,34,0.882,0.0,0.267,5.12
576,11.247,17,15,38,0.921,0.0,0.257,6.93
577,15.799,22,19,43,0.86,1.0,0.27,7.95
578,40.54,24,16,42,0.81,0.667,0.265,4.91
579,74.244,28,14,44,0.864,0.923,0.289,8.21
580,-10.599,23,25,51,0.863,0.9,0.295,6.71
581,101.501,33,13,50,0.74,1.0,0.27,5.4
582,-5.454,19,20,42,0.762,0.889,0.281,7.66
583,-15.48,21,24,49,0.816,0.9,0.325,7.82
584,67.053,27,14,42,0.857,0.778,0.278,8.19
585,82.725,25,9,35,0.914,1.0,0.281,6.88
586,46.538,22,13,41,0.829,1.0,0.294,7.99
587,41.368,20,12,35,0.8,1.0,0.286,7.04
588,5.549,20,19,44,0.841,1.0,0.351,7.99
589,22.505,23,18,45,0.778,0.889,0.343,9.31
590,22.73,23,19,45,0.778,0.769,0.286,8.51
591,105.787,30,10,40,0.825,1.0,0.333,6.01
592,-90.944,13,31,45,0.8,0.875,0.306,10.71
593,51.209,30,20,54,0.833,0.8,0.267,7.31
594,35.836,22,15,41,0.951,1.0,0.308,7.76
595,66.937,23,10,40,0.775,0.5,0.258,5.98
596,1.39,19,19,41,0.829,0.857,0.265,9.31
597,-7.236,16,18,35,0.857,1.0,0.333,7.14
598,-2.725,21,22,44,0.886,1.0,0.308,6.53
599,47.77,28,19,48,0.854,1.0,0.341,8.31
600,20.159,22,18,42,0.833,0.857,0.257,8.29
601,-76.918,17,32,53,0.811,0.762,0.372,17.35
602,31.141,19,13,36,0.861,0.571,0.258,6.43
603,88.201,26,9,39,0.795,0.8,0.258,8.61
604,-5.323,23,24,53,0.887,0.857,0.298,6.8
605,28.319,19,14,35,0.857,1.0,0.333,10.81
606,-2.573,16,17,36,0.861,1.0,0.29,7.2
607,110.329,30,9,39,0.923,1.0,0.306,5.4
608,-72.275,17,31,54,0.833,0.8,0.289,10.83
609,61.505,27,15,45,0.911,1.0,0.293,6.73
610,69.561,25,12,38,0.921,0.667,0.257,6.2
611,1.326,22,22,44,0.705,0.737,0.387,9.63
612,6.718,19,18,37,0.892,0.75,0.303,4.98
613,-0.017,20,20,48,0.896,1.0,0.279,9.41
614,-3.906,16,17,37,0.784,1.0,0.276,7.22
615,5.006,18,17,37,0.865,1.0,0.281,8.83
616,31.788,22,16,39,0.897,0.875,0.257,7.79
617,104.465,30,10,41,0.902,1.0,0.405,6.27
618,31.613,24,18,44,0.932,0.833,0.268,8.41
619,67.439,28,15,44,0.795,0.857,0.257,6.52
620,-15.722,19,22,43,0.86,0.667,0.432,6.82
621,42.637,23,15,38,0.842,0.667,0.312,5.92
622,130.481,32,7,43,0.884,1.0,0.368,5.15
623,76.642,24,9,36,0.833,1.0,0.233,5.38
624,43.57,23,15,39,0.769,0.8,0.3,7.89
625,-6.276,12,13,32,0.875,0.8,0.286,8.96
626,30.025,24,18,49,0.878,1.0,0.256,11.96
627,61.232,27,15,45,0.778,0.8,0.286,7.94
628,26.677,24,19,44,0.864,0.667,0.289,7.96
629,90.571,29,11,48,0.792,0.667,0.368,6.58
630,56.732,27,16,44,0.818,1.0,0.333,8.12
631,69.861,32,18,51,0.804,0.857,0.293,6.6
632,56.938,23,12,36,0.806,1.0,0.379,6.13
633,-58.409,18,30,50,0.8,0.8,0.275,9.78
634,-82.086,16,32,54,0.722,0.808,0.282,13.03
635,67.698,28,15,45,0.867,0.833,0.333,6.42
636,38.222,27,20,53,0.755,0.75,0.275,9.59
637,35.354,22,15,38,0.842,1.0,0.219,7.45
638,20.221,20,16,38,0.895,0.75,0.235,6.68
639,66.668,31,18,49,0.857,0.833,0.381,6.81
640,98.539,27,8,37,0.757,0.333,0.357,4.85
641,1.001,23,23,47,0.766,0.818,0.278,10.05
642,11.069,19,17,38,0.816,1.0,0.452,8.43
643,10.774,25,23,52,0.808,1.0,0.262,8.59
644,85.643,23,7,31,0.742,0.0,0.391,6.52
645,-51.671,18,28,49,0.857,0.909,0.238,7.71
646,-38.454,18,25,51,0.804,0.875,0.22,11.17
647,-18.918,18,22,41,0.951,1.0,0.359,12.29
648,5.585,22,21,46,0.891,0.875,0.341,7.83
649,17.282,17,14,32,0.781,0.667,0.36,9.31
650,32.024,28,22,52,0.846,1.0,0.318,7.88
651,32.891,22,16,41,0.854,0.909,0.343,7.37
652,24.995,23,18,45,0.911,0.8,0.317,6.78
653,56.736,26,15,43,0.814,0.857,0.286,7.97
654,85.305,22,6,29,0.897,1.0,0.308,7.1
655,-23.721,16,21,39,0.846,0.923,0.455,10.54
656,37.832,23,16,41,0.78,1.0,0.312,8.46
657,-41.257,18,26,52,0.788,0.933,0.268,10.84
658,71.805,28,14,43,0.791,0.8,0.324,7.8
659,62.64,25,13,40,0.8,1.0,0.344,7.21
660,97.304,27,8,35,0.829,1.0,0.448,6.05
661,-31.605,19,25,46,0.826,0.875,0.316,8.08
662,106.765,27,6,34,0.735,0.0,0.32,4.05
663,56.827,20,9,29,0.793,1.0,0.217,6.65
664,93.446,26,8,36,0.917,1.0,0.303,5.22
665,87.263,22,5,29,0.828,0.0,0.417,6.16
666,-15.57,18,21,43,0.744,0.667,0.375,9.62
667,71.958,27,13,43,0.86,1.0,0.27,7.05
668,31.128,24,18,44,0.773,0.8,0.294,7.42
669,40.468,24,16,42,0.857,1.0,0.278,7.66
670,96.866,31,12,47,0.872,0.833,0.317,6.15
671,37.055,17,10,27,0.852,0.0,0.348,5.47
672,-46.376,15,24,40,0.85,1.0,0.206,8.77
673,5.193,18,17,42,0.857,1.0,0.333,5.98
674,51.827,25,15,41,0.805,0.875,0.273,7.56
675,25.298,25,20,50,0.84,0.75,0.31,10.04
676,2.147,16,16,34,0.912,1.0,0.355,9.18
677,7.029,21,20,43,0.86,0.875,0.27,6.72
678,51.8,25,15,41,0.829,1.0,0.294,7.89
679,28.945,21,16,38,0.816,1.0,0.323,6.94
680,-17.299,23,26,54,0.833,0.92,0.267,10.43
681,-24.032,19,24,45,0.844,1.0,0.316,13.3
682,82.137,27,11,42,0.786,1.0,0.212,7.08
683,98.878,28,9,37,0.703,1.0,0.385,7.25
684,77.077,24,9,34,0.735,0.0,0.24,5.75
685,-15.993,21,24,51,0.863,0.909,0.273,10.68
686,2.58,14,14,31,0.806,1.0,0.28,9.21
687,1.145,25,25,57,0.895,0.9,0.235,9.52
688,-81.775,15,31,48,0.854,0.842,0.293,10.37
689,-25.38,17,22,40,0.8,0.778,0.312,7.5
690,86.284,26,9,39,0.923,1.0,0.306,4.6
691,-43.318,21,30,51,0.824,0.846,0.286,9.78
692,36.927,29,22,53,0.849,1.0,0.289,9.21
693,73.995,23,9,36,0.833,1.0,0.367,6.72
694,-11.259,22,24,49,0.837,0.938,0.244,7.31
695,63.724,27,15,46,0.739,0.667,0.265,7.48
696,74.582,30,15,46,0.739,1.0,0.265,7.71
697,108.272,26,5,33,0.788,0.0,0.577,6.55
698,-3.196,20,21,44,0.795,0.4,0.314,8.02
699,27.484,22,17,39,0.846,1.0,0.333,7.26
700,30.219,21,15,39,0.718,0.667,0.321,7.18
701,47.739,28,19,49,0.816,0.8,0.325,7.9
702,-82.421,14,30,50,0.86,1.0,0.279,10.45
703,6.486,21,20,43,0.884,1.0,0.263,8.65
704,-24.069,17,22,43,0.791,0.875,0.265,8.81
705,26.698,27,22,53,0.83,0.8,0.295,8.32
706,102.001,28,8,37,0.757,0.0,0.286,6.1
707,141.301,35,8,44,0.818,0.0,0.389,6.07
708,-38.339,17,25,45,0.8,0.75,0.333,8.56
709,80.072,23,8,31,0.903,0.0,0.286,5.89
710,38.291,18,11,29,0.69,0.0,0.4,5.89
711,28.474,17,12,29,0.828,0.833,0.417,5.24
712,82.769,26,10,37,0.757,1.0,0.321,6.32
713,16.837,19,16,36,0.861,0.8,0.452,9.22
714,29.379,23,17,44,0.818,0.889,0.278,7.4
715,29.889,21,16,39,0.872,1.0,0.353,6.96
716,15.773,20,17,38,0.737,0.75,0.321,8.21
717,-9.572,22,24,47,0.809,0.778,0.237,7.99
718,58.676,20,9,31,0.742,0.0,0.261,6.27
719,30.249,19,13,35,0.743,0.0,0.269,6.07
720,-8.951,22,24,49,0.816,0.786,0.375,13.36
721,90.468,25,8,42,0.762,0.2,0.25,6.46
722,-21.002,20,24,46,0.804,0.875,0.324,8.14
723,70.97,25,11,39,0.744,0.6,0.31,8.59
724,-24.08,17,22,41,0.805,0.75,0.242,9.59
725,47.473,24,15,41,0.756,0.667,0.29,7.49
726,-20.963,21,25,50,0.82,0.875,0.341,9.23
727,58.375,22,11,34,0.912,1.0,0.258,4.7
728,93.748,27,9,38,0.816,0.0,0.258,6.85
729,132.519,30,4,37,0.919,0.0,0.294,4.57
730,124.223,33,9,45,0.844,0.8,0.263,7.16
731,122.066,31,7,40,0.825,0.0,0.242,4.58
732,70.047,26,12,39,0.846,0.667,0.273,4.97
733,-34.587,16,23,40,0.8,1.0,0.312,8.59
734,4.648,19,18,44,0.773,0.6,0.294,7.44
735,-1.186,24,24,55,0.836,0.917,0.239,11.99
736,-4.289,23,24,50,0.84,0.833,0.262,12.82
737,11.503,24,21,56,0.911,0.909,0.255,8.82
738,108.997,31,10,41,0.78,0.0,0.281,5.75
739,43.17,25,17,46,0.826,1.0,0.263,8.11
740,52.76,24,14,42,0.857,0.0,0.389,6.63
741,-102.041,8,28,43,0.884,0.846,0.263,11.56
742,-14.911,23,26,50,0.9,1.0,0.267,7.89
743,57.63,28,17,46,0.848,1.0,0.308,7.97
744,89.154,28,10,43,0.791,1.0,0.265,7.12
745,-90.937,13,31,48,0.771,1.0,0.324,9.24
746,78.749,29,14,46,0.826,0.889,0.263,7.05
747,81.424,28,12,42,0.738,1.0,0.323,6.51
748,-21.246,15,19,39,0.897,1.0,0.343,11.34
749,-111.735,17,39,58,0.845,0.842,0.245,8.79
750,16.881,22,19,46,0.891,1.0,0.244,11.57
751,66.881,24,11,36,0.722,0.667,0.308,7.22
752,-19.767,16,20,36,0.861,0.857,0.29,10.6
753,52.836,21,11,32,0.875,0.0,0.25,6.24
754,83.837,22,6,34,0.853,0.0,0.379,7.26
755,95.186,33,14,53,0.849,1.0,0.289,7.17
756,83.528,19,3,26,0.923,0.0,0.25,4.16
757,51.568,24,14,38,0.789,0.5,0.367,7.35
758,123.523,29,5,35,0.829,0.0,0.345,4.54
759,74.455,27,12,40,0.875,0.923,0.257,4.83
760,32.529,24,18,45,0.889,1.0,0.425,10.38
761,13.02,21,18,43,0.814,1.0,0.286,7.55
762,5.457,20,19,41,0.829,1.0,0.265,8.41
763,-24.635,19,24,47,0.872,1.0,0.22,8.63
764,-50.498,18,28,48,0.771,0.714,0.351,11.19
765,8.364,24,23,48,0.854,1.0,0.268,7.41
766,69.758,27,13,43,0.86,0.6,0.297,5.86
767,81.352,26,10,37,0.757,0.667,0.321,6.14
768,-8.089,24,26,51,0.824,1.0,0.333,7.58
769,29.551,20,14,36,0.833,1.0,0.333,8.61
770,78.957,26,11,37,0.838,0.4,0.29,5.13
771,103.157,31,11,43,0.86,0.333,0.405,8.03
772,-31.576,18,24,46,0.848,0.833,0.308,11.42
773,34.28,21,14,35,0.771,1.0,0.259,4.49
774,66.511,31,18,51,0.863,1.0,0.273,7.16
775,2.358,20,20,44,0.864,0.8,0.421,12.72
776,-47.482,19,28,48,0.833,0.556,0.3,6.71
777,32.105,19,13,34,0.824,1.0,0.286,7.26
778,8.361,18,16,40,0.75,1.0,0.3,7.14
779,-17.816,17,21,38,0.895,0.889,0.382,10.3
780,133.168,28,3,31,0.742,1.0,0.391,4.69
781,86.096,29,12,44,0.886,1.0,0.282,7.8
782,20.619,19,15,35,0.829,0.0,0.241,8.16
783,138.939,31,4,36,0.917,0.0,0.242,4.93
784,-92.497,12,30,48,0.854,1.0,0.268,8.45
785,10.682,21,19,41,0.854,0.867,0.314,8.24
786,62.824,20,8,31,0.935,1.0,0.241,7.3
787,-51.543,15,25,46,0.891,0.9,0.293,8.3
788,-9.859,20,22,46,0.891,0.9,0.244,8.93
789,119.086,29,6,35,0.857,1.0,0.233,6.19
790,-8.782,19,21,40,0.8,1.0,0.281,7.18
791,6.137,21,20,47,0.872,0.8,0.268,6.15
792,103.708,26,6,35,0.914,1.0,0.281,5.36
793,-33.567,19,25,51,0.863,0.941,0.341,9.47
794,-15.973,22,25,48,0.75,0.75,0.278,11.98
795,29.96,24,18,42,0.952,1.0,0.25,5.2
796,8.457,22,21,46,0.804,0.8,0.324,11.02
797,33.587,23,16,43,0.86,1.0,0.243,8.06
798,61.614,27,15,42,0.905,0.909,0.316,7.07
799,-20.235,20,24,46,0.826,1.0,0.395,9.93
800,5.541,28,26,56,0.857,0.889,0.312,8.28
801,-3.927,19,20,40,0.875,1.0,0.257,7.57
802,11.732,21,19,43,0.837,0.6,0.278,7.45
803,17.965,27,23,52,0.923,1.0,0.271,6.61
804,17.25,21,18,40,0.825,0.9,0.364,7.58
805,-69.157,17,31,51,0.863,0.913,0.273,9.38
806,-34.127,22,29,54,0.852,0.8,0.283,9.41
807,-29.49,16,22,45,0.867,0.8,0.359,9.53
808,47.394,21,12,33,0.879,1.0,0.241,8.0
809,62.348,24,12,38,0.789,1.0,0.267,6.3
810,3.989,19,18,39,0.897,1.0,0.286,6.64
811,80.579,28,12,40,0.8,1.0,0.281,5.35
812,73.378,23,9,36,0.833,0.889,0.3,8.04
813,145.324,31,3,34,0.853,0.0,0.31,3.69
814,3.804,19,18,40,0.775,0.4,0.29,8.53
815,64.187,30,18,50,0.74,0.8,0.351,9.02
816,15.018,29,26,58,0.828,0.818,0.312,8.84
817,49.806,22,12,36,0.972,1.0,0.229,7.36
818,-28.815,19,25,52,0.827,0.889,0.279,7.26
819,89.077,30,12,44,0.75,0.636,0.273,7.67
820,25.335,27,22,51,0.902,0.895,0.261,9.59
821,56.914,25,14,44,0.886,1.0,0.41,10.17
822,-19.605,19,23,43,0.837,0.833,0.278,8.98
823,-76.79,11,26,41,0.902,1.0,0.27,9.39
824,41.974,23,15,38,0.868,1.0,0.333,6.52
825,-99.947,11,31,46,0.87,0.857,0.325,8.46
826,16.111,21,18,40,0.8,1.0,0.312,9.31
827,-39.583,24,32,62,0.839,0.882,0.269,9.75
828,74.88,25,11,37,0.838,1.0,0.258,7.2
829,-4.576,26,26,52,0.846,0.882,0.295,7.94
830,-1.24,18,18,42,0.786,1.0,0.242,9.87
831,31.074,27,21,53,0.83,0.889,0.341,7.05
832,45.778,19,10,30,0.667,1.0,0.25,5.93
833,67.236,22,9,36,0.806,1.0,0.241,7.45
834,-16.129,21,24,49,0.857,0.875,0.238,12.06
835,96.734,29,10,40,0.825,1.0,0.242,5.37
836,-42.393,17,25,43,0.86,0.875,0.297,9.63
837,-3.093,15,16,34,0.882,1.0,0.267,7.67
838,-79.128,16,32,50,0.84,0.875,0.357,11.83
839,52.887,21,11,36,0.889,1.0,0.25,6.67
840,-123.119,11,35,47,0.851,0.857,0.25,11.45
841,12.372,26,24,54,0.87,0.9,0.234,10.63
842,37.664,22,15,39,0.769,1.0,0.367,10.02
843,93.875,25,7,35,0.771,0.0,0.333,5.81
844,56.183,25,14,42,0.833,1.0,0.343,7.06
845,107.865,26,5,31,0.839,0.0,0.462,3.82
846,-102.778,9,29,39,0.769,0.875,0.267,10.56
847,62.136,23,11,35,0.857,0.667,0.367,5.9
848,-51.955,16,26,46,0.804,0.889,0.297,9.61
849,18.491,23,20,44,0.841,1.0,0.27,9.37
850,102.903,28,8,42,0.81,1.0,0.382,6.51
851,-0.855,25,25,52,0.846,0.923,0.295,9.45
852,25.269,20,15,37,0.757,1.0,0.25,7.65
853,78.394,23,8,34,0.912,1.0,0.29,7.42
854,1.779,17,17,37,0.892,1.0,0.242,8.52
855,81.55,23,7,32,0.781,0.5,0.28,8.17
856,5.784,18,17,41,0.805,0.833,0.273,5.73
857,-50.441,20,30,50,0.88,0.75,0.318,9.66
858,0.91,20,20,43,0.767,0.727,0.333,9.1
859,87.128,32,15,48,0.812,1.0,0.256,6.39
860,-26.376,16,21,43,0.767,0.889,0.273,9.87
861,46.32,25,16,42,0.881,1.0,0.297,6.21
862,56.493,20,9,33,0.848,0.0,0.321,6.5
863,47.929,24,15,39,0.872,1.0,0.265,6.81
864,-64.374,10,23,36,0.861,0.667,0.355,10.62
865,30.979,17,11,30,0.833,1.0,0.28,6.96
866,56.764,24,13,39,0.872,0.8,0.294,5.5
867,88.79,28,11,44,0.773,1.0,0.265,8.27
868,-56.704,12,23,38,0.816,0.8,0.387,8.82
869,57.558,24,13,41,0.732,1.0,0.333,9.9
870,-73.114,10,24,38,0.763,0.571,0.31,10.61
871,51.573,25,15,45,0.911,1.0,0.341,6.79
872,21.519,22,18,41,0.902,1.0,0.297,8.53
873,26.802,25,20,49,0.918,0.857,0.333,9.54
874,-3.781,20,21,44,0.841,1.0,0.324,8.9
875,43.892,24,16,42,0.786,1.0,0.303,6.25
876,46.676,20,11,36,0.806,1.0,0.31,8.45
877,-17.338,11,15,27,0.778,0.0,0.286,5.94
878,126.218,33,9,43,0.814,1.0,0.314,4.83
879,72.625,25,11,36,0.889,1.0,0.344,7.34
880,47.38,25,16,47,0.894,0.917,0.262,8.62
881,85.261,23,7,34,0.912,0.0,0.452,6.55
882,41.385,25,17,44,0.795,0.8,0.314,7.41
883,68.767,26,13,39,0.667,1.0,0.308,4.83
884,4.948,19,18,41,0.927,1.0,0.289,9.37
885,31.07,29,23,54,0.741,0.706,0.325,12.08
886,-29.863,23,29,55,0.836,1.0,0.283,8.3
887,58.116,22,11,34,0.794,0.833,0.259,5.07
888,-3.13,20,21,41,0.78,0.923,0.312,8.72
889,-50.064,18,28,51,0.843,1.0,0.256,9.82
890,-35.915,20,27,49,0.939,1.0,0.239,8.7
891,-84.883,13,30,46,0.783,0.786,0.278,10.95
892,-60.582,16,28,47,0.809,0.714,0.289,10.31
893,-37.433,24,31,60,0.917,0.909,0.291,13.92
894,-40.711,14,22,43,0.86,1.0,0.297,8.03
895,72.972,22,8,33,0.818,1.0,0.296,7.49
896,-39.882,23,31,57,0.807,0.812,0.283,9.91
897,82.568,29,13,43,0.86,1.0,0.243,6.74
898,26.589,23,18,43,0.814,1.0,0.314,6.44
899,26.756,20,15,36,0.806,0.857,0.276,8.06
900,11.512,17,15,37,0.865,0.75,0.344,8.51
901,81.938,28,12,43,0.814,1.0,0.314,6.61
902,-39.713,16,24,47,0.872,1.0,0.244,12.86
903,65.557,27,14,41,0.854,1.0,0.286,6.14
904,22.132,25,21,49,0.857,0.933,0.286,10.7
905,50.846,18,8,30,0.833,1.0,0.32,5.4
906,16.149,21,18,43,0.884,1.0,0.289,6.78
907,111.901,35,13,50,0.82,0.857,0.268,4.57
908,52.729,20,10,32,0.781,1.0,0.28,6.62
909,54.173,22,12,38,0.842,0.889,0.312,6.9
910,15.635,22,19,46,0.826,0.75,0.289,7.38
911,57.902,25,14,42,0.857,0.875,0.278,6.75
912,-45.388,16,25,47,0.83,0.889,0.256,11.89
913,15.382,29,26,61,0.77,0.818,0.319,16.09
914,19.766,20,16,39,0.821,1.0,0.312,7.6
915,-36.057,21,28,55,0.8,0.636,0.273,10.31
916,-39.821,21,29,52,0.827,0.636,0.233,9.24
917,-116.751,11,34,47,0.894,0.947,0.238,11.25
918,23.541,24,20,50,0.78,1.0,0.308,8.93
919,62.73,31,19,52,0.75,0.583,0.282,6.51
920,56.774,26,15,42,0.833,0.75,0.257,7.15
921,-45.824,14,23,40,0.725,0.824,0.379,10.08
922,-13.675,19,22,41,0.707,0.75,0.31,8.42
923,21.375,22,18,43,0.767,0.6,0.303,8.01
924,50.56,24,14,42,0.786,1.0,0.273,6.63
925,59.915,26,15,45,0.822,1.0,0.27,7.55
926,33.429,21,15,42,0.881,1.0,0.27,9.0
927,72.244,26,12,39,0.744,0.8,0.31,6.39
928,78.086,24,9,34,0.824,0.75,0.25,6.76
929,52.575,20,10,34,0.794,1.0,0.259,7.83
930,109.589,32,11,43,0.791,1.0,0.294,7.04
931,-49.067,15,25,42,0.81,0.909,0.324,9.26
932,-40.661,13,21,39,0.872,1.0,0.265,13.19
933,-25.928,17,22,44,0.864,0.667,0.237,10.15
934,57.772,24,13,42,0.905,1.0,0.263,8.39
935,-76.254,14,29,47,0.809,0.895,0.237,13.64
936,59.082,25,14,39,0.897,0.0,0.314,6.11
937,-29.359,16,22,41,0.854,1.0,0.286,11.2
938,46.345,25,16,43,0.791,0.857,0.412,8.03
939,-33.705,12,19,34,0.882,1.0,0.3,9.09
940,17.059,25,22,49,0.816,0.778,0.25,10.39
941,0.521,18,18,46,0.848,0.8,0.231,10.47
942,-65.514,19,32,56,0.893,1.0,0.26,10.72
943,71.864,26,12,44,0.886,0.909,0.308,6.46
944,47.925,21,12,36,0.778,0.0,0.357,5.34
945,129.138,34,9,43,0.814,0.714,0.314,5.44
946,-123.001,9,33,47,0.83,0.833,0.256,12.7
947,-9.066,22,24,49,0.898,1.0,0.364,8.32
948,43.098,25,17,46,0.848,0.8,0.308,8.0
949,-45.911,16,25,44,0.773,0.909,0.265,9.9
950,42.506,28,20,53,0.736,0.812,0.256,9.1
951,-87.104,12,29,49,0.837,0.769,0.293,9.9
952,-119.588,14,37,56,0.804,0.8,0.356,11.96
953,67.395,27,14,42,0.786,1.0,0.273,7.96
954,-17.904,20,24,47,0.83,0.909,0.256,10.85
955,67.529,29,16,45,0.889,1.0,0.325,6.18
956,43.237,21,13,34,0.794,1.0,0.333,5.62
957,15.737,20,17,43,0.837,0.8,0.278,10.05
958,-4.675,27,28,57,0.737,0.75,0.262,7.79
959,48.425,22,13,39,0.769,0.75,0.3,9.23
960,-41.28,20,28,52,0.885,0.882,0.326,7.3
961,-54.078,15,26,41,0.854,1.0,0.314,8.06
962,-9.69,19,21,45,0.822,0.909,0.243,10.66
963,6.077,17,16,35,0.829,0.0,0.31,8.27
964,84.959,30,14,45,0.778,1.0,0.286,6.44
965,121.527,26,3,30,0.767,0.0,0.348,4.69
966,-0.877,19,19,41,0.902,0.667,0.324,6.93
967,-10.308,20,22,45,0.889,1.0,0.35,8.53
968,31.462,26,20,48,0.812,0.846,0.308,7.7
969,32.038,20,14,34,0.853,0.667,0.345,6.2
970,41.789,27,19,50,0.82,0.75,0.341,7.46
971,30.667,23,17,43,0.953,1.0,0.268,8.72
972,63.489,26,14,44,0.841,0.667,0.27,6.3
973,47.257,20,11,32,0.781,1.0,0.28,6.76
974,80.149,28,13,43,0.837,0.929,0.278,8.75
975,72.296,29,15,45,0.778,0.667,0.286,7.87
976,-5.878,21,22,46,0.804,1.0,0.297,10.63
977,62.906,27,15,43,0.814,1.0,0.286,9.76
978,113.965,27,5,34,0.853,0.0,0.241,6.84
979,33.657,16,10,26,0.846,1.0,0.273,3.38
980,-30.194,20,26,48,0.875,0.846,0.262,10.7
981,57.065,27,16,46,0.761,0.75,0.257,8.35
982,-20.712,21,25,51,0.765,0.8,0.256,9.57
983,-117.359,16,39,56,0.946,0.9,0.415,11.72
984,-8.523,17,19,41,0.854,1.0,0.343,9.41
985,36.007,20,13,37,0.919,0.5,0.412,7.93
986,30.833,19,13,32,0.906,0.833,0.31,7.38
987,83.904,26,10,38,0.789,1.0,0.333,6.35
988,8.777,24,22,47,0.702,0.833,0.273,11.0
989,-6.251,25,26,55,0.909,1.0,0.28,8.66
990,81.913,31,15,47,0.915,1.0,0.256,6.69
991,-46.853,17,26,49,0.796,0.824,0.308,9.68
992,58.026,26,15,41,0.756,0.0,0.387,6.6
993,68.323,22,9,32,0.781,1.0,0.4,6.17
994,-38.048,19,26,47,0.83,0.875,0.256,8.01
995,16.055,17,14,34,0.794,1.0,0.296,7.22
996,68.414,24,11,36,0.778,0.0,0.286,7.8
997,19.609,24,20,51,0.804,1.0,0.22,10.39
998,32.47,20,14,37,0.892,1.0,0.394,7.64
999,56.169,25,14,39,0.821,1.0,0.281,6.73
1000,16.19,18,15,35,0.914,0.889,0.25,8.42
1001,-6.371,21,22,44,0.864,0.846,0.316,7.12
1002,74.015,27,13,41,0.854,1.0,0.257,5.36
1003,150.726,31,2,34,0.882,0.0,0.3,3.69
1004,36.158,25,18,44,0.727,0.789,0.344,9.54
1005,22.406,22,18,40,0.825,0.923,0.333,9.3
1006,10.518,18,16,36,0.944,0.0,0.265,8.43
1007,117.267,34,11,49,0.796,1.0,0.231,6.64
1008,15.723,21,18,43,0.837,1.0,0.278,9.18
1009,-34.323,19,26,49,0.939,0.938,0.413,12.59
1010,-36.958,20,27,54,0.852,0.762,0.304,7.41
1011,59.617,28,17,47,0.809,0.833,0.316,6.28
1012,76.361,23,8,35,0.857,1.0,0.333,4.65
1013,43.603,23,15,38,0.868,1.0,0.273,7.78
1014,79.227,31,16,49,0.755,0.571,0.297,8.07
1015,29.932,21,15,41,0.78,1.0,0.281,6.59
1016,43.893,24,16,43,0.767,0.667,0.303,6.89
1017,79.867,22,7,31,0.774,0.0,0.292,7.17
1018,23.562,24,19,47,0.787,0.917,0.27,9.0
1019,70.63,28,14,42,0.881,0.75,0.27,6.44
1020,-35.046,15,22,41,0.805,0.833,0.303,9.47
1021,-14.571,15,18,33,0.667,1.0,0.364,6.56
1022,-91.687,18,36,58,0.862,0.733,0.32,8.99
1023,106.443,33,12,47,0.851,0.625,0.3,5.96
1024,42.525,23,15,38,0.737,0.667,0.286,6.01
1025,76.601,27,12,42,0.929,1.0,0.308,5.15
1026,96.896,28,9,40,0.85,1.0,0.235,6.02
1027,4.176,19,18,41,0.878,0.875,0.333,8.14
1028,67.249,23,10,34,0.647,0.0,0.227,5.45
1029,76.007,27,13,41,0.829,1.0,0.265,8.32
1030,18.748,24,20,48,0.875,0.857,0.333,11.24
1031,45.452,23,14,43,0.86,0.9,0.243,10.58
1032,71.795,27,13,42,0.762,0.833,0.312,7.51
1033,66.388,27,14,44,0.727,0.75,0.344,6.34
1034,58.288,25,14,42,0.881,1.0,0.324,7.03
1035,72.248,31,17,49,0.816,1.0,0.25,7.38
1036,57.166,27,16,46,0.87,1.0,0.25,7.44
1037,-3.691,14,15,31,0.839,1.0,0.385,9.06
1038,-10.381,17,19,39,0.897,1.0,0.257,8.53
1039,-62.461,13,25,41,0.707,0.75,0.379,8.87
1040,-6.004,18,19,42,0.69,0.714,0.31,7.84
1041,21.366,19,15,35,0.857,1.0,0.3,7.79
1042,53.298,23,13,36,0.806,1.0,0.345,6.95
1043,-45.099,15,24,42,0.714,0.714,0.233,11.02
1044,-4.037,15,16,31,0.839,1.0,0.308,5.95
1045,-23.16,18,22,46,0.826,1.0,0.289,8.14
1046,58.538,24,13,38,0.842,0.714,0.25,8.22
1047,9.361,25,23,55,0.8,0.88,0.318,8.75
1048,52.606,21,11,38,0.921,0.0,0.343,5.55
1049,43.535,22,14,40,0.9,1.0,0.25,8.06
1050,70.474,29,15,49,0.776,0.667,0.395,6.49
1051,59.809,24,13,39,0.821,0.75,0.281,6.62
1052,97.376,29,10,41,0.854,1.0,0.314,5.46
1053,-29.395,20,26,55,0.855,1.0,0.277,10.09
1054,7.784,21,20,41,0.878,0.75,0.306,5.69
1055,27.468,22,17,45,0.8,0.75,0.278,8.69
1056,-29.699,18,24,44,0.864,0.75,0.237,8.67
1057,13.851,19,17,41,0.878,1.0,0.361,9.53
1058,116.484,26,4,30,0.8,1.0,0.25,4.85
1059,30.66,23,17,44,0.795,0.833,0.286,5.5
1060,26.038,23,18,43,0.907,1.0,0.385,7.56
1061,57.159,17,6,27,0.889,1.0,0.292,5.55
1062,79.276,28,13,42,0.857,1.0,0.25,7.93
1063,-5.402,16,17,40,0.95,0.8,0.316,9.33
1064,63.723,21,9,30,0.933,0.0,0.357,6.45
1065,45.904,30,21,55,0.782,0.75,0.256,7.99
1066,-2.413,15,16,33,0.758,0.5,0.28,6.09
1067,77.214,28,13,41,0.829,0.0,0.235,5.51
1068,102.29,24,4,34,0.794,0.0,0.37,8.01
1069,35.394,20,13,35,0.743,1.0,0.269,8.67
1070,42.994,22,14,36,0.778,0.8,0.357,10.18
1071,-9.76,21,23,45,0.822,0.571,0.297,7.98
1072,-4.688,20,21,43,0.791,0.8,0.265,7.9
1073,-14.718,19,22,43,0.907,0.833,0.256,8.61
1074,21.69,18,14,35,0.771,1.0,0.259,7.97
1075,-23.953,22,27,53,0.925,1.0,0.286,8.85
1076,-29.403,16,22,38,0.711,0.429,0.222,8.07
1077,78.224,24,9,33,0.818,1.0,0.333,5.82
1078,56.047,22,11,37,0.784,1.0,0.276,6.28
1079,88.956,26,9,35,0.886,1.0,0.29,5.25
1080,0.085,16,16,40,0.75,0.571,0.3,7.59
1081,83.368,25,9,36,0.75,1.0,0.259,5.72
1082,36.557,26,19,50,0.9,0.846,0.289,10.12
1083,10.866,24,22,47,0.894,0.857,0.286,7.22
1084,42.038,24,16,42,0.833,1.0,0.257,7.06
1085,-19.861,24,28,55,0.782,0.75,0.279,9.11
1086,55.281,27,16,45,0.889,0.714,0.275,6.56
1087,71.658,25,11,37,0.811,0.857,0.267,7.87
1088,-18.811,21,25,46,0.804,0.933,0.324,7.05
1089,-5.088,19,20,39,0.795,0.75,0.323,5.58
1090,-16.879,16,19,39,0.897,0.0,0.286,8.28
1091,19.166,28,24,54,0.852,0.909,0.239,7.47
1092,10.081,16,14,33,0.788,1.0,0.269,7.93
1093,73.567,23,9,32,0.719,1.0,0.261,4.51
1094,-49.248,20,30,51,0.824,0.667,0.286,7.59
1095,47.43,21,12,37,0.919,1.0,0.265,6.5
1096,0.457,19,19,41,0.854,0.8,0.257,8.23
1097,6.327,20,19,42,0.833,1.0,0.257,7.81
1098,125.904,31,6,37,0.811,1.0,0.367,4.46
1099,94.794,25,7,36,0.861,0.0,0.29,5.05
1100,-41.949,17,25,46,0.87,0.909,0.325,9.47
1101,15.735,19,16,36,0.778,0.875,0.321,6.85
1102,78.674,23,8,36,0.778,0.833,0.25,6.32
1103,-18.989,20,24,45,0.756,0.833,0.265,8.22
1104,60.401,28,16,48,0.812,0.857,0.359,6.54
1105,41.328,26,18,48,0.75,0.833,0.278,7.42
1106,56.814,21,10,33,0.848,0.667,0.321,7.52
1107,40.369,24,16,40,0.925,0.8,0.243,9.13
1108,43.922,23,14,42,0.929,1.0,0.282,6.05
1109,115.267,31,9,42,0.81,0.75,0.294,5.98
1110,94.611,30,12,42,0.833,1.0,0.286,6.42
1111,27.048,24,19,43,0.86,0.857,0.324,7.7
1112,22.305,25,21,48,0.875,1.0,0.286,9.24
1113,150.76,36,6,48,0.792,0.0,0.289,5.09
1114,90.0,29,12,41,0.854,1.0,0.286,6.87
1115,139.589,34,7,44,0.886,0.0,0.333,5.81
1116,10.745,19,17,36,0.889,0.5,0.406,5.61
1117,56.981,21,10,37,0.892,1.0,0.242,6.45
1118,16.516,16,13,34,0.882,0.0,0.233,7.45
1119,-59.222,18,30,53,0.925,0.909,0.306,12.91
1120,-41.316,22,30,55,0.8,0.722,0.295,11.52
1121,70.807,28,14,44,0.864,1.0,0.342,5.78
1122,28.915,20,15,38,0.737,0.833,0.25,6.85
1123,10.65,22,20,44,0.659,0.714,0.276,7.77
1124,71.79,26,12,38,0.868,0.8,0.242,4.87
1125,48.04,26,17,49,0.898,1.0,0.295,8.05
1126,71.811,24,10,38,0.816,1.0,0.323,7.68
1127,96.876,30,11,45,0.778,0.833,0.343,6.75
1128,42.52,26,17,45,0.733,1.0,0.242,4.46
1129,77.863,29,14,46,0.826,0.857,0.289,6.65
1130,24.404,28,23,52,0.865,1.0,0.244,8.99
1131,42.889,19,11,32,0.844,1.0,0.481,5.33
1132,106.188,28,8,42,0.786,0.0,0.273,6.58
1133,16.313,21,18,44,0.818,0.778,0.25,7.96
1134,-13.67,19,22,44,0.841,0.917,0.432,8.58
1135,47.586,25,16,46,0.826,1.0,0.289,6.63
1136,89.342,28,11,39,0.795,1.0,0.323,4.97
1137,92.623,28,10,38,0.763,0.8,0.276,6.96
1138,56.509,27,16,45,0.867,0.895,0.256,9.11
1139,29.19,20,14,43,0.884,0.929,0.316,7.79
1140,25.895,24,19,44,0.818,0.8,0.306,7.0
1141,-4.431,14,15,33,0.788,1.0,0.308,8.35
1142,152.776,31,2,34,0.912,1.0,0.258,5.9
1143,81.089,26,10,39,0.872,1.0,0.265,6.16
1144,80.059,27,12,39,0.692,1.0,0.259,6.36
1145,-22.868,25,29,64,0.891,0.889,0.263,11.03
1146,-76.608,9,24,35,0.8,1.0,0.286,9.57
1147,153.247,34,4,40,0.8,0.0,0.281,3.98
1148,43.026,26,17,49,0.776,0.6,0.342,7.38
1149,91.889,29,11,43,0.791,1.0,0.265,6.44
1150,-14.851,20,23,44,0.864,1.0,0.289,6.89
1151,33.739,29,22,55,0.855,0.875,0.213,9.07
1152,73.284,28,14,43,0.953,1.0,0.268,8.37
1153,-25.547,21,26,49,0.796,1.0,0.385,10.01
1154,31.284,26,20,46,0.848,1.0,0.308,9.44
1155,-8.2,20,22,44,0.773,0.917,0.265,9.18
1156,59.031,26,15,41,0.829,0.833,0.265,6.8
1157,52.987,28,18,47,0.851,0.9,0.3,7.07
1158,17.486,27,24,53,0.906,1.0,0.25,7.92
1159,-28.938,15,21,37,0.73,0.833,0.296,10.92
1160,-24.295,22,27,52,0.923,0.9,0.333,8.28
1161,67.584,25,12,40,0.825,0.5,0.364,5.92
1162,54.21,20,10,32,0.875,1.0,0.286,6.29
1163,87.235,25,8,41,0.854,1.0,0.257,6.55
1164,78.05,29,14,51,0.882,1.0,0.267,7.58
1165,17.762,25,21,47,0.894,1.0,0.262,6.55
1166,48.95,21,12,35,0.771,1.0,0.259,6.67
1167,-31.507,22,28,53,0.736,0.762,0.385,9.64
1168,73.653,25,11,36,0.917,0.0,0.424,5.96
1169,-54.942,20,31,54,0.759,0.643,0.244,11.51
1170,4.601,27,26,56,0.839,0.833,0.298,7.07
1171,165.311,38,6,50,0.9,0.75,0.289,5.46
1172,-30.085,19,25,47,0.787,0.882,0.351,11.04
1173,-39.952,18,26,46,0.804,1.0,0.216,8.42
1174,63.511,27,14,42,0.905,1.0,0.316,4.25
1175,62.955,25,13,42,0.81,0.778,0.294,7.07
1176,0.72,19,19,45,0.822,0.875,0.243,9.24
1177,7.66,23,22,49,0.735,0.778,0.278,8.15
1178,30.875,27,21,50,0.86,0.857,0.233,7.54
1179,23.424,28,23,53,0.792,0.909,0.262,8.53
1180,97.636,30,11,41,0.829,0.667,0.294,6.18
1181,-0.758,16,16,34,0.853,1.0,0.345,7.97
1182,-2.202,19,20,40,0.825,0.875,0.394,8.68
1183,138.548,31,4,37,0.838,1.0,0.258,5.43
1184,-67.102,17,30,53,0.811,0.824,0.233,11.51
1185,82.398,27,11,43,0.93,1.0,0.325,7.53
1186,-54.868,18,29,49,0.857,0.895,0.381,8.65
1187,-21.447,20,24,47,0.809,0.778,0.263,8.96
1188,77.923,24,9,33,0.697,0.714,0.261,6.18
1189,33.823,22,16,40,0.875,0.75,0.371,6.19
1190,25.556,21,16,40,0.825,1.0,0.303,8.29
1191,100.187,27,8,37,0.757,0.667,0.25,5.39
1192,75.448,26,11,38,0.842,1.0,0.312,6.31
1193,-2.87,18,19,39,0.821,0.769,0.281,6.1
1194,21.812,21,17,44,0.818,0.75,0.333,7.33
1195,22.823,19,15,35,0.914,0.0,0.281,8.12
1196,56.523,27,16,49,0.898,1.0,0.364,9.2
1197,5.765,19,18,40,0.9,1.0,0.278,7.53
1198,135.551,28,2,31,0.71,1.0,0.318,4.43
1199,100.423,31,11,44,0.909,0.833,0.275,7.65
1200,-0.926,19,19,40,0.875,1.0,0.257,7.71
1201,-46.495,18,27,46,0.891,0.889,0.293,10.19
1202,104.579,26,6,32,0.875,1.0,0.286,5.24
1203,1.607,16,16,36,0.917,1.0,0.273,9.42
1204,39.259,26,19,47,0.745,0.714,0.343,8.78
1205,22.445,23,19,47,0.787,0.727,0.243,11.32
1206,104.319,26,6,32,0.781,1.0,0.24,4.33
1207,52.087,26,16,42,0.714,1.0,0.267,7.18
1208,48.847,23,13,38,0.868,1.0,0.364,5.82
1209,146.935,32,4,36,0.944,0.0,0.265,5.78
1210,12.888,21,18,49,0.796,0.875,0.385,7.68
1211,52.797,25,15,45,0.778,0.667,0.314,7.56
1212,35.805,25,18,46,0.804,1.0,0.27,9.69
1213,48.633,24,14,39,0.821,1.0,0.312,6.49
1214,34.105,21,14,40,0.85,0.875,0.235,8.41
1215,56.473,28,17,45,0.867,1.0,0.359,5.15
1216,94.784,28,10,38,0.895,0.0,0.353,8.25
1217,-4.579,24,25,55,0.873,0.824,0.292,8.85
1218,94.107,27,9,38,0.921,0.8,0.314,7.4
1219,56.513,28,17,50,0.9,1.0,0.267,6.85
1220,43.48,22,14,38,0.789,0.75,0.367,8.28
1221,-2.895,15,16,31,0.677,1.0,0.286,5.64
1222,-33.731,22,29,54,0.778,0.882,0.286,12.43
1223,-39.268,14,22,37,0.838,0.917,0.355,9.93
1224,-33.032,19,25,47,0.787,0.8,0.351,10.76
1225,-37.444,20,27,51,0.882,0.8,0.267,12.11
1226,121.2,33,9,43,0.814,1.0,0.371,4.78
1227,-3.402,21,22,44,0.841,0.938,0.324,9.64
1228,97.6,26,7,33,0.909,0.857,0.3,6.66
1229,71.987,21,7,32,0.875,1.0,0.321,6.78
1230,74.064,24,10,37,0.757,1.0,0.286,5.72
1231,-34.794,22,29,54,0.852,0.818,0.326,9.6
1232,35.746,22,15,43,0.651,0.875,0.321,6.1
1233,101.16,25,6,32,0.875,0.0,0.321,6.32
1234,62.85,25,13,39,0.846,0.714,0.273,6.73
1235,-55.062,20,31,53,0.83,0.867,0.295,9.4
1236,-3.059,20,21,45,0.933,0.0,0.262,7.45
1237,84.801,28,11,44,0.841,1.0,0.27,4.51
1238,-118.928,10,33,48,0.833,0.889,0.4,9.84
1239,-82.209,13,29,51,0.804,0.818,0.268,10.57
1240,39.842,25,17,43,0.837,1.0,0.278,6.01
1241,-30.788,21,27,50,0.84,0.88,0.286,12.01
1242,25.234,20,15,35,0.743,1.0,0.269,7.6
1243,54.109,26,15,42,0.833,0.833,0.229,5.83
1244,76.151,25,10,37,0.811,0.5,0.3,6.17
1245,66.794,23,10,33,0.818,0.667,0.296,4.66
1246,84.256,24,8,32,0.844,0.0,0.333,6.6
1247,128.495,31,7,38,0.816,1.0,0.29,5.4
1248,-30.752,18,24,46,0.783,0.684,0.25,9.53
1249,73.361,22,8,30,0.867,0.833,0.231,6.99
1250,-66.934,16,29,50,0.84,0.833,0.262,8.84
1251,-20.802,24,28,54,0.87,0.885,0.234,9.68
1252,-34.045,20,27,48,0.833,0.846,0.275,9.45
1253,27.366,19,14,33,0.909,1.0,0.3,7.84
1254,124.906,34,9,45,0.778,1.0,0.343,7.33
1255,29.67,22,16,40,0.85,1.0,0.265,11.65
1256,66.847,29,16,47,0.809,0.0,0.263,5.05
1257,102.787,26,7,33,0.939,0.0,0.226,5.62
1258,108.497,32,11,44,0.909,1.0,0.275,7.11
1259,162.997,35,4,39,0.821,0.0,0.281,3.8
1260,46.502,25,16,42,0.81,0.8,0.294,6.84
1261,97.682,28,9,37,0.784,1.0,0.31,6.51
1262,58.807,28,17,45,0.8,0.75,0.361,8.32
1263,5.74,19,18,41,0.878,0.667,0.278,8.72
1264,86.832,25,8,35,0.743,0.0,0.5,5.76
1265,81.027,25,9,37,0.865,1.0,0.25,5.72
1266,73.581,24,10,37,0.919,0.5,0.441,5.65
1267,64.109,21,9,31,0.935,1.0,0.276,6.46
1268,102.14,28,8,36,0.833,1.0,0.3,4.23
1269,46.91,24,15,39,0.821,1.0,0.375,5.68
1270,110.176,32,11,46,0.804,0.714,0.243,5.16
1271,109.87,29,8,38,0.711,0.667,0.333,6.31
1272,89.422,29,12,41,0.829,0.5,0.294,6.98
1273,120.499,32,9,41,0.829,1.0,0.353,6.15
1274,37.109,25,18,47,0.872,0.75,0.268,8.53
1275,-2.796,19,20,40,0.8,0.6,0.281,8.81
1276,26.452,21,16,41,0.902,1.0,0.324,7.74
1277,31.175,25,19,47,0.809,0.778,0.368,5.89
1278,61.199,31,19,50,0.82,0.727,0.293,8.16
1279,90.023,31,13,46,0.848,0.667,0.308,6.21
1280,20.545,22,18,43,0.837,1.0,0.306,8.43
1281,-59.563,20,32,54,0.944,0.875,0.275,9.09
1282,16.688,18,15,36,0.833,0.857,0.3,7.15
1283,0.19,21,21,45,0.889,0.909,0.325,8.44
1284,118.989,28,5,36,0.778,0.0,0.321,5.13
1285,58.521,25,14,43,0.814,0.875,0.343,6.9
1286,39.703,27,19,49,0.878,1.0,0.349,5.57
1287,95.757,30,11,43,0.814,0.5,0.314,6.58
1288,-21.832,14,18,36,0.833,0.875,0.3,8.45
1289,97.994,28,9,37,0.649,0.857,0.333,5.22
1290,4.894,18,17,44,0.841,0.846,0.324,9.53
1291,9.855,25,23,51,0.765,0.684,0.231,9.86
1292,78.17,28,13,41,0.829,0.75,0.294,7.83
1293,9.614,20,18,41,0.707,0.75,0.345,8.87
1294,68.208,25,12,44,0.955,1.0,0.31,8.29
1295,120.61,26,3,29,0.793,0.0,0.348,3.67
1296,20.963,24,20,45,0.867,0.812,0.359,9.09
1297,44.005,21,12,40,0.775,1.0,0.29,6.22
1298,86.981,26,9,37,0.892,1.0,0.394,5.64
1299,83.572,24,8,34,0.941,1.0,0.281,5.16
1300,31.232,22,16,41,0.732,1.0,0.333,6.46
1301,-24.452,25,30,58,0.879,0.889,0.333,9.85
1302,80.629,26,10,43,0.814,0.0,0.257,6.18
1303,50.859,23,13,43,0.837,1.0,0.306,7.75
1304,44.562,28,19,48,0.854,0.833,0.268,7.05
1305,-15.482,14,17,35,0.914,1.0,0.312,9.27
1306,0.262,23,23,46,0.913,0.889,0.31,7.68
1307,-49.455,13,23,40,0.875,1.0,0.343,8.46
1308,100.891,30,10,42,0.786,0.667,0.394,5.44
1309,76.39,29,14,46,0.87,1.0,0.275,6.93
1310,51.548,25,15,42,0.857,1.0,0.25,8.43
1311,-61.644,14,26,46,0.87,1.0,0.3,9.45
1312,56.931,32,21,56,0.875,0.909,0.327,8.93
1313,79.251,23,8,31,0.839,1.0,0.346,8.35
1314,54.24,25,14,42,0.738,0.833,0.29,7.52
1315,84.037,23,7,30,0.733,0.0,0.318,5.08
1316,28.37,19,14,36,0.944,1.0,0.265,7.11
1317,16.606,18,15,36,0.889,1.0,0.438,7.12
1318,119.449,29,6,36,0.889,1.0,0.344,5.55
1319,-29.348,20,26,54,0.833,0.778,0.222,7.88
1320,48.552,30,20,53,0.906,0.905,0.25,7.96
1321,34.637,20,13,34,0.853,1.0,0.241,6.29
1322,142.682,34,6,43,0.814,0.0,0.4,4.92
1323,31.546,21,15,39,0.923,0.8,0.25,10.27
1324,42.145,20,12,35,0.857,0.833,0.433,8.06
1325,70.446,25,11,39,0.872,1.0,0.324,4.95
1326,45.746,24,15,41,0.805,0.667,0.242,8.96
1327,35.759,23,16,40,0.875,1.0,0.229,7.97
1328,-62.916,20,32,57,0.807,0.913,0.304,11.61
1329,5.437,21,20,43,0.86,1.0,0.351,9.2
1330,16.968,23,20,47,0.83,0.667,0.308,7.03
1331,-40.647,17,25,45,0.889,1.0,0.25,9.25
1332,63.068,23,11,39,0.872,0.0,0.294,4.37
1333,32.982,25,19,45,0.822,0.9,0.27,7.11
1334,104.872,26,5,32,0.75,0.0,0.292,3.23
1335,93.281,27,9,36,0.861,1.0,0.387,5.53
1336,-15.025,19,22,41,0.805,1.0,0.273,7.42
1337,110.265,30,9,41,0.805,1.0,0.364,5.01
1338,51.261,26,16,44,0.955,1.0,0.333,7.19
1339,66.734,23,10,34,0.824,1.0,0.25,4.59
1340,101.661,30,10,43,0.837,1.0,0.306,7.98
1341,60.174,25,14,39,0.846,1.0,0.303,7.36
1342,56.494,26,15,41,0.854,1.0,0.286,7.71
1343,140.732,31,4,35,0.829,1.0,0.345,4.52
1344,98.372,27,8,38,0.789,0.0,0.267,6.13
1345,-36.512,16,23,42,0.952,1.0,0.275,9.02
1346,-42.985,20,28,49,0.878,0.778,0.256,11.27
1347,15.381,27,24,56,0.821,0.667,0.283,9.19
1348,110.817,27,6,38,0.816,1.0,0.258,6.27
1349,38.653,21,14,35,0.8,1.0,0.25,7.86
1350,60.703,27,15,46,0.87,0.857,0.225,7.62
1351,47.094,25,16,44,0.864,0.9,0.263,8.25
1352,1.789,18,18,38,0.842,0.75,0.469,8.46
1353,41.08,25,17,42,0.857,0.882,0.306,9.27
1354,24.991,23,18,45,0.911,0.875,0.317,7.69
1355,43.837,23,15,40,0.8,1.0,0.344,7.78
1356,89.401,28,11,42,0.762,1.0,0.25,8.06
1357,33.782,23,17,41,0.902,0.75,0.297,8.06
1358,46.814,17,8,30,0.9,1.0,0.296,6.61
1359,51.733,23,13,39,0.795,1.0,0.29,7.99
1360,12.329,23,21,46,0.87,1.0,0.325,8.96
1361,-66.408,11,24,45,0.911,0.818,0.39,11.13
1362,-38.862,19,27,49,0.796,1.0,0.231,8.47
1363,40.235,21,13,38,0.947,1.0,0.278,5.15
1364,-49.818,15,25,41,0.878,0.909,0.333,10.73
1365,79.369,23,7,35,0.8,0.0,0.393,6.42
1366,111.689,33,11,47,0.894,1.0,0.333,7.76
1367,66.437,26,13,41,0.878,1.0,0.306,6.46
1368,41.051,23,15,38,0.842,0.75,0.344,6.7
1369,16.227,17,14,33,0.848,0.667,0.286,7.54
1370,9.467,24,22,53,0.811,0.7,0.279,10.09
1371,77.836,28,13,44,0.841,1.0,0.243,6.38
1372,35.756,23,16,40,0.725,0.8,0.31,9.73
1373,19.586,23,19,43,0.767,1.0,0.303,8.21
1374,38.369,17,10,29,0.897,1.0,0.269,7.65
1375,37.848,24,17,42,0.857,1.0,0.333,6.53
1376,108.677,31,10,47,0.936,0.0,0.318,5.44
1377,-15.025,22,25,53,0.83,1.0,0.25,9.77
1378,-15.631,22,25,52,0.788,0.833,0.244,9.3
1379,30.408,19,13,33,0.758,0.0,0.24,5.77
1380,-50.789,19,29,52,0.885,0.8,0.304,9.44
1381,22.174,27,23,52,0.75,0.857,0.282,9.7
1382,-7.56,19,20,43,0.791,1.0,0.324,7.88
1383,63.048,26,14,40,0.85,1.0,0.265,7.81
1384,-107.415,9,30,42,0.833,0.667,0.314,13.65
1385,74.124,27,13,42,0.786,0.857,0.242,6.77
1386,94.437,27,9,36,0.806,0.75,0.276,4.12
1387,-0.238,20,20,48,0.938,1.0,0.378,8.58
1388,44.134,22,13,38,0.737,1.0,0.357,4.58
1389,82.955,27,11,38,0.842,1.0,0.25,6.63
1390,-63.205,20,32,57,0.877,0.917,0.32,8.85
1391,-12.504,18,21,44,0.864,1.0,0.263,8.25
1392,111.029,32,10,45,0.733,0.5,0.212,7.34
1393,-18.258,21,25,49,0.837,0.778,0.317,9.33
1394,108.663,29,8,40,0.725,1.0,0.345,6.55
1395,77.902,25,10,36,0.806,1.0,0.379,6.6
1396,55.694,25,14,42,0.738,0.625,0.387,7.04
1397,-15.914,20,23,49,0.796,0.786,0.308,10.73
1398,0.472,23,23,48,0.833,1.0,0.375,8.9
1399,-4.624,22,23,47,0.915,1.0,0.233,6.3
1400,116.737,30,7,38,0.816,0.0,0.452,3.62
1401,-20.196,22,26,49,0.857,0.769,0.238,9.13
1402,91.106,27,9,39,0.897,1.0,0.286,6.3
1403,10.997,11,9,27,0.852,1.0,0.304,5.72
1404,-0.736,17,17,40,0.8,0.857,0.375,9.99
1405,95.841,26,8,34,0.882,0.0,0.3,4.65
1406,66.808,28,15,45,0.8,1.0,0.306,6.46
1407,-124.755,6,30,43,0.907,0.941,0.282,9.33
1408,-70.966,17,30,50,0.86,0.917,0.256,9.54
1409,9.521,20,18,43,0.86,0.857,0.27,9.23
1410,82.079,25,9,38,0.921,1.0,0.371,6.27
1411,27.368,26,21,52,0.885,1.0,0.283,9.03
1412,82.646,32,16,50,0.9,1.0,0.267,7.81
1413,-17.556,21,24,51,0.922,0.889,0.298,8.17
1414,11.575,23,21,45,0.822,1.0,0.297,9.38
1415,117.553,32,9,42,0.929,1.0,0.256,4.25
1416,64.283,25,13,38,0.763,1.0,0.31,8.05
1417,-4.824,22,23,48,0.833,0.833,0.325,7.37
1418,53.099,22,12,36,0.889,0.0,0.438,5.85
1419,3.678,26,25,52,0.731,0.846,0.289,7.03
1420,94.233,25,7,34,0.882,1.0,0.333,5.61
1421,-45.682,17,26,47,0.851,0.875,0.25,12.9
1422,128.36,36,11,52,0.827,0.667,0.326,10.76
1423,126.019,34,10,47,0.851,1.0,0.325,6.12
1424,7.935,18,17,39,0.795,0.75,0.323,6.4
1425,67.583,24,11,41,0.902,1.0,0.297,7.66
1426,54.188,22,12,34,0.853,0.0,0.345,7.08
1427,75.071,27,12,47,0.851,0.833,0.375,6.78
1428,12.373,24,22,48,0.812,0.846,0.333,7.57
1429,69.804,28,14,43,0.837,1.0,0.333,6.4
1430,65.91,26,13,40,0.85,1.0,0.324,5.77
1431,94.904,26,8,40,0.85,1.0,0.265,7.32
1432,36.754,25,18,46,0.804,1.0,0.324,7.78
1433,31.925,18,12,34,0.824,0.5,0.321,6.79
1434,73.711,30,16,47,0.915,1.0,0.302,7.39
1435,-10.325,20,22,47,0.851,1.0,0.35,7.59
1436,-36.992,16,23,47,0.851,0.875,0.35,11.26
1437,93.231,31,13,47,0.872,1.0,0.293,6.54
1438,-12.49,16,18,36,0.833,0.889,0.433,7.8
1439,134.661,34,7,43,0.86,0.0,0.297,3.75
1440,136.721,31,5,38,0.842,0.0,0.281,4.81
1441,4.543,25,24,55,0.818,0.857,0.333,8.84
1442,-98.356,12,31,46,0.848,0.867,0.231,10.76
1443,113.834,32,10,42,0.762,1.0,0.25,6.69
1444,81.097,26,10,41,0.683,0.5,0.286,7.15
1445,38.453,20,13,34,0.912,1.0,0.323,5.48
1446,114.139,30,8,39,0.872,0.0,0.265,4.4
1447,-69.733,17,31,52,0.75,0.667,0.256,11.1
1448,78.196,27,12,40,0.925,0.0,0.27,5.55
1449,88.222,31,14,46,0.848,1.0,0.333,6.46
1450,1.014,21,21,44,0.864,0.714,0.5,7.21
1451,43.09,17,9,26,0.808,1.0,0.286,5.24
1452,-97.543,12,31,50,0.92,1.0,0.283,13.67
1453,-97.596,16,35,61,0.885,0.909,0.259,12.39
1454,82.875,30,14,47,0.787,1.0,0.324,6.93
1455,17.814,23,20,44,0.75,0.778,0.273,8.8
1456,84.044,28,12,42,0.786,1.0,0.273,6.89
1457,-6.738,22,23,50,0.86,0.917,0.372,8.87
1458,-42.074,14,22,39,0.795,0.8,0.419,8.59
1459,40.988,26,18,55,0.873,0.923,0.333,9.85
1460,-9.861,15,17,35,0.857,0.667,0.233,9.1
1461,-3.414,20,21,41,0.854,0.667,0.286,8.24
1462,55.864,28,17,45,0.867,0.875,0.359,7.67
1463,99.148,28,9,37,0.892,0.833,0.333,6.27
1464,61.266,27,15,49,0.735,0.8,0.278,7.49
1465,9.128,24,22,52,0.808,0.867,0.238,10.33
1466,-50.854,22,32,55,0.909,1.0,0.26,9.43
1467,-36.714,20,27,50,0.74,0.615,0.297,13.23
1468,73.504,25,11,39,0.795,0.667,0.419,10.01
1469,30.713,21,15,37,0.838,0.5,0.355,5.7
1470,6.091,18,17,39,0.872,1.0,0.265,8.29
1471,58.023,25,14,44,0.795,0.857,0.314,6.29
1472,-15.772,18,21,47,0.872,0.857,0.341,13.12
1473,-9.586,17,19,43,0.86,1.0,0.243,11.59
1474,18.807,25,21,46,0.891,1.0,0.244,7.65
1475,22.175,26,22,50,0.9,1.0,0.4,9.15
1476,-23.031,20,24,52,0.846,1.0,0.295,8.63
1477,36.826,21,14,36,0.861,1.0,0.323,5.77
1478,77.385,20,5,27,0.741,1.0,0.35,4.51
1479,-15.447,23,26,50,0.84,0.875,0.333,9.39
1480,100.713,23,4,27,0.704,0.0,0.316,4.78
1481,98.398,32,12,45,0.778,0.8,0.4,7.18
1482,66.013,24,11,38,0.684,0.167,0.462,7.66
1483,67.87,29,16,50,0.86,1.0,0.302,7.37
1484,4.045,20,19,46,0.761,1.0,0.257,8.34
1485,67.997,25,12,37,0.865,1.0,0.281,9.15
1486,6.575,24,22,52,0.808,0.824,0.286,8.53
1487,120.712,25,2,27,0.778,1.0,0.286,4.21
1488,-22.96,15,19,41,0.732,0.571,0.267,7.67
1489,25.469,18,13,33,0.818,0.0,0.333,7.71
1490,38.026,25,18,44,0.886,1.0,0.256,8.74
1491,20.302,26,22,48,0.896,0.917,0.395,8.13
1492,48.866,27,17,44,0.818,0.818,0.333,6.06
1493,104.432,29,9,44,0.818,1.0,0.5,7.22
1494,39.658,23,15,39,0.897,1.0,0.314,8.63
1495,136.989,33,6,41,0.78,0.5,0.344,6.11
1496,40.07,22,14,39,0.795,0.75,0.258,5.74
1497,103.01,33,13,46,0.891,1.0,0.268,7.85
1498,57.328,25,14,42,0.762,0.875,0.281,7.74
1499,89.729,31,13,47,0.83,0.7,0.256,6.04
1500,-88.981,19,36,60,0.733,0.909,0.318,12.59
