"# dyn mode=unfixed d=0 [1,3] route_mask=free lam_hot=0.60 ch=3 seed=10 eps=1500 ue=25"
episode,reward,success,fail,arrived,route_rate,cond_route_rate,top_share,load_std
1,26.387,23,18,43,0.884,1.0,0.263,6.67
2,-37.021,20,27,50,0.86,0.786,0.279,7.26
3,-26.746,24,29,60,0.783,0.824,0.255,9.0
4,-51.61,16,26,45,0.733,0.429,0.303,10.56
5,52.258,28,18,48,0.833,1.0,0.375,9.22
6,-41.008,13,21,35,0.829,0.75,0.379,12.21
7,-150.632,4,33,41,0.902,0.857,0.216,9.54
8,1.622,21,21,46,0.804,0.9,0.324,8.95
9,15.019,22,19,45,0.8,0.6,0.25,7.22
10,44.433,23,14,40,0.775,0.667,0.29,8.63
11,-73.204,12,26,44,0.705,0.583,0.258,12.67
12,-35.167,16,23,43,0.907,0.667,0.333,10.61
13,-5.778,16,17,34,0.853,0.667,0.241,6.47
14,-25.655,15,20,35,0.6,0.545,0.333,8.77
15,2.39,21,20,45,0.756,0.75,0.324,8.28
16,40.046,20,12,33,0.758,1.0,0.28,7.91
17,37.529,21,14,36,0.917,0.0,0.333,5.88
18,-18.825,17,21,40,0.775,0.778,0.323,10.96
19,-25.466,16,21,40,0.65,0.375,0.308,8.85
20,-33.02,18,24,47,0.787,0.75,0.297,10.79
21,-88.118,11,28,41,0.854,0.8,0.286,9.67
22,-6.049,21,22,44,0.727,0.556,0.312,9.83
23,10.498,17,15,39,0.821,0.889,0.312,10.34
24,86.041,28,11,42,0.81,0.875,0.294,5.86
25,-62.936,10,22,34,0.794,1.0,0.259,10.12
26,0.539,19,19,39,0.769,0.769,0.3,10.16
27,36.168,24,17,45,0.756,0.75,0.265,8.6
28,-52.23,11,21,37,0.784,0.818,0.31,9.76
29,29.01,16,10,27,0.926,1.0,0.32,4.93
30,10.316,17,15,35,0.886,0.833,0.258,10.55
31,-24.666,17,22,40,0.8,0.833,0.281,10.18
32,-37.791,23,30,61,0.902,0.903,0.255,15.46
33,15.885,11,8,25,0.88,0.0,0.318,6.19
34,-37.125,15,22,39,0.872,0.8,0.235,9.41
35,-58.469,17,28,49,0.837,0.556,0.317,14.7
36,19.003,19,15,34,0.647,1.0,0.318,6.86
37,9.601,21,19,46,0.761,0.6,0.314,10.73
38,-11.091,19,21,48,0.833,0.8,0.25,10.41
39,72.206,22,8,34,0.706,1.0,0.375,4.72
40,5.268,19,18,43,0.744,0.75,0.281,7.15
41,-26.003,24,29,56,0.768,0.667,0.256,10.54
42,-84.897,15,31,52,0.731,0.85,0.342,8.82
43,-16.729,18,21,39,0.795,0.818,0.258,9.96
44,-40.413,19,27,49,0.857,0.875,0.262,10.91
45,3.963,19,18,38,0.868,1.0,0.303,7.45
46,-68.941,9,22,36,0.806,0.857,0.379,9.59
47,41.189,24,16,45,0.889,0.889,0.3,7.42
48,-68.677,18,31,55,0.855,0.9,0.255,9.77
49,10.584,15,13,31,0.839,1.0,0.308,8.64
50,36.648,21,14,40,0.85,0.8,0.382,6.61
51,18.838,23,19,48,0.833,0.667,0.275,9.84
52,-25.093,17,22,40,0.825,0.875,0.273,10.24
53,-5.431,16,17,36,0.778,1.0,0.321,8.08
54,-106.449,13,34,52,0.808,0.75,0.452,11.8
55,81.518,28,12,44,0.773,0.833,0.265,7.76
56,-57.777,12,23,43,0.907,0.9,0.308,12.96
57,100.139,29,10,42,0.857,1.0,0.278,6.72
58,-12.565,19,21,45,0.867,0.909,0.333,11.69
59,-73.037,22,36,63,0.81,0.76,0.294,9.91
60,-43.929,19,27,49,0.837,0.846,0.293,10.22
61,24.58,24,19,44,0.795,1.0,0.257,7.92
62,-50.199,16,26,44,0.841,0.75,0.297,11.15
63,-20.274,19,23,44,0.795,0.889,0.343,11.25
64,-14.141,20,22,47,0.936,0.778,0.295,9.18
65,61.853,27,15,45,0.8,1.0,0.25,6.89
66,-11.318,21,23,48,0.854,1.0,0.268,9.72
67,-38.639,18,25,48,0.792,0.769,0.342,12.98
68,-10.796,17,19,45,0.867,0.75,0.282,11.24
69,29.823,19,13,36,0.806,0.833,0.345,6.67
70,-85.556,18,34,56,0.643,0.474,0.389,14.05
71,6.564,15,14,30,0.933,1.0,0.25,6.08
72,-96.971,16,35,53,0.792,0.765,0.262,10.66
73,-11.173,22,24,48,0.917,1.0,0.318,7.48
74,-19.107,16,20,37,0.811,1.0,0.3,7.02
75,-46.189,17,26,45,0.844,0.818,0.289,8.7
76,-0.292,21,21,44,0.727,0.625,0.281,8.64
77,-0.962,24,24,50,0.84,0.833,0.357,12.61
78,-51.424,15,25,41,0.732,1.0,0.267,9.37
79,15.048,25,22,47,0.787,0.846,0.405,5.61
80,23.731,26,21,49,0.776,0.737,0.263,9.75
81,-75.05,13,28,43,0.814,1.0,0.286,13.43
82,3.201,18,17,38,0.921,1.0,0.286,10.1
83,-17.031,22,25,50,0.82,0.833,0.293,11.37
84,-6.7,16,17,38,0.868,0.75,0.333,7.44
85,-97.569,10,29,41,0.78,0.714,0.344,8.56
86,14.474,17,14,36,0.833,0.667,0.267,10.29
87,5.874,19,18,39,0.795,0.75,0.355,9.08
88,0.949,23,22,48,0.729,0.647,0.286,8.4
89,-23.489,19,23,49,0.857,0.636,0.262,8.19
90,5.579,15,14,35,0.771,0.75,0.259,8.32
91,-5.218,20,21,48,0.896,0.857,0.279,12.04
92,-57.365,17,28,49,0.755,0.714,0.297,11.46
93,-119.283,14,37,56,0.839,0.833,0.362,11.7
94,-26.457,19,24,45,0.822,0.895,0.27,10.05
95,-1.113,16,16,36,0.833,0.833,0.333,8.2
96,-51.288,13,23,39,0.821,0.833,0.344,8.0
97,45.712,24,15,41,0.732,0.727,0.333,10.46
98,-11.635,20,22,47,0.766,0.714,0.306,9.49
99,119.235,30,7,37,0.811,0.5,0.233,4.58
100,-91.361,15,33,49,0.694,0.6,0.441,11.59
101,-5.972,20,21,41,0.756,0.692,0.29,10.13
102,16.901,18,15,39,0.718,0.636,0.214,8.46
103,10.239,18,16,36,0.75,0.636,0.333,9.42
104,57.023,20,9,34,0.735,0.833,0.28,7.82
105,5.531,17,16,33,0.697,0.0,0.348,6.75
106,14.476,20,17,37,0.703,0.333,0.346,9.5
107,-25.059,18,23,43,0.837,0.867,0.306,10.69
108,-11.154,22,24,47,0.809,0.714,0.289,8.58
109,44.59,20,11,37,0.703,0.667,0.308,7.78
110,-56.342,14,25,39,0.744,0.667,0.379,8.15
111,-1.501,18,18,40,0.775,0.8,0.29,9.29
112,-17.231,22,25,49,0.816,0.857,0.275,8.99
113,26.001,23,18,45,0.867,0.75,0.256,5.94
114,40.231,20,12,33,0.818,0.667,0.259,5.69
115,-42.532,17,25,45,0.8,0.8,0.278,7.36
116,61.273,17,5,24,0.833,0.0,0.2,3.36
117,4.931,19,18,41,0.805,0.75,0.303,7.82
118,86.322,28,11,41,0.756,1.0,0.29,6.83
119,-5.605,20,21,46,0.848,1.0,0.282,8.76
120,-93.666,13,31,45,0.844,0.769,0.263,9.98
121,5.967,19,18,39,0.821,0.667,0.281,7.63
122,-57.337,14,25,41,0.829,1.0,0.324,7.91
123,20.167,20,16,37,0.811,0.875,0.333,9.91
124,-11.965,18,20,46,0.848,0.769,0.282,8.17
125,9.001,23,21,51,0.882,0.929,0.267,14.02
126,-45.7,13,22,37,0.919,1.0,0.265,7.57
127,-99.875,13,33,46,0.848,0.778,0.256,9.64
128,13.043,19,16,38,0.789,0.6,0.333,8.04
129,-31.101,18,24,48,0.812,0.769,0.308,13.36
130,-54.545,15,26,42,0.857,0.833,0.306,8.69
131,-44.448,17,26,48,0.833,0.929,0.225,11.27
132,34.958,22,15,39,0.846,0.857,0.242,11.65
133,9.677,23,21,47,0.894,1.0,0.238,7.85
134,-40.74,18,26,45,0.822,1.0,0.27,8.08
135,-4.275,17,18,38,0.921,1.0,0.286,7.03
136,-34.602,14,21,37,0.892,0.857,0.333,6.87
137,-46.142,10,19,32,0.781,0.75,0.4,9.75
138,-97.873,11,30,41,0.829,0.882,0.265,11.46
139,-52.835,14,24,43,0.791,0.714,0.294,12.86
140,15.864,19,16,36,0.833,0.75,0.267,7.56
141,67.415,29,16,46,0.696,0.667,0.312,6.95
142,-77.874,12,27,41,0.878,0.667,0.333,9.19
143,-2.173,24,24,50,0.88,0.846,0.295,12.53
144,91.29,30,13,44,0.841,0.333,0.297,6.29
145,-30.384,18,24,48,0.812,0.833,0.359,10.69
146,-71.476,11,25,42,0.762,0.833,0.281,10.42
147,-44.39,18,26,47,0.745,0.737,0.343,10.45
148,11.225,16,14,31,0.839,1.0,0.308,7.56
149,31.968,22,16,39,0.821,0.857,0.375,5.61
150,-70.661,10,24,36,0.889,1.0,0.312,9.88
151,-97.864,15,34,54,0.87,0.933,0.277,13.4
152,3.498,19,18,39,0.846,0.75,0.273,11.06
153,-2.511,21,21,44,0.727,0.875,0.312,6.42
154,-26.176,15,20,36,0.806,0.857,0.276,6.68
155,30.564,16,10,27,0.741,0.0,0.25,8.02
156,19.92,25,21,50,0.86,0.786,0.326,9.31
157,-56.476,12,23,37,0.838,0.0,0.258,8.26
158,-68.404,14,27,45,0.844,0.8,0.237,11.91
159,-14.086,15,18,35,0.829,1.0,0.31,7.17
160,-35.458,17,24,43,0.837,0.75,0.306,8.01
161,33.199,25,18,46,0.804,0.667,0.243,7.65
162,-110.934,11,33,47,0.787,1.0,0.297,10.95
163,30.022,18,12,34,0.706,0.8,0.292,6.72
164,41.182,20,12,32,0.781,0.333,0.28,7.16
165,-19.374,18,22,44,0.909,1.0,0.325,9.22
166,35.861,24,17,43,0.884,0.857,0.316,10.35
167,14.911,21,18,45,0.889,1.0,0.3,9.44
168,41.033,24,16,45,0.8,0.857,0.222,10.04
169,39.192,23,15,42,0.857,0.857,0.333,7.35
170,-40.357,16,24,42,0.81,0.636,0.265,8.63
171,-15.997,16,19,36,0.889,1.0,0.344,9.57
172,40.536,23,15,41,0.854,1.0,0.286,8.25
173,59.649,21,9,30,0.9,0.5,0.296,5.95
174,78.469,25,10,38,0.842,0.0,0.281,6.71
175,5.446,22,21,46,0.87,1.0,0.3,8.01
176,-123.425,10,34,48,0.792,1.0,0.237,10.5
177,-7.519,22,23,51,0.843,0.9,0.326,8.47
178,-25.088,14,19,38,0.895,1.0,0.265,8.94
179,-21.457,14,18,32,0.75,1.0,0.25,7.83
180,-9.329,17,19,36,0.861,0.778,0.29,8.23
181,-87.671,13,30,45,0.778,0.727,0.229,10.31
182,15.028,24,21,48,0.812,0.625,0.385,8.43
183,-15.915,16,19,36,0.861,0.833,0.29,7.74
184,56.282,28,16,46,0.848,1.0,0.333,5.82
185,-45.121,15,24,41,0.878,0.833,0.25,11.7
186,-26.31,19,24,43,0.791,0.765,0.324,9.59
187,57.004,19,8,27,0.741,0.0,0.25,5.49
188,62.29,31,18,54,0.852,0.857,0.283,7.39
189,40.188,19,11,34,0.912,1.0,0.29,8.28
190,-48.584,18,27,50,0.84,0.909,0.262,7.56
191,3.253,19,18,39,0.744,0.4,0.31,9.46
192,-27.013,21,26,49,0.837,0.7,0.244,11.08
193,-32.919,16,22,41,0.902,1.0,0.297,7.71
194,72.873,23,9,33,0.879,1.0,0.31,7.64
195,14.297,21,18,43,0.837,1.0,0.306,8.05
196,-22.843,20,24,49,0.714,0.76,0.257,9.53
197,20.997,22,18,40,0.775,0.75,0.258,7.9
198,31.077,26,20,49,0.796,1.0,0.282,9.88
199,-14.782,22,24,48,0.812,0.667,0.308,8.26
200,-31.313,14,20,35,0.886,0.889,0.258,10.16
201,-77.611,10,25,41,0.878,0.6,0.25,8.22
202,-15.603,18,21,45,0.889,1.0,0.275,7.99
203,54.972,24,13,43,0.721,0.0,0.323,6.09
204,72.387,24,10,37,0.757,1.0,0.321,4.68
205,-62.331,13,25,41,0.805,0.909,0.273,5.94
206,10.529,27,25,54,0.87,0.917,0.234,9.58
207,12.928,19,17,39,0.744,0.857,0.276,6.14
208,15.358,18,15,35,0.886,1.0,0.355,5.54
209,34.901,26,19,48,0.833,0.818,0.3,9.41
210,-3.43,23,23,50,0.74,0.778,0.324,9.67
211,42.066,27,19,49,0.837,0.9,0.244,9.06
212,-45.411,13,22,37,0.892,1.0,0.242,9.19
213,9.655,21,19,41,0.756,1.0,0.29,9.64
214,-13.588,15,18,39,0.846,1.0,0.242,7.6
215,-46.877,16,25,45,0.756,0.833,0.294,8.44
216,61.181,21,9,34,0.765,0.0,0.231,8.64
217,-16.425,17,20,42,0.881,0.8,0.297,10.04
218,-36.006,17,24,45,0.8,0.8,0.361,12.09
219,49.858,26,16,45,0.844,0.75,0.342,6.99
220,-40.563,13,21,34,0.794,0.667,0.296,7.39
221,40.486,19,11,34,0.912,0.667,0.29,8.63
222,-21.956,22,26,48,0.729,0.778,0.286,9.88
223,-92.61,10,28,41,0.927,1.0,0.263,10.82
224,-46.516,21,30,52,0.808,0.833,0.286,12.7
225,73.229,25,10,39,0.821,1.0,0.25,5.31
226,56.043,20,9,30,0.833,0.5,0.28,7.49
227,-56.504,17,28,46,0.783,0.643,0.25,9.48
228,-63.521,17,29,51,0.863,1.0,0.25,10.67
229,48.71,22,12,37,0.73,0.5,0.296,8.36
230,-20.873,19,23,47,0.809,1.0,0.289,8.93
231,-50.859,20,30,54,0.796,0.917,0.256,11.43
232,-0.217,18,18,43,0.791,0.857,0.353,7.76
233,-60.955,13,25,38,0.684,0.625,0.308,9.85
234,-5.004,22,23,47,0.851,1.0,0.3,7.41
235,-15.884,14,17,38,0.947,1.0,0.333,11.52
236,5.089,16,15,34,0.912,0.5,0.29,10.45
237,-52.757,21,31,52,0.731,0.783,0.289,10.47
238,-39.867,17,25,46,0.913,0.9,0.262,9.17
239,-41.729,17,25,46,0.826,0.812,0.316,8.5
240,0.074,17,17,37,0.892,1.0,0.303,6.8
241,20.107,17,13,34,0.765,0.5,0.269,7.2
242,-25.203,18,23,44,0.841,0.667,0.27,7.27
243,4.837,22,21,45,0.733,0.714,0.303,8.06
244,43.527,22,14,37,0.757,0.667,0.286,6.44
245,36.338,22,15,41,0.829,1.0,0.265,8.14
246,-87.327,13,30,47,0.872,0.571,0.317,11.66
247,53.174,29,18,49,0.857,0.8,0.262,8.44
248,14.764,23,20,46,0.804,0.778,0.243,9.46
249,-10.761,18,20,40,0.825,0.75,0.242,14.12
250,16.498,22,19,43,0.953,1.0,0.293,9.9
251,-35.502,20,27,49,0.857,0.857,0.286,12.31
252,0.699,20,20,43,0.837,0.7,0.278,7.68
253,21.71,25,21,49,0.837,0.625,0.293,9.72
254,-46.926,15,24,43,0.721,0.692,0.323,12.78
255,-55.99,16,27,46,0.783,0.8,0.25,11.68
256,-47.339,15,24,40,0.825,0.833,0.273,8.98
257,19.021,21,17,41,0.78,0.5,0.312,9.13
258,-16.587,16,19,38,0.842,0.6,0.281,10.56
259,-40.713,20,28,53,0.83,0.882,0.273,13.32
260,54.272,24,13,38,0.842,1.0,0.281,4.04
261,26.03,14,9,23,0.87,0.0,0.25,5.67
262,55.683,25,14,42,0.81,0.75,0.294,8.88
263,45.833,21,12,38,0.789,0.75,0.3,8.39
264,28.757,26,20,49,0.816,1.0,0.25,8.67
265,60.856,25,13,41,0.78,0.75,0.375,8.1
266,-51.683,18,28,52,0.885,1.0,0.261,10.32
267,14.213,17,14,34,0.824,1.0,0.286,5.85
268,0.764,20,20,45,0.756,0.833,0.294,9.34
269,36.539,27,20,48,0.833,0.909,0.275,9.67
270,-51.416,16,26,49,0.816,0.833,0.225,9.0
271,60.875,28,16,45,0.8,1.0,0.25,7.28
272,-53.401,19,29,53,0.83,0.714,0.273,8.39
273,-12.037,23,25,48,0.771,0.8,0.324,6.95
274,28.455,20,14,37,0.811,0.875,0.267,7.28
275,36.706,21,14,37,0.865,1.0,0.25,9.1
276,-9.273,21,23,49,0.776,0.9,0.289,10.24
277,23.829,24,19,43,0.791,0.875,0.353,7.82
278,74.909,27,12,42,0.786,0.0,0.273,7.23
279,9.326,21,19,42,0.81,0.818,0.265,6.91
280,25.765,15,10,29,0.862,1.0,0.28,6.42
281,-40.355,16,24,44,0.818,0.833,0.278,9.44
282,10.151,17,15,40,0.95,1.0,0.237,8.26
283,61.373,21,9,33,0.909,0.833,0.267,6.94
284,64.891,26,13,43,0.837,0.667,0.25,5.88
285,-5.557,23,24,48,0.75,0.727,0.278,10.29
286,34.417,24,17,45,0.844,1.0,0.316,8.11
287,20.021,22,18,41,0.707,0.5,0.276,9.87
288,41.608,23,15,38,0.868,1.0,0.273,5.53
289,-102.539,11,31,44,0.795,0.857,0.286,10.66
290,-42.534,19,27,51,0.765,0.579,0.308,8.64
291,-23.361,18,22,51,0.902,1.0,0.304,10.23
292,11.748,17,15,33,0.697,1.0,0.348,7.58
293,-14.665,14,17,33,0.818,0.75,0.259,9.62
294,-6.33,20,21,41,0.854,0.7,0.314,8.18
295,-1.109,20,20,40,0.875,1.0,0.286,7.69
296,-77.694,10,25,39,0.744,0.857,0.241,9.64
297,-98.164,15,34,52,0.788,0.739,0.341,16.78
298,-9.351,14,16,33,0.879,1.0,0.31,7.66
299,9.322,19,17,39,0.795,1.0,0.258,8.68
300,14.259,23,20,44,0.818,0.833,0.25,7.49
301,44.708,21,12,36,0.889,1.0,0.406,7.99
302,29.493,20,14,42,0.81,1.0,0.324,7.97
303,34.408,24,17,42,0.833,0.818,0.429,9.61
304,36.331,22,15,40,0.825,0.75,0.273,6.96
305,-58.747,12,23,37,0.919,1.0,0.294,9.54
306,49.532,26,16,42,0.81,0.556,0.265,7.57
307,-31.437,15,21,40,0.775,0.857,0.323,11.39
308,-51.828,21,31,54,0.741,0.571,0.3,11.59
309,18.861,19,15,41,0.78,1.0,0.312,8.14
310,18.506,20,16,44,0.841,1.0,0.27,7.24
311,-24.417,16,21,39,0.769,0.636,0.3,9.44
312,29.285,21,15,40,0.85,0.75,0.353,9.37
313,-20.584,17,21,40,0.875,1.0,0.286,7.11
314,-11.213,20,22,42,0.905,0.875,0.316,6.83
315,40.139,27,19,50,0.82,0.75,0.439,10.59
316,-25.652,14,19,35,0.857,1.0,0.267,8.7
317,-0.143,22,22,45,0.822,1.0,0.297,7.6
318,-52.084,15,25,41,0.854,0.778,0.286,10.15
319,50.751,25,15,42,0.881,1.0,0.27,10.46
320,-48.448,18,27,49,0.796,0.8,0.256,10.18
321,25.511,22,17,44,0.795,0.667,0.257,10.76
322,-25.534,15,20,39,0.795,0.818,0.258,9.13
323,46.077,27,18,45,0.778,1.0,0.286,8.73
324,-47.371,18,27,48,0.833,1.0,0.4,8.13
325,35.001,23,16,40,0.775,0.5,0.323,5.49
326,58.141,28,16,46,0.783,0.5,0.333,9.82
327,3.76,15,14,31,0.935,0.867,0.31,5.78
328,36.511,25,18,44,0.75,0.9,0.273,9.07
329,11.997,14,12,26,0.923,1.0,0.333,5.8
330,23.395,23,18,45,0.911,1.0,0.317,6.38
331,-10.287,21,22,49,0.796,0.857,0.333,7.64
332,-94.423,13,31,46,0.913,0.917,0.262,13.51
333,83.004,24,8,32,0.844,1.0,0.296,6.34
334,-10.326,18,20,40,0.725,1.0,0.345,8.9
335,15.744,21,18,39,0.846,0.75,0.242,8.83
336,-1.246,24,24,49,0.837,0.842,0.244,9.84
337,29.209,20,14,37,0.73,0.75,0.222,5.94
338,33.41,24,18,43,0.93,0.889,0.3,10.75
339,56.485,24,12,41,0.854,0.889,0.257,6.41
340,-6.38,18,19,39,0.872,1.0,0.294,8.57
341,83.947,23,7,37,0.811,1.0,0.267,4.67
342,4.836,21,20,45,0.844,1.0,0.237,7.72
343,-7.252,22,23,47,0.809,0.889,0.342,8.73
344,6.298,22,21,43,0.767,0.333,0.333,5.66
345,42.728,27,18,47,0.681,0.571,0.312,6.56
346,-5.366,17,18,42,0.833,0.9,0.229,10.45
347,75.496,29,14,45,0.778,1.0,0.286,5.61
348,-57.709,20,31,54,0.87,0.895,0.255,10.62
349,14.594,22,19,45,0.911,0.75,0.293,8.37
350,19.614,23,19,48,0.812,0.667,0.385,6.93
351,-80.169,19,34,60,0.867,0.885,0.288,11.7
352,-52.672,20,30,51,0.941,1.0,0.312,9.75
353,39.927,21,13,36,0.861,1.0,0.29,7.39
354,76.646,23,8,31,0.968,1.0,0.3,4.37
355,77.783,24,9,37,0.838,0.5,0.323,6.25
356,-46.926,18,27,46,0.87,0.917,0.275,8.33
357,-4.141,25,26,53,0.755,0.741,0.275,10.97
358,-73.211,15,29,48,0.792,0.75,0.263,8.58
359,76.79,22,7,30,0.733,1.0,0.273,6.38
360,-48.352,17,26,47,0.723,0.846,0.324,10.25
361,-27.515,15,20,39,0.795,0.733,0.258,10.4
362,-55.546,16,27,48,0.896,1.0,0.256,10.94
363,11.242,24,21,50,0.84,0.8,0.286,9.09
364,-19.536,22,26,49,0.796,0.75,0.308,11.65
365,25.237,20,15,39,0.846,1.0,0.303,6.92
366,-4.863,20,21,43,0.744,0.75,0.25,7.48
367,-16.396,15,18,37,0.838,0.667,0.355,8.42
368,4.579,19,18,38,0.816,1.0,0.258,7.96
369,-0.218,18,18,39,0.872,1.0,0.294,9.71
370,30.037,25,19,49,0.878,0.812,0.256,11.69
371,-66.67,16,29,47,0.83,0.938,0.385,10.35
372,-10.085,18,20,38,0.789,0.889,0.3,8.46
373,21.166,16,12,31,0.935,1.0,0.345,7.02
374,27.432,28,22,55,0.818,0.8,0.244,10.09
375,3.447,18,17,37,0.784,0.375,0.276,8.42
376,-30.424,16,22,39,0.923,1.0,0.278,6.85
377,12.394,21,18,42,0.738,0.625,0.226,6.89
378,50.793,17,7,25,0.8,0.0,0.3,5.42
379,51.999,27,17,47,0.809,0.727,0.316,7.87
380,-6.559,19,20,43,0.86,1.0,0.243,8.91
381,19.615,24,20,48,0.833,0.875,0.35,9.0
382,-51.667,15,25,44,0.818,0.769,0.222,10.83
383,80.012,25,9,36,0.944,1.0,0.235,5.71
384,56.804,30,18,54,0.87,0.923,0.277,5.62
385,11.351,17,15,33,0.818,0.5,0.333,6.52
386,-11.395,15,17,34,0.853,0.0,0.276,6.02
387,148.438,32,3,37,0.73,0.0,0.333,4.52
388,-9.64,15,17,33,0.848,1.0,0.286,10.08
389,61.122,21,9,30,0.767,1.0,0.304,5.89
390,-20.056,17,21,40,0.8,0.571,0.25,10.25
391,9.372,19,17,37,0.892,0.6,0.333,8.63
392,40.337,22,14,37,0.838,0.667,0.258,7.07
393,29.376,24,18,48,0.875,1.0,0.262,8.72
394,-43.101,20,28,50,0.88,0.8,0.295,9.13
395,5.257,19,18,42,0.857,0.667,0.278,7.93
396,32.988,22,15,39,0.923,0.5,0.278,6.74
397,-123.13,6,30,40,0.825,0.714,0.303,11.4
398,77.85,27,11,40,0.85,0.75,0.382,6.34
399,4.176,22,21,48,0.854,1.0,0.268,9.92
400,-41.957,17,25,43,0.86,0.941,0.297,9.35
401,10.001,18,16,37,0.811,1.0,0.233,9.42
402,-35.714,18,25,48,0.917,1.0,0.386,10.53
403,0.581,20,20,41,0.78,0.857,0.281,6.29
404,23.552,22,17,43,0.884,0.75,0.289,7.59
405,4.784,21,20,42,0.81,0.6,0.265,6.99
406,-37.527,20,27,52,0.769,0.833,0.275,9.43
407,55.271,25,14,44,0.818,1.0,0.306,7.67
408,10.319,24,22,48,0.812,0.8,0.333,10.74
409,52.929,25,15,43,0.744,0.5,0.25,7.19
410,9.603,15,13,29,0.828,0.0,0.417,6.98
411,50.445,21,11,33,0.848,0.0,0.25,5.82
412,70.536,25,11,39,0.821,1.0,0.375,7.47
413,66.004,25,12,40,0.925,1.0,0.324,7.15
414,-7.517,25,26,51,0.863,0.846,0.227,7.46
415,-1.518,19,19,40,0.9,1.0,0.417,9.97
416,29.483,25,19,46,0.87,0.8,0.325,9.05
417,-50.023,14,24,43,0.814,0.0,0.286,9.17
418,23.992,19,14,34,0.794,0.75,0.296,9.6
419,119.857,34,10,46,0.739,1.0,0.235,6.4
420,71.572,22,8,32,0.906,1.0,0.517,6.35
421,-37.234,14,21,37,0.919,0.875,0.324,9.4
422,70.019,24,10,36,0.861,0.857,0.29,4.74
423,74.318,28,13,45,0.867,1.0,0.282,9.1
424,35.767,18,11,33,0.788,1.0,0.385,6.41
425,59.765,28,16,47,0.809,0.857,0.237,8.9
426,20.307,20,16,40,0.875,0.75,0.371,9.64
427,49.77,26,16,47,0.83,0.9,0.256,7.45
428,-20.604,21,25,47,0.766,0.8,0.306,8.07
429,16.068,27,24,54,0.833,0.765,0.267,8.76
430,66.43,25,12,39,0.769,1.0,0.267,6.82
431,-76.756,16,31,52,0.846,1.0,0.273,10.14
432,45.012,25,16,45,0.756,0.727,0.294,6.82
433,-11.472,17,19,37,0.892,0.833,0.242,8.8
434,-16.169,23,26,51,0.784,0.941,0.3,11.87
435,41.804,21,13,36,0.944,1.0,0.294,7.87
436,-68.824,19,32,58,0.897,0.85,0.25,10.98
437,-40.618,20,28,48,0.833,0.789,0.275,10.64
438,41.061,24,16,41,0.805,1.0,0.303,8.81
439,86.837,28,11,40,0.85,1.0,0.235,8.47
440,71.996,22,8,33,0.758,0.5,0.4,7.73
441,31.843,22,16,39,0.744,0.692,0.207,7.7
442,93.841,29,10,39,0.897,0.0,0.314,4.52
443,56.179,21,10,36,0.833,1.0,0.233,5.41
444,82.726,25,9,36,0.833,1.0,0.233,6.73
445,49.557,28,18,48,0.833,0.8,0.3,6.58
446,39.346,24,16,46,0.87,0.833,0.325,9.93
447,-78.642,19,34,54,0.926,0.917,0.3,11.73
448,78.026,28,13,43,0.93,0.875,0.25,7.26
449,88.015,28,11,40,0.85,1.0,0.294,5.55
450,-67.62,15,28,45,0.822,0.556,0.297,13.71
451,60.174,21,9,31,0.968,1.0,0.3,6.17
452,-47.532,13,22,41,0.805,0.889,0.273,10.25
453,2.739,19,18,43,0.86,1.0,0.27,8.51
454,-20.18,12,16,31,0.903,1.0,0.286,7.64
455,32.445,24,17,44,0.773,0.667,0.324,10.01
456,25.634,21,16,42,0.881,1.0,0.324,11.41
457,75.737,27,12,41,0.805,0.8,0.303,6.31
458,50.071,26,16,43,0.791,0.667,0.353,6.58
459,-10.262,20,22,43,0.86,1.0,0.216,8.61
460,20.265,18,14,36,0.944,1.0,0.294,6.14
461,-27.279,16,21,43,0.86,1.0,0.27,6.95
462,92.839,27,9,36,0.861,1.0,0.29,5.7
463,14.331,19,16,35,0.886,0.75,0.29,7.11
464,30.324,18,12,33,0.879,1.0,0.241,6.3
465,50.096,24,14,38,0.789,0.833,0.3,7.34
466,60.252,28,16,47,0.979,1.0,0.283,8.28
467,-46.475,19,28,49,0.816,0.826,0.3,14.09
468,14.195,18,15,35,0.857,1.0,0.333,6.54
469,51.273,24,13,40,0.925,1.0,0.27,7.98
470,58.695,22,10,38,0.816,1.0,0.258,5.96
471,18.827,16,12,33,0.848,1.0,0.286,8.46
472,-45.97,10,19,36,0.833,0.5,0.3,8.96
473,42.338,26,18,45,0.844,1.0,0.368,6.52
474,-58.659,13,25,43,0.791,0.75,0.265,11.16
475,-81.885,14,30,49,0.857,0.769,0.286,10.88
476,48.503,23,14,40,0.85,0.857,0.235,11.28
477,-40.713,20,28,51,0.922,1.0,0.277,8.5
478,-35.176,17,23,50,0.9,0.857,0.222,8.32
479,-13.897,21,23,44,0.841,0.909,0.27,7.46
480,-77.05,13,28,41,0.732,0.769,0.333,7.82
481,101.485,24,4,29,0.724,0.0,0.333,4.26
482,-36.661,20,27,48,0.875,0.8,0.31,8.46
483,-0.578,19,19,38,0.921,0.8,0.343,8.12
484,56.366,20,9,29,0.897,1.0,0.462,6.16
485,-86.449,15,32,49,0.878,1.0,0.233,8.0
486,-58.608,19,30,52,0.808,0.938,0.286,10.29
487,121.17,28,4,34,0.853,0.0,0.276,4.72
488,-11.118,16,18,36,0.833,0.0,0.3,7.59
489,12.792,26,23,58,0.828,0.909,0.333,8.58
490,-2.463,20,20,43,0.744,0.444,0.25,10.19
491,43.284,23,14,40,0.95,1.0,0.289,6.91
492,-9.471,18,20,40,0.85,1.0,0.324,9.17
493,55.334,28,17,47,0.915,0.846,0.279,8.22
494,65.322,28,15,46,0.935,1.0,0.279,7.05
495,0.538,19,19,42,0.905,1.0,0.289,10.14
496,80.754,27,11,39,0.821,1.0,0.312,6.09
497,77.874,23,8,31,0.774,1.0,0.25,4.58
498,-15.049,21,24,48,0.833,1.0,0.25,9.09
499,81.73,27,11,38,0.816,0.5,0.323,5.4
500,18.42,20,16,42,0.833,0.917,0.229,8.57
501,-7.026,13,14,27,0.667,0.0,0.333,7.28
502,-3.019,17,17,38,0.737,0.714,0.286,8.49
503,-46.582,17,26,44,0.795,0.846,0.257,8.38
504,-4.362,17,18,38,0.842,0.75,0.281,8.02
505,79.099,28,12,40,0.925,1.0,0.297,4.77
506,-3.614,21,22,45,0.8,1.0,0.278,6.88
507,101.851,27,7,38,0.868,0.571,0.303,8.86
508,67.206,23,10,34,0.971,1.0,0.242,6.02
509,21.545,21,17,42,0.833,0.667,0.257,8.27
510,35.73,21,14,37,0.838,0.857,0.258,10.25
511,72.594,25,11,36,0.917,1.0,0.303,5.95
512,-52.362,18,28,48,0.875,0.714,0.31,9.84
513,-14.67,18,21,41,0.78,0.714,0.344,9.13
514,-107.284,12,33,49,0.735,0.625,0.25,10.15
515,5.483,22,21,49,0.837,0.875,0.244,7.75
516,14.826,21,18,42,0.786,0.889,0.333,9.65
517,56.676,25,14,40,0.75,1.0,0.3,7.55
518,-86.22,13,30,45,0.844,0.875,0.289,10.22
519,-16.619,16,19,37,0.784,0.6,0.31,9.41
520,89.484,32,14,46,0.804,0.833,0.27,5.38
521,-15.755,23,26,52,0.769,0.7,0.25,9.65
522,19.567,18,14,42,0.857,0.667,0.306,6.84
523,-74.327,15,30,46,0.87,0.917,0.325,8.97
524,25.189,23,18,42,0.714,0.833,0.267,8.32
525,-11.492,19,21,48,0.792,0.5,0.289,7.66
526,60.976,24,12,38,0.868,1.0,0.242,7.12
527,32.554,28,22,50,0.94,1.0,0.234,11.75
528,20.827,18,14,36,0.722,0.5,0.269,10.0
529,44.875,26,17,46,0.87,1.0,0.225,8.92
530,44.991,21,12,37,0.811,1.0,0.3,7.48
531,79.625,25,9,34,0.824,1.0,0.286,5.95
532,-6.15,21,22,44,0.705,0.375,0.258,7.35
533,-40.272,17,25,44,0.909,0.917,0.3,9.56
534,49.558,24,14,40,0.825,0.0,0.242,5.15
535,70.019,26,12,40,0.875,0.0,0.286,7.44
536,-26.553,19,24,45,0.867,0.714,0.308,9.87
537,-31.693,16,22,39,0.795,0.857,0.387,9.94
538,102.372,28,8,41,0.878,1.0,0.306,4.98
539,137.92,33,6,39,0.821,0.5,0.312,4.1
540,11.779,21,18,42,0.786,0.9,0.303,7.23
541,67.415,22,9,33,0.848,1.0,0.393,7.6
542,7.843,19,17,37,0.892,0.75,0.333,6.37
543,-5.96,16,17,40,0.825,0.429,0.273,9.76
544,-2.652,21,21,49,0.816,1.0,0.25,8.25
545,43.363,26,17,47,0.936,1.0,0.295,8.42
546,54.815,23,12,35,0.8,0.857,0.321,7.47
547,-11.836,23,25,54,0.778,1.0,0.286,11.07
548,65.057,24,11,37,0.865,1.0,0.375,6.55
549,-6.452,20,21,47,0.872,1.0,0.244,9.73
550,54.858,24,13,37,0.865,0.714,0.344,8.15
551,44.385,22,13,36,0.861,1.0,0.29,6.45
552,-22.828,16,20,42,0.905,1.0,0.263,7.82
553,0.543,19,19,40,0.85,0.9,0.324,11.54
554,72.135,19,5,26,0.846,1.0,0.318,7.11
555,-14.196,21,24,46,0.913,0.889,0.238,8.6
556,24.893,22,17,41,0.854,1.0,0.257,6.99
557,3.345,22,21,47,0.936,1.0,0.295,6.97
558,41.217,19,11,35,0.857,0.5,0.333,6.93
559,0.155,17,17,39,0.821,0.818,0.344,10.0
560,75.361,27,12,44,0.818,1.0,0.333,7.94
561,-67.288,13,26,42,0.714,0.8,0.267,8.49
562,-22.322,21,25,50,0.86,0.842,0.395,9.62
563,34.356,22,15,39,0.795,1.0,0.258,7.4
564,75.644,26,11,40,0.85,0.0,0.265,6.55
565,144.388,29,1,31,0.871,0.0,0.259,3.88
566,59.516,31,18,50,0.88,1.0,0.341,7.28
567,14.385,24,21,46,0.848,0.889,0.282,9.59
568,92.5,31,13,46,0.761,0.8,0.257,9.61
569,-76.213,8,23,33,0.848,0.875,0.25,10.39
570,45.719,19,10,32,0.906,0.8,0.448,5.65
571,5.292,17,16,38,0.974,1.0,0.27,8.43
572,30.024,22,16,38,0.816,1.0,0.29,8.81
573,8.082,20,18,44,0.818,0.818,0.278,10.55
574,-36.162,14,21,38,0.842,0.667,0.406,9.63
575,-6.534,20,21,46,0.739,0.857,0.265,9.76
576,-24.645,16,21,42,0.714,0.857,0.3,8.96
577,-47.851,17,26,46,0.891,1.0,0.317,7.84
578,88.143,31,13,46,0.848,0.75,0.282,6.75
579,120.949,29,5,37,0.865,1.0,0.344,6.01
580,-28.338,23,28,59,0.881,0.864,0.288,10.23
581,-5.552,20,21,43,0.837,0.917,0.389,8.18
582,4.42,21,20,45,0.889,1.0,0.4,8.09
583,3.497,23,22,46,0.891,0.8,0.317,7.74
584,29.312,25,19,45,0.844,1.0,0.263,8.35
585,19.284,20,16,39,0.923,1.0,0.25,9.32
586,9.558,26,24,52,0.923,1.0,0.271,8.42
587,-16.777,18,21,39,0.795,0.333,0.323,7.0
588,19.84,22,18,41,0.902,1.0,0.351,8.41
589,-1.019,18,18,39,0.821,0.857,0.25,9.16
590,-61.299,18,30,51,0.804,0.8,0.244,7.94
591,96.016,24,5,33,0.97,0.0,0.344,5.31
592,21.953,18,14,34,0.824,0.667,0.25,9.2
593,6.53,23,21,50,0.82,0.857,0.293,8.98
594,0.037,19,19,42,0.976,1.0,0.293,8.69
595,-13.894,21,24,45,0.8,0.889,0.361,6.78
596,29.687,19,13,34,0.853,1.0,0.345,4.76
597,57.713,25,14,39,0.846,0.0,0.273,7.82
598,54.345,25,14,39,0.795,0.75,0.29,5.36
599,42.446,21,12,35,0.886,0.0,0.29,5.12
600,73.812,25,10,36,0.806,1.0,0.345,6.11
601,126.055,27,2,29,0.897,1.0,0.346,3.96
602,-4.964,24,25,53,0.849,0.85,0.244,12.93
603,-7.931,22,23,54,0.852,0.938,0.304,7.94
604,-53.203,18,28,55,0.855,0.9,0.362,14.47
605,95.045,31,12,45,0.867,0.0,0.256,5.71
606,108.111,30,9,40,0.825,0.6,0.242,6.88
607,-21.344,19,23,42,0.857,0.833,0.25,7.59
608,70.567,23,9,34,0.794,1.0,0.296,6.65
609,33.502,21,14,40,0.8,1.0,0.25,8.53
610,35.038,18,11,33,0.788,1.0,0.346,7.29
611,75.999,23,8,36,0.917,0.0,0.242,6.94
612,-9.19,18,19,43,0.884,0.8,0.316,7.64
613,45.444,27,17,47,0.894,0.8,0.262,6.2
614,15.493,24,20,46,0.804,0.846,0.351,8.19
615,81.259,25,9,35,0.857,1.0,0.3,5.03
616,51.612,23,13,39,0.744,0.0,0.207,6.05
617,61.016,23,11,34,0.853,1.0,0.414,5.8
618,34.532,22,15,37,0.892,1.0,0.364,6.91
619,71.595,27,13,43,0.814,1.0,0.257,8.03
620,63.204,26,14,43,0.884,1.0,0.289,7.14
621,-26.673,23,28,54,0.87,0.923,0.277,8.98
622,-77.123,15,30,51,0.784,0.733,0.3,9.2
623,-181.348,8,43,54,0.741,0.727,0.325,12.69
624,-35.241,19,26,45,0.844,1.0,0.316,5.91
625,-103.094,15,35,54,0.907,0.917,0.224,11.57
626,-35.651,17,24,44,0.841,1.0,0.27,11.04
627,-16.523,16,19,39,0.923,0.75,0.25,10.03
628,13.805,18,15,36,0.861,0.857,0.323,8.34
629,-1.074,18,18,41,0.927,1.0,0.368,9.01
630,50.974,27,17,48,0.833,0.875,0.275,10.06
631,-9.829,15,17,39,0.821,1.0,0.281,9.14
632,3.793,23,22,46,0.848,0.812,0.282,9.92
633,31.623,23,17,44,0.932,1.0,0.317,11.0
634,36.001,24,17,46,0.826,0.333,0.237,13.28
635,63.131,24,11,36,0.889,1.0,0.312,6.06
636,-137.579,11,38,53,0.906,1.0,0.312,12.14
637,-40.324,19,27,49,0.796,0.769,0.256,10.06
638,50.812,26,16,45,0.822,0.833,0.243,11.01
639,11.148,23,21,46,0.826,0.8,0.263,8.06
640,16.127,24,21,47,0.957,1.0,0.356,7.79
641,-25.88,18,23,41,0.805,0.769,0.303,6.69
642,14.745,21,18,42,0.881,0.6,0.216,10.52
643,-4.833,20,21,45,0.844,0.846,0.263,10.21
644,-2.222,26,26,54,0.833,0.778,0.356,6.7
645,55.22,22,11,33,0.818,0.0,0.222,6.04
646,5.542,23,22,47,0.872,0.692,0.341,8.89
647,18.465,27,23,50,0.7,0.75,0.286,6.52
648,37.722,21,14,38,0.868,0.8,0.303,7.17
649,-11.629,20,22,52,0.846,0.5,0.227,10.47
650,43.53,24,15,40,0.8,0.571,0.281,5.77
651,11.029,24,22,46,0.913,0.667,0.262,9.38
652,-10.026,18,20,42,0.857,0.857,0.278,8.58
653,8.831,19,17,37,0.865,1.0,0.312,7.27
654,-49.943,16,26,44,0.841,0.857,0.27,8.32
655,17.9,17,14,34,0.853,1.0,0.276,7.77
656,-16.354,22,25,49,0.898,0.812,0.273,9.5
657,-35.572,14,21,40,0.875,1.0,0.314,11.09
658,26.036,15,10,32,0.906,1.0,0.241,8.43
659,51.601,25,15,40,0.85,0.875,0.265,9.54
660,22.849,24,19,46,0.848,0.875,0.282,9.06
661,33.102,22,15,38,0.895,1.0,0.235,5.59
662,86.07,27,10,40,0.875,0.8,0.314,6.54
663,117.954,30,6,41,0.756,0.667,0.258,6.13
664,42.229,21,13,35,0.857,1.0,0.3,8.76
665,13.391,24,21,46,0.87,0.6,0.3,8.14
666,105.119,28,7,35,0.829,0.0,0.241,4.96
667,-43.177,14,22,41,0.927,0.75,0.263,11.24
668,76.089,29,14,44,0.886,0.0,0.256,6.4
669,6.861,14,13,32,0.781,0.778,0.28,10.23
670,-20.065,23,27,54,0.889,0.846,0.229,11.63
671,-128.641,8,33,47,0.915,0.929,0.279,13.43
672,16.888,21,17,43,0.884,0.9,0.289,6.65
673,107.846,29,7,40,0.825,1.0,0.273,4.37
674,87.759,27,10,39,0.872,1.0,0.265,7.4
675,-2.147,19,19,38,0.763,1.0,0.276,5.24
676,29.192,17,11,33,0.848,0.75,0.321,7.53
677,-27.638,19,24,53,0.83,0.909,0.273,11.96
678,-1.048,20,20,42,0.857,0.889,0.278,9.27
679,5.472,22,20,43,0.884,0.75,0.342,8.48
680,5.833,24,22,51,0.824,0.8,0.31,7.82
681,26.178,19,14,38,0.789,0.0,0.3,8.1
682,27.22,24,18,43,0.837,0.714,0.333,7.39
683,22.05,24,19,43,0.884,1.0,0.342,7.98
684,39.958,24,16,40,0.9,1.0,0.306,8.44
685,18.678,23,20,47,0.851,0.889,0.3,8.43
686,14.791,22,19,42,0.881,0.75,0.243,9.75
687,-70.654,14,28,42,0.905,1.0,0.237,8.02
688,68.052,27,13,41,0.951,1.0,0.256,6.04
689,35.906,22,14,39,0.897,1.0,0.286,6.5
690,-98.296,16,35,55,0.855,0.941,0.234,14.17
691,86.504,25,8,39,0.949,1.0,0.27,5.8
692,-6.261,21,22,47,0.787,1.0,0.297,7.41
693,-13.905,15,17,38,0.842,1.0,0.344,6.56
694,-84.289,14,30,47,0.83,0.692,0.256,9.58
695,11.534,26,24,50,0.88,0.833,0.25,10.04
696,-21.327,19,23,42,0.881,1.0,0.297,8.92
697,-4.176,20,21,44,0.886,0.9,0.231,9.14
698,5.743,19,18,38,0.816,1.0,0.258,7.39
699,72.826,26,12,41,0.805,0.5,0.303,7.58
700,96.116,26,7,34,0.794,0.333,0.259,8.15
701,-47.666,17,26,49,0.837,0.667,0.244,9.65
702,110.932,33,10,48,0.75,0.6,0.25,4.59
703,-55.946,12,23,38,0.868,0.5,0.242,6.56
704,-41.662,21,29,55,0.873,0.875,0.271,9.19
705,15.119,17,14,34,0.853,0.0,0.31,7.33
706,-9.626,15,17,33,0.879,0.714,0.276,8.32
707,-82.734,17,33,50,0.9,0.933,0.289,10.66
708,14.703,20,17,40,0.875,1.0,0.229,10.19
709,14.556,22,19,42,0.857,1.0,0.306,5.78
710,68.105,23,10,34,0.941,0.0,0.312,4.93
711,32.115,24,17,42,0.833,0.5,0.286,8.16
712,-36.83,16,23,43,0.814,0.6,0.286,10.11
713,-6.495,17,18,38,0.842,0.75,0.25,8.01
714,93.144,27,8,35,0.829,0.0,0.31,4.56
715,0.66,17,17,42,0.929,1.0,0.282,7.46
716,38.224,21,13,40,0.85,1.0,0.324,9.06
717,60.068,26,14,42,0.81,0.833,0.265,5.56
718,9.406,21,19,45,0.867,1.0,0.282,8.67
719,90.135,30,12,43,0.814,1.0,0.257,7.32
720,93.149,22,4,32,0.875,0.667,0.321,5.86
721,68.812,30,16,50,0.88,0.875,0.273,7.67
722,60.543,25,12,42,0.929,1.0,0.256,6.85
723,4.227,20,19,40,0.85,1.0,0.265,6.45
724,49.06,24,14,46,0.935,1.0,0.326,9.78
725,61.074,26,14,42,0.929,0.75,0.333,8.1
726,-158.52,5,36,44,0.955,1.0,0.286,11.65
727,2.783,22,21,45,0.844,0.75,0.289,8.57
728,65.012,23,10,35,0.771,1.0,0.222,6.0
729,114.928,30,7,40,0.925,1.0,0.243,5.56
730,5.321,20,19,41,0.78,0.5,0.219,9.0
731,76.083,24,9,35,0.829,0.5,0.241,7.76
732,18.113,25,21,48,0.792,0.5,0.316,7.7
733,-57.496,17,28,46,0.761,1.0,0.286,8.74
734,11.515,22,20,44,0.795,1.0,0.371,8.8
735,21.681,20,16,36,0.75,0.8,0.37,5.27
736,50.464,26,15,46,0.826,1.0,0.263,6.46
737,48.157,25,15,42,0.833,0.8,0.343,6.15
738,9.959,20,18,38,0.816,1.0,0.355,7.08
739,77.885,26,11,40,0.95,1.0,0.342,7.07
740,-28.376,20,25,49,0.898,0.923,0.25,8.19
741,34.3,23,16,40,0.95,0.875,0.368,7.11
742,87.245,29,12,43,0.93,0.833,0.275,7.38
743,70.892,28,14,44,0.886,0.812,0.359,5.72
744,34.22,29,22,53,0.943,0.923,0.24,8.26
745,84.622,28,11,42,0.929,1.0,0.308,5.91
746,84.035,25,8,33,0.848,1.0,0.286,4.05
747,41.372,28,20,50,0.86,0.8,0.349,6.17
748,-24.124,15,20,36,0.889,1.0,0.344,9.0
749,84.804,26,9,36,0.778,0.75,0.25,3.98
750,59.297,24,12,36,0.917,1.0,0.333,5.22
751,12.071,21,18,45,0.889,0.875,0.325,7.45
752,15.986,21,18,42,0.929,1.0,0.359,8.64
753,40.509,21,13,40,0.925,0.8,0.351,7.01
754,-15.263,16,19,40,0.95,1.0,0.368,10.33
755,4.678,21,20,45,0.822,1.0,0.27,8.34
756,105.597,28,7,36,0.889,0.5,0.281,5.03
757,50.24,24,14,40,0.9,1.0,0.278,7.33
758,38.11,18,10,28,0.893,0.0,0.36,5.41
759,-34.954,16,23,41,0.951,1.0,0.282,9.95
760,-46.629,21,30,61,0.852,0.909,0.25,8.83
761,62.225,27,14,41,0.829,1.0,0.265,5.81
762,45.639,21,12,37,0.784,1.0,0.241,8.33
763,-8.875,20,21,45,0.822,0.778,0.27,8.44
764,73.974,28,13,42,0.786,0.8,0.273,7.17
765,30.153,22,16,40,0.95,1.0,0.263,7.64
766,126.738,29,4,34,0.824,0.0,0.286,5.7
767,-62.719,14,26,46,0.804,0.833,0.405,7.04
768,0.719,18,18,40,0.925,1.0,0.216,8.28
769,-13.622,26,28,60,0.85,0.882,0.255,7.04
770,65.035,30,17,48,0.917,0.9,0.295,7.09
771,18.756,22,18,45,0.867,0.875,0.282,7.24
772,-1.593,19,19,48,0.875,0.0,0.214,12.54
773,83.58,26,9,38,0.895,0.0,0.265,7.01
774,82.663,27,11,38,0.921,1.0,0.286,5.16
775,0.749,21,21,46,0.913,0.889,0.286,7.38
776,96.104,28,9,38,0.868,1.0,0.303,5.61
777,14.269,21,18,40,0.85,1.0,0.294,8.44
778,68.212,19,6,28,0.929,1.0,0.423,6.84
779,-20.402,13,17,33,0.879,1.0,0.276,9.98
780,-46.152,18,27,50,0.88,0.867,0.273,13.86
781,108.094,27,6,33,0.939,0.0,0.323,4.74
782,-47.001,15,24,44,0.955,1.0,0.262,9.11
783,34.506,23,16,40,0.95,1.0,0.263,7.51
784,-5.901,20,20,44,0.909,0.5,0.375,10.51
785,36.806,20,13,34,0.971,0.0,0.242,5.61
786,116.92,29,6,41,0.902,0.875,0.297,7.4
787,52.412,20,10,31,0.806,1.0,0.28,7.0
788,29.235,30,23,53,0.849,0.842,0.267,8.5
789,-53.234,16,26,44,0.909,0.917,0.275,8.95
790,28.75,21,15,36,0.917,1.0,0.394,7.23
791,-29.069,13,19,32,0.844,0.778,0.333,8.05
792,-45.805,16,25,41,0.902,1.0,0.297,9.19
793,69.051,20,6,28,0.857,0.0,0.292,4.15
794,14.155,16,13,32,0.938,1.0,0.3,9.17
795,5.441,21,19,45,0.822,1.0,0.297,9.96
796,65.234,29,16,46,0.826,0.812,0.316,7.22
797,-7.037,18,19,45,0.933,1.0,0.405,12.66
798,45.934,17,8,30,0.9,0.0,0.333,8.15
799,106.882,31,9,42,0.81,1.0,0.294,4.84
800,35.091,25,18,44,0.841,0.923,0.243,9.5
801,-31.94,17,23,48,0.875,1.0,0.262,8.72
802,-15.389,17,20,40,0.9,0.833,0.306,9.2
803,0.332,15,15,32,0.875,1.0,0.286,6.64
804,-11.329,19,21,44,0.818,0.545,0.306,9.49
805,-21.123,17,21,40,0.85,0.8,0.265,7.65
806,-22.168,18,22,44,1.0,1.0,0.25,10.28
807,-9.854,19,21,40,0.925,0.833,0.297,10.94
808,-27.14,24,29,58,0.897,0.8,0.288,9.87
809,50.534,28,17,48,0.833,0.8,0.3,9.85
810,5.685,20,19,39,0.923,0.857,0.306,6.92
811,53.419,23,12,41,0.878,1.0,0.25,6.04
812,81.873,28,12,40,0.825,0.889,0.273,7.13
813,-50.075,14,24,44,0.841,0.923,0.243,9.23
814,-17.724,24,27,54,0.889,0.905,0.312,8.76
815,69.989,29,15,44,0.932,1.0,0.317,6.74
816,43.327,27,18,46,0.783,1.0,0.25,6.93
817,1.462,22,22,48,0.854,0.8,0.293,12.51
818,14.67,15,12,29,0.931,1.0,0.259,6.38
819,72.651,27,12,45,0.933,1.0,0.31,7.71
820,-44.588,14,23,40,0.925,1.0,0.243,7.86
821,-1.27,19,19,43,0.93,1.0,0.3,9.96
822,57.351,20,9,33,0.939,1.0,0.323,5.81
823,39.314,25,17,47,0.787,0.857,0.27,6.14
824,84.296,27,10,40,0.9,1.0,0.278,6.58
825,57.786,27,16,44,0.864,1.0,0.263,9.7
826,67.704,26,12,39,0.821,0.857,0.281,5.65
827,8.832,21,19,41,0.854,1.0,0.343,6.58
828,61.563,30,18,54,0.889,1.0,0.312,8.12
829,39.532,22,14,39,0.846,0.75,0.364,10.49
830,-3.206,20,20,43,0.767,0.833,0.333,6.86
831,34.897,20,13,35,0.8,0.333,0.214,7.62
832,69.602,22,8,33,0.909,1.0,0.333,6.39
833,-25.471,16,21,40,0.775,1.0,0.387,8.35
834,45.098,23,14,40,0.9,1.0,0.25,7.54
835,60.635,26,14,43,0.837,1.0,0.333,9.5
836,-111.464,11,33,47,0.872,0.875,0.244,10.79
837,89.947,23,5,28,0.964,0.0,0.222,3.78
838,61.897,25,12,42,0.81,0.857,0.265,6.71
839,-35.605,14,21,40,0.8,0.667,0.25,7.02
840,50.025,26,15,41,0.902,0.889,0.27,5.55
841,57.053,23,12,42,0.929,1.0,0.282,11.39
842,50.489,24,14,38,0.921,1.0,0.286,6.1
843,-49.089,17,26,51,0.824,0.875,0.31,9.26
844,10.905,24,21,47,0.851,0.75,0.275,8.58
845,-75.611,15,30,47,0.894,0.929,0.238,11.58
846,61.672,28,15,45,0.867,1.0,0.359,5.17
847,-10.394,20,22,44,0.841,0.833,0.324,10.59
848,-14.687,16,19,38,0.921,1.0,0.314,10.45
849,-20.75,22,26,51,0.824,0.9,0.286,11.91
850,-7.216,22,23,46,0.739,0.867,0.265,8.92
851,72.961,29,15,44,0.841,0.667,0.27,8.7
852,132.704,30,4,35,0.943,1.0,0.242,5.45
853,49.626,26,16,43,0.86,1.0,0.324,7.73
854,88.722,25,7,32,0.938,0.0,0.267,5.8
855,17.904,27,23,55,0.873,0.864,0.25,8.8
856,95.607,27,8,39,0.872,0.0,0.235,5.88
857,53.111,22,11,34,0.882,0.833,0.333,6.56
858,64.509,30,17,50,0.84,0.833,0.262,9.45
859,62.472,24,11,38,0.974,1.0,0.378,5.54
860,-29.38,19,24,45,0.889,0.75,0.275,6.86
861,53.248,31,20,55,0.891,0.889,0.388,7.7
862,33.622,24,17,41,0.829,1.0,0.235,5.6
863,8.128,21,19,47,0.851,0.933,0.3,12.52
864,15.304,21,18,43,0.907,1.0,0.282,8.33
865,59.988,23,11,35,0.943,1.0,0.303,5.37
866,-62.917,15,27,43,0.791,0.8,0.294,9.79
867,145.707,34,5,40,0.8,1.0,0.281,5.36
868,145.006,35,7,42,0.905,0.667,0.342,5.72
869,-57.289,15,26,43,0.86,0.833,0.324,9.19
870,57.792,30,18,51,0.804,0.909,0.244,10.03
871,9.258,24,21,45,0.911,0.778,0.22,6.69
872,65.467,24,11,37,0.892,1.0,0.273,7.34
873,49.73,22,12,39,0.846,1.0,0.303,6.91
874,41.744,21,13,35,0.886,1.0,0.387,5.99
875,83.861,24,8,33,0.939,1.0,0.258,5.68
876,-29.45,17,23,45,0.889,0.833,0.35,8.38
877,-77.195,11,26,44,0.886,1.0,0.308,8.65
878,28.096,22,16,40,0.925,1.0,0.297,6.01
879,18.642,23,19,44,0.841,1.0,0.297,8.61
880,-18.481,21,24,49,0.898,1.0,0.273,5.97
881,-69.251,17,30,51,0.882,0.867,0.267,11.25
882,-33.789,19,25,49,0.898,1.0,0.295,7.53
883,77.812,29,13,46,0.913,1.0,0.333,7.22
884,37.763,24,16,40,0.85,1.0,0.324,6.38
885,98.445,32,11,44,0.841,1.0,0.27,4.9
886,9.409,24,21,45,0.911,1.0,0.317,8.62
887,43.374,22,13,40,0.9,1.0,0.278,8.09
888,-0.439,22,22,47,0.83,0.818,0.282,7.51
889,94.077,31,12,44,0.864,0.857,0.289,5.39
890,33.21,26,19,45,0.867,1.0,0.308,7.08
891,72.518,24,10,37,0.784,1.0,0.345,6.86
892,38.743,23,15,42,0.881,0.8,0.243,7.24
893,41.26,23,15,44,0.886,1.0,0.333,8.54
894,96.447,27,8,40,0.95,1.0,0.316,5.5
895,-41.233,15,23,40,0.775,0.714,0.29,7.66
896,54.193,24,13,39,0.949,1.0,0.324,7.49
897,80.495,24,8,32,0.812,1.0,0.346,5.81
898,84.641,30,13,47,0.809,1.0,0.263,6.7
899,-22.498,23,27,54,0.907,0.889,0.286,5.89
900,-78.741,13,28,45,0.867,1.0,0.282,9.31
901,-21.489,17,21,43,0.953,0.889,0.317,7.43
902,48.003,22,12,34,0.853,0.75,0.207,5.28
903,74.936,22,7,31,0.903,1.0,0.321,7.52
904,59.308,27,15,48,0.896,1.0,0.302,6.36
905,22.168,25,20,48,0.896,1.0,0.302,7.06
906,27.746,26,20,50,0.9,1.0,0.289,11.29
907,25.687,25,19,45,0.8,0.75,0.333,5.79
908,21.565,22,17,46,0.957,0.889,0.273,9.16
909,101.733,29,9,41,0.902,0.0,0.351,7.03
910,9.311,20,17,41,0.902,1.0,0.27,7.22
911,-11.424,17,19,42,0.881,0.857,0.405,9.98
912,59.522,27,15,45,0.867,1.0,0.282,10.45
913,65.151,20,7,29,0.759,0.0,0.318,6.19
914,54.07,20,9,34,0.941,1.0,0.312,7.52
915,-19.204,14,18,37,0.919,0.8,0.294,8.66
916,-20.962,20,23,47,0.83,0.938,0.282,9.05
917,-14.168,24,26,54,0.889,1.0,0.25,8.68
918,36.95,24,16,42,0.952,0.8,0.3,7.17
919,32.883,24,17,42,0.952,0.0,0.275,6.78
920,92.906,30,12,45,0.867,0.667,0.385,6.63
921,78.166,32,16,56,0.911,0.818,0.235,10.8
922,-31.08,18,24,44,0.773,0.833,0.324,10.11
923,100.521,29,8,39,0.897,0.0,0.314,4.89
924,10.627,18,16,35,0.857,1.0,0.267,6.47
925,-32.44,20,26,51,0.882,1.0,0.244,9.27
926,22.741,22,17,40,0.9,1.0,0.389,7.07
927,-4.875,25,25,51,0.882,0.9,0.267,6.89
928,-10.741,22,24,50,0.9,0.923,0.267,9.59
929,12.242,27,24,58,0.897,1.0,0.231,8.43
930,79.304,22,6,31,0.871,1.0,0.296,6.31
931,29.385,31,25,56,0.875,0.765,0.367,8.36
932,36.107,23,16,49,0.898,1.0,0.318,8.12
933,99.554,31,11,44,0.932,1.0,0.293,5.43
934,-27.903,18,23,42,0.929,0.75,0.282,7.31
935,52.007,24,13,39,0.872,0.0,0.294,5.45
936,109.673,27,5,32,0.906,0.5,0.345,3.92
937,41.957,27,18,50,0.88,1.0,0.273,8.52
938,27.911,21,15,38,0.947,1.0,0.278,7.31
939,64.745,27,14,44,0.75,1.0,0.242,7.39
940,-25.097,24,28,54,0.815,0.846,0.341,9.18
941,21.568,28,23,54,0.778,1.0,0.262,9.07
942,-32.815,13,19,37,0.838,0.0,0.29,6.34
943,-12.61,21,23,46,0.826,0.889,0.316,10.77
944,112.128,33,11,45,0.978,1.0,0.273,5.82
945,63.218,23,10,36,0.917,1.0,0.212,6.58
946,168.573,38,4,45,0.844,1.0,0.263,5.26
947,-10.264,25,26,54,0.796,0.846,0.256,7.87
948,37.329,26,18,47,0.851,1.0,0.3,8.33
949,37.979,23,15,43,0.953,1.0,0.244,7.74
950,-20.902,15,19,38,0.868,0.833,0.242,12.62
951,1.25,21,21,42,0.905,0.938,0.316,12.02
952,-14.336,15,18,35,0.771,0.0,0.333,9.43
953,-93.444,14,32,50,0.88,0.8,0.295,11.06
954,0.814,23,23,49,0.918,0.909,0.311,9.62
955,12.93,19,16,40,0.975,1.0,0.308,6.75
956,-1.479,17,17,36,0.917,0.667,0.242,5.26
957,63.672,27,14,46,0.891,1.0,0.244,8.18
958,81.852,28,12,40,0.875,1.0,0.257,6.0
959,62.808,26,13,42,0.905,1.0,0.316,5.91
960,13.915,19,16,40,0.95,1.0,0.289,8.41
961,8.933,25,23,52,0.885,0.889,0.261,7.06
962,-93.537,13,31,47,0.894,0.9,0.333,10.53
963,-74.853,18,33,52,0.827,0.769,0.256,8.34
964,-72.633,13,27,45,0.933,1.0,0.238,8.12
965,-36.199,13,20,35,0.886,0.8,0.29,8.45
966,44.397,28,18,47,0.851,0.833,0.325,5.96
967,-10.787,23,25,55,0.873,0.8,0.229,8.64
968,54.837,21,10,35,0.886,1.0,0.258,6.07
969,58.506,29,17,50,0.8,0.875,0.275,8.54
970,32.918,24,17,41,0.854,1.0,0.257,6.78
971,-45.535,17,26,49,0.878,0.833,0.256,9.3
972,26.824,25,20,46,0.87,0.875,0.325,8.42
973,58.388,24,12,38,0.895,1.0,0.324,5.32
974,79.743,25,9,37,0.919,1.0,0.235,6.8
975,35.304,18,11,37,0.892,1.0,0.333,6.93
976,87.538,36,18,57,0.825,0.778,0.319,6.19
977,115.995,32,9,42,0.833,1.0,0.371,5.91
978,68.344,25,11,41,0.927,1.0,0.237,6.02
979,75.139,21,6,29,0.862,0.0,0.28,5.13
980,78.017,28,13,43,0.907,1.0,0.333,7.72
981,105.037,31,10,49,0.898,1.0,0.25,6.35
982,89.326,27,9,37,0.892,1.0,0.333,5.24
983,-29.154,19,24,48,0.812,1.0,0.359,8.13
984,114.474,28,6,36,0.861,1.0,0.258,5.64
985,121.402,30,6,36,0.833,0.5,0.3,4.86
986,-50.702,11,21,34,0.912,1.0,0.226,8.47
987,-9.072,22,24,48,0.854,0.889,0.22,9.09
988,19.405,17,13,32,0.938,1.0,0.333,7.61
989,64.765,27,14,50,0.94,1.0,0.277,6.17
990,46.458,20,11,36,0.889,0.0,0.25,7.83
991,76.305,25,10,35,0.914,1.0,0.25,5.34
992,28.79,24,18,45,0.8,0.875,0.25,10.03
993,84.28,22,5,28,0.857,0.0,0.458,4.65
994,57.189,22,11,33,0.909,1.0,0.367,6.83
995,7.328,17,16,33,0.818,0.8,0.333,6.65
996,-53.618,15,25,43,0.767,0.571,0.303,10.36
997,62.23,25,13,38,0.816,1.0,0.29,6.78
998,-6.343,21,22,44,0.909,1.0,0.425,7.25
999,65.165,28,14,44,0.955,1.0,0.238,4.32
1000,27.656,20,15,35,0.971,1.0,0.324,7.1
1001,-42.736,21,29,53,0.887,0.882,0.298,13.04
1002,57.152,24,12,40,0.925,1.0,0.243,5.38
1003,0.407,14,14,33,0.818,1.0,0.222,8.0
1004,-4.356,17,18,35,0.914,0.889,0.375,6.98
1005,125.307,30,6,38,0.921,0.0,0.257,6.11
1006,2.051,18,18,38,0.842,0.75,0.281,9.19
1007,60.281,26,14,41,0.902,1.0,0.324,7.38
1008,31.241,26,19,47,0.809,1.0,0.289,7.41
1009,6.678,21,19,41,0.878,1.0,0.361,7.87
1010,58.917,21,10,33,0.97,1.0,0.281,7.01
1011,43.197,20,11,35,0.886,1.0,0.29,7.22
1012,50.999,25,15,40,0.9,1.0,0.25,8.94
1013,52.325,29,18,47,0.872,0.9,0.317,6.61
1014,40.064,19,11,30,0.833,1.0,0.4,4.47
1015,22.913,25,20,49,0.878,0.727,0.256,8.35
1016,34.127,28,20,53,0.925,0.875,0.286,7.44
1017,113.141,34,12,46,0.87,0.75,0.35,5.74
1018,130.373,30,4,35,0.886,0.0,0.258,5.26
1019,5.495,21,20,44,0.977,0.857,0.279,7.98
1020,114.023,27,5,35,0.971,1.0,0.294,5.86
1021,47.601,26,16,47,0.872,1.0,0.341,7.35
1022,50.89,24,14,39,0.949,1.0,0.27,8.33
1023,-27.268,22,27,50,0.9,0.944,0.356,11.51
1024,5.87,18,17,36,0.944,1.0,0.294,8.02
1025,60.146,27,15,49,0.918,0.846,0.267,8.91
1026,77.067,20,5,27,1.0,0.0,0.259,5.92
1027,113.965,28,5,37,0.892,1.0,0.303,5.23
1028,52.393,24,13,39,0.846,1.0,0.242,7.03
1029,-8.267,23,24,49,0.918,0.882,0.311,9.73
1030,93.194,21,3,26,0.808,0.0,0.238,4.03
1031,64.213,30,17,50,0.84,0.429,0.31,7.37
1032,-1.78,25,24,50,0.84,0.778,0.286,5.26
1033,59.556,25,13,41,0.951,1.0,0.333,10.02
1034,-65.365,20,33,56,0.875,0.92,0.286,12.08
1035,-6.182,22,23,48,0.854,0.923,0.268,8.62
1036,20.834,17,13,32,0.938,1.0,0.3,8.2
1037,-32.45,16,22,39,0.821,0.6,0.344,7.98
1038,50.891,22,12,36,0.917,1.0,0.394,6.84
1039,27.736,24,18,44,0.886,0.857,0.308,6.24
1040,40.427,27,19,48,0.875,1.0,0.31,6.32
1041,29.731,22,16,43,0.837,1.0,0.278,7.77
1042,48.442,23,13,44,0.932,1.0,0.268,5.88
1043,-1.213,26,25,52,0.885,0.846,0.261,7.47
1044,86.531,26,9,36,0.806,1.0,0.345,6.21
1045,31.846,26,19,45,0.844,0.867,0.289,6.53
1046,-4.796,20,20,43,0.977,1.0,0.238,10.51
1047,84.631,22,6,28,0.893,0.0,0.4,5.45
1048,1.752,23,22,47,0.83,1.0,0.231,7.44
1049,34.471,18,11,30,0.867,1.0,0.269,7.81
1050,46.795,22,13,36,0.889,0.6,0.375,5.65
1051,24.726,17,12,34,0.765,1.0,0.269,6.57
1052,1.936,19,19,42,0.929,0.0,0.333,9.02
1053,-4.625,19,20,40,0.825,1.0,0.333,8.46
1054,17.656,24,20,44,0.841,1.0,0.27,8.01
1055,96.908,26,7,36,0.917,1.0,0.273,5.68
1056,-83.039,15,31,49,0.898,0.867,0.318,10.22
1057,38.345,29,20,50,0.86,0.818,0.279,6.54
1058,29.191,26,19,51,0.804,0.727,0.317,9.45
1059,24.919,20,15,40,0.75,1.0,0.267,8.16
1060,-83.078,19,35,56,0.839,0.941,0.234,11.06
1061,-1.063,20,20,43,0.884,0.857,0.316,9.59
1062,16.427,19,15,39,0.872,1.0,0.382,6.43
1063,118.916,26,3,29,0.897,0.0,0.346,3.71
1064,131.944,32,6,40,0.925,1.0,0.297,5.42
1065,-42.28,14,22,42,0.786,0.769,0.364,10.52
1066,-22.129,15,19,37,0.919,1.0,0.265,9.9
1067,55.283,26,15,42,0.881,0.846,0.27,7.21
1068,2.67,19,18,38,0.842,1.0,0.344,7.7
1069,65.67,26,13,39,0.821,1.0,0.25,6.85
1070,87.336,30,12,46,0.891,0.875,0.268,5.96
1071,-11.562,20,22,47,0.894,0.889,0.357,6.92
1072,-13.179,16,18,43,0.977,1.0,0.262,10.6
1073,47.905,30,20,50,0.94,1.0,0.277,7.39
1074,50.086,24,14,41,0.902,0.857,0.324,10.99
1075,62.865,23,10,35,0.886,1.0,0.29,6.73
1076,36.669,24,16,44,0.932,0.75,0.317,9.49
1077,38.791,25,17,46,0.848,0.75,0.256,6.67
1078,15.608,18,15,36,0.889,1.0,0.25,7.97
1079,90.681,24,6,34,0.941,0.0,0.25,5.15
1080,73.706,26,11,43,0.907,1.0,0.256,6.02
1081,50.51,21,11,36,0.861,0.0,0.226,6.92
1082,50.526,23,13,38,0.947,1.0,0.278,8.93
1083,29.71,19,13,36,0.778,0.8,0.321,8.23
1084,100.167,33,12,45,0.933,1.0,0.238,5.99
1085,49.182,25,15,44,0.955,1.0,0.405,5.44
1086,-60.476,18,30,49,0.816,0.778,0.35,10.47
1087,-0.032,28,27,56,0.821,0.778,0.261,7.22
1088,33.957,25,18,45,0.8,0.625,0.278,8.38
1089,-67.251,13,26,41,0.829,1.0,0.265,8.79
1090,40.947,27,18,47,0.894,1.0,0.286,9.09
1091,45.208,20,11,36,0.889,1.0,0.344,7.19
1092,94.022,28,9,39,0.923,1.0,0.306,6.5
1093,-50.708,19,29,50,0.86,0.917,0.302,10.38
1094,66.772,22,9,34,0.824,0.0,0.321,7.81
1095,31.374,23,16,40,0.875,1.0,0.257,6.78
1096,88.01,28,10,40,0.8,1.0,0.312,6.69
1097,135.254,30,3,36,0.889,0.0,0.281,4.34
1098,-33.248,17,23,41,0.927,1.0,0.342,8.52
1099,2.365,24,23,53,0.849,0.6,0.333,7.86
1100,-48.481,18,27,50,0.92,0.842,0.239,14.31
1101,97.403,26,7,36,0.889,1.0,0.25,6.5
1102,61.011,24,12,36,0.917,0.0,0.303,6.16
1103,89.08,25,7,37,0.973,1.0,0.222,5.96
1104,0.469,20,19,39,0.974,1.0,0.237,6.45
1105,34.98,19,12,33,0.909,1.0,0.3,8.95
1106,-15.592,16,19,38,0.868,1.0,0.303,7.31
1107,-13.108,22,25,51,0.824,0.909,0.262,6.96
1108,-27.654,20,25,46,0.87,1.0,0.275,9.05
1109,-30.139,17,23,43,0.814,0.667,0.314,7.61
1110,37.976,23,16,43,0.93,1.0,0.35,7.42
1111,80.318,25,9,35,0.886,1.0,0.258,6.43
1112,-76.928,11,26,40,0.9,0.875,0.278,8.94
1113,-60.377,19,31,52,0.942,0.923,0.286,10.77
1114,-7.646,22,23,48,0.854,1.0,0.366,10.16
1115,-20.123,20,24,45,0.911,1.0,0.268,10.55
1116,131.717,33,7,40,0.85,0.6,0.235,4.9
1117,39.866,26,18,49,0.939,0.833,0.304,7.6
1118,46.537,18,9,29,0.897,1.0,0.308,5.89
1119,24.528,22,17,41,0.951,0.857,0.282,8.17
1120,-52.319,17,27,48,0.875,0.818,0.262,10.42
1121,22.521,23,18,43,0.907,1.0,0.256,8.05
1122,58.434,29,18,51,0.843,1.0,0.279,9.61
1123,-32.92,22,27,51,0.902,0.9,0.239,7.89
1124,64.31,27,14,41,0.854,0.0,0.257,5.42
1125,-51.818,19,29,49,0.898,0.909,0.295,8.55
1126,63.513,26,13,43,0.791,0.6,0.265,6.52
1127,70.028,30,16,46,0.913,0.875,0.286,7.81
1128,-4.514,27,27,57,0.895,0.8,0.275,7.31
1129,74.177,24,9,36,0.944,1.0,0.353,5.24
1130,52.484,26,15,47,0.872,0.875,0.341,5.15
1131,58.69,27,15,43,0.907,1.0,0.308,5.95
1132,31.993,21,15,43,0.814,0.5,0.314,7.78
1133,76.048,23,8,35,0.886,0.0,0.387,6.47
1134,84.719,26,9,45,0.933,1.0,0.262,5.43
1135,24.105,20,15,36,0.889,0.8,0.312,8.19
1136,107.409,27,6,33,0.939,0.0,0.323,5.46
1137,-18.92,19,22,44,0.932,1.0,0.268,7.16
1138,-58.276,17,28,50,0.94,1.0,0.319,9.55
1139,-65.59,15,28,45,0.822,0.7,0.27,7.88
1140,-10.118,16,18,37,0.838,1.0,0.387,8.33
1141,-7.424,22,23,46,0.848,1.0,0.359,8.97
1142,-71.51,9,23,32,0.938,1.0,0.333,6.87
1143,62.597,24,12,38,0.842,0.333,0.281,8.16
1144,71.219,28,13,47,0.957,1.0,0.311,10.39
1145,55.526,25,14,42,0.905,0.8,0.342,6.68
1146,-19.416,20,23,47,0.766,1.0,0.278,9.29
1147,5.598,18,17,41,0.927,1.0,0.316,7.0
1148,12.485,25,22,50,0.88,0.9,0.386,7.43
1149,70.744,24,10,36,0.889,1.0,0.312,7.02
1150,32.06,26,19,51,0.882,1.0,0.289,7.87
1151,11.319,28,25,55,0.782,0.706,0.302,9.51
1152,-58.597,22,33,56,0.875,0.826,0.245,10.17
1153,55.439,23,12,36,0.833,0.857,0.233,8.96
1154,-28.187,20,25,53,0.906,0.933,0.354,8.41
1155,-10.27,17,19,37,0.973,1.0,0.25,9.9
1156,51.234,27,17,45,0.867,0.833,0.231,7.76
1157,-23.103,17,21,40,0.85,0.75,0.265,9.57
1158,77.478,29,13,43,0.837,1.0,0.361,6.45
1159,139.569,30,3,36,0.917,1.0,0.303,6.93
1160,-5.136,19,20,41,0.854,1.0,0.257,8.87
1161,24.106,30,25,56,0.911,0.727,0.392,7.16
1162,39.963,24,16,42,0.881,0.6,0.27,6.79
1163,34.532,23,16,45,0.867,1.0,0.256,8.53
1164,111.331,26,4,32,0.969,0.0,0.258,5.29
1165,11.403,25,22,50,0.82,0.75,0.317,10.69
1166,50.195,25,15,42,0.881,1.0,0.216,7.45
1167,54.827,22,11,34,0.912,1.0,0.323,5.19
1168,12.961,22,19,46,0.87,0.778,0.3,8.4
1169,57.328,25,13,40,0.9,1.0,0.278,5.04
1170,5.277,21,20,43,0.884,1.0,0.263,9.66
1171,63.036,28,15,45,0.956,1.0,0.233,7.15
1172,-29.843,18,24,46,0.935,1.0,0.233,8.87
1173,39.288,20,12,32,0.875,0.0,0.321,6.25
1174,81.672,25,9,34,0.882,0.0,0.3,5.76
1175,67.683,24,11,39,0.949,0.8,0.324,8.29
1176,-45.682,16,25,44,0.886,1.0,0.282,8.85
1177,-43.352,18,26,50,0.92,0.714,0.239,10.89
1178,81.081,23,7,32,0.969,0.0,0.226,5.42
1179,-28.332,22,27,50,0.92,1.0,0.326,10.08
1180,67.655,24,11,37,0.838,1.0,0.323,7.11
1181,-38.08,19,26,50,0.82,0.667,0.268,11.88
1182,80.705,23,7,30,0.867,1.0,0.231,4.82
1183,-38.007,14,21,39,0.872,1.0,0.235,6.07
1184,-71.394,16,30,47,0.851,0.733,0.275,12.78
1185,72.469,29,14,47,0.83,0.75,0.282,6.68
1186,-62.74,14,26,43,0.907,1.0,0.359,10.97
1187,111.773,33,11,44,0.909,1.0,0.4,6.66
1188,32.203,27,20,50,0.9,0.875,0.244,7.29
1189,63.555,25,12,37,0.919,0.0,0.235,5.13
1190,41.014,30,21,51,0.941,0.9,0.271,6.97
1191,40.566,17,9,31,0.968,1.0,0.333,6.94
1192,61.832,23,11,36,0.806,0.667,0.241,9.59
1193,24.078,23,17,46,0.848,0.833,0.282,8.85
1194,68.759,28,14,43,0.93,1.0,0.275,5.34
1195,14.88,27,23,53,0.962,1.0,0.275,9.55
1196,65.797,28,14,44,0.841,0.5,0.351,6.44
1197,-80.595,16,31,49,0.755,0.833,0.27,8.73
1198,67.858,28,14,43,0.884,1.0,0.316,7.48
1199,107.856,26,5,36,0.917,1.0,0.273,5.87
1200,53.753,23,12,36,0.917,1.0,0.273,5.45
1201,82.345,31,13,47,0.809,0.833,0.289,7.18
1202,18.465,23,19,43,0.884,0.5,0.342,6.39
1203,51.954,25,14,46,0.935,1.0,0.395,6.05
1204,116.761,29,6,36,0.861,1.0,0.29,7.07
1205,-67.546,17,30,49,0.837,0.889,0.317,10.87
1206,141.763,35,7,46,0.87,0.0,0.275,4.72
1207,2.654,16,15,34,0.882,1.0,0.267,9.85
1208,61.589,26,14,44,0.977,1.0,0.302,7.17
1209,8.162,20,18,43,0.884,1.0,0.342,8.4
1210,-21.529,19,23,45,0.844,0.875,0.263,9.05
1211,117.911,29,6,35,0.914,1.0,0.281,5.59
1212,18.174,20,16,40,0.95,1.0,0.211,6.85
1213,0.145,21,21,42,0.929,1.0,0.282,7.23
1214,64.502,29,16,54,0.833,0.714,0.267,9.27
1215,31.71,28,21,53,0.887,0.8,0.319,5.8
1216,33.959,18,11,37,0.919,1.0,0.294,7.94
1217,-15.633,18,21,41,0.902,1.0,0.27,6.21
1218,42.664,27,18,47,0.936,1.0,0.227,8.03
1219,-44.533,16,25,46,0.913,1.0,0.286,9.78
1220,64.073,27,14,45,0.911,0.8,0.244,9.46
1221,-42.358,20,28,54,0.889,0.846,0.312,10.79
1222,44.116,28,19,48,0.771,0.8,0.27,7.99
1223,54.255,28,17,47,0.851,0.85,0.3,9.19
1224,4.787,15,14,29,0.897,1.0,0.269,5.69
1225,44.325,26,17,43,0.907,0.818,0.256,9.57
1226,32.859,26,19,50,0.92,0.933,0.283,10.38
1227,109.442,33,11,45,0.844,0.857,0.316,5.24
1228,79.704,26,10,36,0.944,0.0,0.235,5.46
1229,95.872,28,9,42,0.857,0.0,0.278,8.04
1230,138.231,34,7,42,0.929,1.0,0.308,4.67
1231,60.485,26,14,41,0.902,0.857,0.297,8.44
1232,38.269,24,16,41,0.902,1.0,0.324,7.84
1233,-5.889,15,16,33,0.879,1.0,0.241,8.12
1234,109.888,31,9,43,0.86,1.0,0.297,6.45
1235,-82.8,13,29,44,0.864,0.8,0.289,8.71
1236,6.639,16,15,32,0.812,1.0,0.269,7.65
1237,74.957,31,16,48,0.896,1.0,0.326,7.01
1238,63.99,27,14,43,0.907,0.714,0.231,7.9
1239,116.451,26,3,31,0.935,0.0,0.276,3.97
1240,-1.625,23,23,47,0.83,1.0,0.308,8.67
1241,50.435,26,16,43,0.86,1.0,0.297,7.07
1242,119.621,34,10,46,0.935,0.917,0.302,6.46
1243,37.574,27,19,46,0.935,1.0,0.256,5.85
1244,23.626,22,17,39,0.897,1.0,0.343,7.79
1245,-8.386,18,19,39,0.846,0.8,0.273,8.05
1246,5.57,20,19,43,0.907,0.0,0.487,8.29
1247,-20.561,17,21,39,0.846,1.0,0.303,7.0
1248,-14.974,19,22,45,0.867,1.0,0.282,7.57
1249,0.392,20,20,41,0.854,0.778,0.343,7.13
1250,2.945,22,21,48,0.875,1.0,0.357,9.82
1251,85.596,29,12,45,0.889,1.0,0.3,7.71
1252,-71.016,16,30,50,0.8,1.0,0.3,12.5
1253,111.069,31,9,42,0.857,1.0,0.278,5.05
1254,22.906,24,19,51,0.882,0.833,0.289,7.87
1255,15.077,28,24,54,0.852,0.917,0.304,8.99
1256,4.271,18,17,39,0.923,0.909,0.25,7.23
1257,63.008,25,12,38,0.921,1.0,0.286,7.28
1258,49.845,27,17,44,0.909,1.0,0.3,5.66
1259,37.243,23,15,43,0.837,0.875,0.306,7.53
1260,-108.491,16,37,60,0.85,0.913,0.255,9.99
1261,48.377,25,15,41,0.878,0.0,0.389,5.71
1262,64.97,28,15,46,0.957,0.667,0.318,7.11
1263,36.538,24,17,41,0.927,1.0,0.289,9.25
1264,81.282,25,9,34,0.882,0.0,0.3,5.48
1265,55.193,20,9,31,0.935,1.0,0.241,5.66
1266,51.813,21,10,36,0.917,1.0,0.273,4.87
1267,41.473,28,20,55,0.927,1.0,0.333,7.59
1268,64.669,24,11,37,0.892,1.0,0.273,6.13
1269,104.238,28,7,39,0.897,1.0,0.314,6.14
1270,55.372,30,18,50,0.92,1.0,0.37,5.97
1271,-98.238,16,35,52,0.827,0.684,0.372,9.84
1272,118.149,30,6,44,0.909,1.0,0.275,5.64
1273,26.593,21,16,41,0.927,1.0,0.263,9.13
1274,25.025,21,16,39,0.949,1.0,0.216,6.55
1275,-61.052,11,23,40,0.9,1.0,0.306,9.35
1276,30.04,23,16,46,0.848,0.857,0.333,8.02
1277,21.92,21,16,44,0.932,1.0,0.317,8.02
1278,71.963,24,10,35,0.743,1.0,0.308,6.88
1279,94.164,31,12,44,0.841,0.5,0.27,5.43
1280,2.264,25,24,52,0.865,0.875,0.244,7.25
1281,56.357,28,17,47,0.915,1.0,0.279,8.06
1282,50.971,28,18,48,0.896,0.875,0.256,8.77
1283,38.908,24,16,42,0.881,1.0,0.27,6.18
1284,-31.355,21,27,50,0.92,0.909,0.304,7.52
1285,69.679,34,20,54,0.833,1.0,0.333,7.97
1286,55.583,23,12,36,0.972,1.0,0.314,6.68
1287,38.063,20,12,34,0.941,0.667,0.281,7.9
1288,92.35,26,8,34,0.794,0.5,0.296,5.34
1289,-17.636,20,23,43,0.884,0.9,0.211,8.92
1290,55.403,29,17,47,0.851,0.875,0.325,6.04
1291,120.269,31,7,39,0.872,1.0,0.353,8.12
1292,76.981,30,15,46,0.804,0.714,0.324,6.91
1293,45.927,26,16,46,0.891,1.0,0.317,6.38
1294,-31.606,16,22,41,0.976,0.889,0.4,7.49
1295,86.854,26,9,38,0.974,1.0,0.243,6.35
1296,19.598,24,20,48,0.917,0.75,0.364,7.39
1297,20.485,19,15,37,0.892,1.0,0.273,8.66
1298,49.184,23,12,37,0.919,1.0,0.294,4.1
1299,-108.615,14,35,55,0.927,1.0,0.275,10.93
1300,93.412,26,8,35,0.943,1.0,0.303,7.46
1301,104.708,28,7,37,0.892,0.0,0.364,5.99
1302,128.296,31,6,39,0.949,0.0,0.324,6.31
1303,130.73,32,6,39,0.821,0.75,0.312,5.09
1304,-18.607,18,22,41,0.805,0.8,0.273,8.39
1305,-113.209,7,29,38,0.842,0.75,0.25,9.29
1306,80.876,30,14,44,0.886,1.0,0.308,6.36
1307,48.936,25,15,40,0.925,1.0,0.324,6.67
1308,63.228,29,17,46,0.913,0.846,0.262,7.12
1309,47.048,20,11,37,0.811,0.875,0.3,9.74
1310,-27.998,18,23,42,0.857,0.875,0.25,5.56
1311,77.605,25,9,36,0.944,0.0,0.294,5.14
1312,-15.391,18,21,40,0.875,0.909,0.314,8.08
1313,125.262,27,2,33,0.879,1.0,0.345,5.42
1314,81.441,25,8,33,0.848,1.0,0.286,4.05
1315,47.798,26,16,43,0.907,1.0,0.256,6.04
1316,53.276,27,16,46,0.848,0.75,0.256,6.58
1317,55.271,27,16,50,0.9,1.0,0.333,8.47
1318,55.518,25,14,40,0.875,1.0,0.286,6.36
1319,-42.617,16,24,42,0.929,0.889,0.333,9.61
1320,79.221,29,14,45,0.911,1.0,0.293,8.44
1321,-22.006,17,21,40,0.925,1.0,0.378,9.72
1322,-41.269,19,27,48,0.812,0.846,0.282,8.44
1323,102.066,24,4,31,0.871,0.0,0.333,6.55
1324,99.43,25,5,30,0.9,1.0,0.296,4.79
1325,70.652,26,12,39,0.795,0.0,0.355,6.22
1326,90.1,28,10,41,0.951,1.0,0.256,6.11
1327,87.49,27,10,42,0.881,0.0,0.297,8.74
1328,70.585,25,11,36,0.833,0.833,0.267,5.89
1329,37.465,25,17,48,0.917,0.714,0.341,7.33
1330,125.837,30,5,36,0.861,0.0,0.29,5.82
1331,53.994,23,12,38,0.895,1.0,0.324,6.63
1332,73.766,25,10,40,0.9,1.0,0.25,7.62
1333,56.89,25,14,41,0.878,1.0,0.278,6.37
1334,33.071,27,19,49,0.898,0.667,0.341,6.77
1335,-76.652,18,32,54,0.944,0.889,0.255,6.69
1336,39.375,28,20,49,0.796,0.867,0.308,8.64
1337,-13.444,17,20,39,0.923,1.0,0.361,8.23
1338,-51.128,16,26,45,0.911,0.929,0.244,10.29
1339,56.973,23,12,39,0.846,1.0,0.303,6.77
1340,54.371,23,12,36,0.917,0.0,0.242,5.95
1341,68.164,19,6,25,0.88,0.0,0.273,4.93
1342,121.177,30,6,36,0.889,0.0,0.281,5.3
1343,67.877,27,14,43,0.86,1.0,0.324,8.99
1344,89.649,33,15,49,0.959,1.0,0.319,7.6
1345,11.555,21,18,45,0.956,0.875,0.279,7.93
1346,-0.645,22,22,47,0.894,0.9,0.286,7.19
1347,78.975,28,12,46,0.913,1.0,0.333,5.53
1348,37.544,23,15,40,0.875,1.0,0.257,6.06
1349,-59.021,13,24,43,0.953,1.0,0.22,8.41
1350,59.032,30,18,50,0.96,1.0,0.271,7.2
1351,79.952,25,9,36,0.889,1.0,0.25,4.99
1352,80.179,23,7,36,0.889,1.0,0.281,5.02
1353,59.893,26,14,41,0.951,1.0,0.359,8.2
1354,97.063,30,11,41,0.927,1.0,0.263,4.26
1355,24.941,22,17,48,0.896,0.875,0.326,7.97
1356,-35.943,16,23,45,0.867,1.0,0.359,9.11
1357,54.921,22,11,35,0.971,1.0,0.294,6.78
1358,85.673,24,7,32,0.906,1.0,0.414,4.22
1359,144.364,37,8,45,0.778,0.0,0.257,3.98
1360,43.579,22,13,35,0.943,0.0,0.455,5.97
1361,68.276,25,12,37,0.865,0.0,0.312,5.23
1362,-1.611,22,22,48,0.917,1.0,0.318,6.9
1363,-19.662,16,20,38,0.921,1.0,0.314,8.42
1364,58.33,22,11,36,0.861,1.0,0.323,5.98
1365,-122.607,14,38,57,0.912,0.846,0.327,11.61
1366,91.346,27,9,38,0.921,1.0,0.229,6.68
1367,-26.309,21,26,47,0.915,1.0,0.256,8.33
1368,59.707,25,13,39,0.923,1.0,0.306,5.97
1369,0.014,22,22,46,0.826,0.8,0.237,7.31
1370,-48.196,18,27,48,0.917,0.889,0.273,10.12
1371,-20.178,25,28,54,0.87,0.947,0.319,6.76
1372,3.97,23,21,47,0.894,0.875,0.262,7.36
1373,-96.481,14,33,51,0.902,0.938,0.261,11.05
1374,-71.816,21,35,58,0.897,0.842,0.308,12.76
1375,19.138,20,16,36,0.917,0.75,0.333,7.74
1376,85.126,31,14,49,0.857,1.0,0.31,8.32
1377,53.059,27,16,44,0.932,1.0,0.22,6.45
1378,-0.071,19,19,40,0.875,1.0,0.314,7.87
1379,93.005,27,9,37,0.811,0.5,0.367,4.63
1380,56.565,24,13,39,0.872,1.0,0.294,7.52
1381,68.819,29,15,49,0.939,1.0,0.239,6.49
1382,-20.398,16,20,36,0.861,0.833,0.258,8.83
1383,-13.526,15,18,37,0.892,0.75,0.303,9.23
1384,69.366,25,11,36,0.833,0.5,0.3,5.25
1385,-70.694,6,20,30,0.9,0.0,0.259,8.19
1386,31.267,24,17,45,0.911,1.0,0.293,8.08
1387,80.133,30,14,45,0.911,0.833,0.341,6.24
1388,46.897,25,15,40,0.8,0.0,0.25,4.34
1389,91.482,29,11,44,0.886,0.75,0.282,5.93
1390,53.844,26,15,42,0.905,1.0,0.289,5.97
1391,-1.288,18,18,40,0.825,0.857,0.242,7.41
1392,6.682,23,21,44,0.818,0.944,0.306,7.52
1393,13.56,20,17,41,0.805,1.0,0.273,8.55
1394,80.989,22,6,30,0.933,1.0,0.321,5.96
1395,53.411,27,16,52,0.942,1.0,0.429,9.52
1396,129.702,32,6,40,0.85,1.0,0.294,4.87
1397,43.636,28,19,50,0.9,1.0,0.356,7.56
1398,58.953,23,11,38,0.921,0.0,0.286,6.84
1399,56.556,25,13,38,0.763,1.0,0.345,4.99
1400,44.567,25,16,43,0.907,0.0,0.256,5.57
1401,49.393,25,15,40,0.875,1.0,0.343,5.92
1402,5.33,23,21,44,0.795,0.75,0.314,7.67
1403,-104.307,10,30,45,0.911,1.0,0.244,12.5
1404,32.874,23,16,42,0.857,1.0,0.306,6.69
1405,76.574,31,16,53,0.83,0.857,0.273,9.16
1406,-51.072,15,25,44,0.886,0.923,0.333,13.11
1407,69.333,29,15,47,0.915,1.0,0.279,8.21
1408,89.618,25,7,33,0.909,0.0,0.233,5.3
1409,65.161,25,12,40,0.95,1.0,0.289,8.37
1410,0.812,18,18,40,0.9,1.0,0.306,6.98
1411,100.577,28,8,42,1.0,1.0,0.262,7.63
1412,45.324,27,18,47,0.915,1.0,0.349,7.42
1413,91.46,29,10,41,0.878,1.0,0.222,7.22
1414,-132.649,12,38,52,0.923,1.0,0.271,12.51
1415,74.274,25,10,40,0.825,0.75,0.242,7.59
1416,36.808,23,16,42,0.905,1.0,0.342,8.7
1417,45.258,24,15,41,0.902,0.667,0.297,5.93
1418,56.971,25,14,42,0.905,1.0,0.237,8.02
1419,-76.601,13,28,48,0.833,0.846,0.4,12.38
1420,-63.196,11,23,39,0.821,1.0,0.25,8.55
1421,77.464,19,4,24,0.75,0.5,0.278,4.77
1422,57.967,27,15,49,0.816,0.667,0.25,8.03
1423,-63.228,19,31,53,0.83,0.875,0.318,11.77
1424,-2.471,22,22,46,0.891,0.909,0.317,11.52
1425,51.108,28,17,52,0.769,1.0,0.25,5.94
1426,-16.239,19,22,44,0.864,0.889,0.289,11.39
1427,68.659,26,12,41,0.927,1.0,0.421,6.15
1428,110.182,27,6,33,0.879,0.0,0.31,4.4
1429,36.209,23,15,43,0.837,0.667,0.25,8.03
1430,119.838,33,9,45,0.867,1.0,0.282,6.05
1431,78.109,26,11,39,0.872,1.0,0.235,8.96
1432,54.2,27,16,44,0.864,0.833,0.263,6.21
1433,26.19,23,18,41,0.878,0.875,0.278,6.78
1434,-21.873,20,24,45,0.889,1.0,0.225,9.5
1435,67.849,26,13,42,0.929,1.0,0.256,7.25
1436,12.381,22,19,46,0.957,1.0,0.341,9.82
1437,100.038,29,9,41,0.854,0.875,0.286,5.57
1438,14.04,22,19,42,0.857,1.0,0.333,7.25
1439,-34.976,17,24,43,0.93,1.0,0.425,11.82
1440,50.866,28,17,46,0.913,1.0,0.238,7.06
1441,3.571,26,24,56,0.893,1.0,0.28,7.5
1442,97.986,30,10,40,0.95,0.0,0.289,4.65
1443,4.384,22,20,50,0.86,0.75,0.279,6.91
1444,86.8,36,18,56,0.786,1.0,0.341,8.82
1445,64.745,26,13,39,0.897,0.8,0.343,4.56
1446,-19.277,17,21,43,0.884,0.875,0.368,12.26
1447,43.777,24,15,39,0.923,1.0,0.306,7.17
1448,5.875,25,24,50,0.86,0.778,0.233,7.23
1449,12.655,25,22,48,0.875,0.667,0.262,7.69
1450,45.926,24,15,47,0.915,0.0,0.279,7.56
1451,0.582,21,21,50,0.92,1.0,0.261,12.15
1452,29.955,23,17,41,0.902,1.0,0.243,8.08
1453,48.621,27,17,49,0.796,0.818,0.256,7.84
1454,-68.712,13,26,42,0.929,1.0,0.308,10.37
1455,80.02,22,6,28,0.786,0.0,0.364,4.98
1456,10.035,25,23,48,0.938,0.929,0.244,10.32
1457,-44.895,14,23,38,0.842,0.833,0.25,6.32
1458,47.191,23,14,37,0.892,1.0,0.333,7.35
1459,49.453,22,12,37,0.973,1.0,0.333,7.53
1460,14.166,20,17,42,0.881,1.0,0.351,7.44
1461,84.971,29,12,43,0.86,0.8,0.297,5.79
1462,-5.975,19,20,41,0.829,0.8,0.412,6.64
1463,32.669,26,19,45,0.933,0.933,0.238,11.69
1464,89.701,27,10,40,0.9,1.0,0.306,7.74
1465,22.044,15,11,27,0.926,1.0,0.24,6.56
1466,54.383,27,16,45,0.844,0.875,0.316,7.59
1467,-5.972,21,22,44,0.932,1.0,0.268,7.42
1468,60.549,24,12,41,0.927,1.0,0.316,8.54
1469,57.141,21,10,31,0.806,0.0,0.36,6.38
1470,15.481,17,14,32,0.75,0.667,0.333,6.45
1471,-5.987,23,24,52,0.885,0.938,0.283,7.0
1472,94.909,31,12,44,0.75,1.0,0.364,6.07
1473,-82.303,12,28,42,0.905,1.0,0.289,10.43
1474,-96.083,11,30,47,0.766,0.833,0.333,10.44
1475,26.033,17,12,30,0.9,1.0,0.259,7.31
1476,-10.121,16,18,34,0.941,1.0,0.344,6.82
1477,76.934,32,16,52,0.885,1.0,0.348,5.21
1478,41.007,27,18,50,0.86,1.0,0.233,7.68
1479,56.049,22,11,37,0.919,1.0,0.324,5.78
1480,26.922,26,21,50,0.9,1.0,0.289,6.43
1481,80.638,26,10,43,0.977,1.0,0.333,7.89
1482,50.252,22,12,38,0.842,0.857,0.344,8.19
1483,41.508,20,12,34,0.912,1.0,0.29,7.18
1484,57.272,25,13,41,0.805,0.75,0.333,6.59
1485,76.966,27,12,44,0.818,1.0,0.306,8.25
1486,18.319,20,16,40,0.925,0.75,0.351,8.47
1487,54.863,27,16,45,0.867,0.917,0.359,10.14
1488,56.899,26,15,44,0.955,1.0,0.286,7.04
1489,-13.927,22,24,53,0.887,0.75,0.298,10.13
1490,82.496,25,9,36,1.0,1.0,0.306,7.09
1491,29.796,22,16,44,0.795,0.667,0.371,7.47
1492,60.475,27,15,44,0.909,1.0,0.25,8.92
1493,5.205,22,20,48,0.875,1.0,0.286,7.24
1494,41.215,21,13,34,0.941,1.0,0.375,5.56
1495,63.428,32,19,53,0.887,0.8,0.426,7.67
1496,129.946,34,8,42,0.81,1.0,0.265,5.24
1497,56.673,34,22,58,0.862,1.0,0.44,10.48
1498,30.155,23,17,46,0.913,0.818,0.238,4.88
1499,36.099,28,21,53,0.887,0.909,0.34,11.44
1500,-11.88,23,25,50,0.92,0.923,0.261,7.56
