model_seed,mode,episodes,reward,success,arrived,success_rate
1,none,20,55.928974548480994,24.55,40.25,0.6099378881987577
1,fixed1,20,33.18127110661143,22.25,40.25,0.5527950310559007
1,fixed2,20,18.585783285124794,20.7,40.25,0.5142857142857142
1,fixed3,20,16.06491284833607,20.4,40.25,0.506832298136646
1,unfixed1-3,20,18.368698505243167,20.65,40.25,0.5130434782608696
1,frozen,20,-25.68653591035643,15.95,40.25,0.39627329192546584
2,none,20,51.83300546501382,24.55,40.25,0.6099378881987577
2,fixed1,20,38.0768326066491,23.0,40.25,0.5714285714285714
2,fixed2,20,26.344329140080742,21.75,40.25,0.5403726708074534
2,fixed3,20,22.41676840181649,21.5,40.25,0.5341614906832298
2,unfixed1-3,20,25.371378952162186,21.8,40.25,0.5416149068322982
2,frozen,20,-15.592238489371898,17.3,40.25,0.4298136645962733
3,none,20,46.16168851910481,23.75,40.25,0.5900621118012422
3,fixed1,20,38.26755879427442,22.8,40.25,0.5664596273291925
3,fixed2,20,24.345169603350257,21.4,40.25,0.5316770186335403
3,fixed3,20,24.34166058730265,21.35,40.25,0.5304347826086957
3,unfixed1-3,20,32.2201087315171,22.25,40.25,0.5527950310559007
3,frozen,20,-13.7378442919324,17.3,40.25,0.4298136645962733
4,none,20,30.797121127942585,22.25,40.25,0.5527950310559007
4,fixed1,20,14.446508509911173,20.4,40.25,0.506832298136646
4,fixed2,20,1.2969113254599616,18.9,40.25,0.46956521739130436
4,fixed3,20,5.391609300031895,19.3,40.25,0.4795031055900621
4,unfixed1-3,20,7.193146254202228,19.85,40.25,0.493167701863354
4,frozen,20,-18.407975054267173,16.9,40.25,0.41987577639751555
5,none,20,51.4983189990984,24.4,40.25,0.6062111801242236
5,fixed1,20,31.03256001295202,22.25,40.25,0.5527950310559007
5,fixed2,20,24.462850690581586,21.5,40.25,0.5341614906832298
5,fixed3,20,19.259895069818164,20.9,40.25,0.5192546583850932
5,unfixed1-3,20,21.593505127886576,21.25,40.25,0.5279503105590062
5,frozen,20,-14.274736627338507,17.15,40.25,0.4260869565217391
6,none,20,50.791744272443886,23.9,40.25,0.5937888198757764
6,fixed1,20,42.74674427268313,23.1,40.25,0.5739130434782609
6,fixed2,20,37.301578751269865,22.5,40.25,0.5590062111801242
6,fixed3,20,31.98012632059926,21.95,40.25,0.5453416149068323
6,unfixed1-3,20,30.773082877553513,22.0,40.25,0.546583850931677
6,frozen,20,-6.958046791658264,17.8,40.25,0.4422360248447205
7,none,20,30.352424098384926,22.05,40.25,0.5478260869565217
7,fixed1,20,28.5259059258505,21.7,40.25,0.5391304347826087
7,fixed2,20,21.774267527701095,20.95,40.25,0.5204968944099378
7,fixed3,20,4.609043746974563,19.25,40.25,0.4782608695652174
7,unfixed1-3,20,15.155230244600597,20.5,40.25,0.5093167701863354
7,frozen,20,-14.233026926179457,17.5,40.25,0.43478260869565216
8,none,20,43.04448497628143,23.25,40.25,0.577639751552795
8,fixed1,20,21.410949814394428,20.95,40.25,0.5204968944099378
8,fixed2,20,16.003534902012387,20.4,40.25,0.506832298136646
8,fixed3,20,12.955034363191354,20.2,40.25,0.5018633540372671
8,unfixed1-3,20,11.266337616302991,19.85,40.25,0.493167701863354
8,frozen,20,-46.80301533025323,13.8,40.25,0.34285714285714286
9,none,20,31.257327288238173,22.1,40.25,0.5490683229813664
9,fixed1,20,16.8214560779384,20.55,40.25,0.5105590062111801
9,fixed2,20,14.527245180576667,20.2,40.25,0.5018633540372671
9,fixed3,20,5.0532496587400315,19.15,40.25,0.47577639751552797
9,unfixed1-3,20,14.555961969364805,20.4,40.25,0.506832298136646
9,frozen,20,-27.46452799298272,15.85,40.25,0.3937888198757764
10,none,20,63.43356147877695,25.5,40.25,0.6335403726708074
10,fixed1,20,51.30082023521051,24.45,40.25,0.6074534161490683
10,fixed2,20,40.12208189309047,22.9,40.25,0.568944099378882
10,fixed3,20,34.18733400068841,22.4,40.25,0.5565217391304348
10,unfixed1-3,20,42.80944126464577,23.5,40.25,0.5838509316770186
10,frozen,20,-6.292191466325576,18.3,40.25,0.4546583850931677
